field,date,pixels,VV_db,VH_db,ratio_db,RVI
g0000,2025-09-04,38,-7.822,-12.598,-4.776,0.9992
g0000,2025-09-16,38,-6.614,-11.612,-4.998,0.9613
g0000,2025-09-28,38,-8.593,-11.823,-3.23,1.2888
g0000,2025-10-10,38,-7.635,-12.178,-4.544,1.0398
g0000,2025-10-22,38,-7.609,-12.569,-4.96,0.9677
g0000,2025-11-03,38,-8.375,-12.423,-4.048,1.13
g0000,2025-11-15,38,-8.001,-13.563,-5.561,0.8699
g0000,2025-11-27,38,-6.973,-13.488,-6.516,0.7295
g0000,2025-12-09,38,-8.834,-14.75,-5.916,0.8155
g0000,2025-12-21,38,-7.297,-12.904,-5.607,0.8627
g0000,2026-01-02,38,-7.749,-12.222,-4.473,1.0523
g0000,2026-01-14,38,-8.606,-13.359,-4.752,1.0032
g0000,2026-01-26,38,-7.959,-13.74,-5.781,0.8358
g0000,2026-02-19,38,-9.243,-12.803,-3.56,1.2232
g0000,2026-03-03,38,-8.985,-14.208,-5.224,0.9239
g0000,2026-03-15,38,-7.526,-13.066,-5.54,0.8732
g0000,2026-03-27,38,-7.246,-11.818,-4.572,1.0348
g0000,2026-04-08,38,-7.342,-12.511,-5.168,0.933
g0000,2026-04-20,38,-7.219,-13.455,-6.236,0.7688
g0000,2026-05-02,38,-5.774,-13.995,-8.222,0.5236
g0000,2026-05-14,38,-6.508,-12.928,-6.42,0.7428
g0000,2026-05-26,38,-8.053,-12.824,-4.772,0.9999
g0000,2026-06-07,38,-7.487,-12.51,-5.022,0.9573
g0000,2026-06-19,38,-7.779,-11.961,-4.182,1.1051
g0000,2026-06-26,38,-7.06,-12.548,-5.488,0.8814
g0000,2026-07-08,38,-6.917,-12.711,-5.795,0.8338
g0000,2026-07-20,38,-7.43,-13.231,-5.802,0.8327
g0000,2026-08-01,38,-6.527,-13.536,-7.009,0.6642
g0000,2026-08-13,38,-6.636,-11.448,-4.813,0.9929
g0000,2026-08-25,38,-7.594,-12.543,-4.949,0.9696
g0000,2026-09-18,38,-7.601,-11.422,-3.821,1.1729
g0000,2026-09-30,38,-6.644,-13.286,-6.642,0.7124
g0001,2025-09-04,12,-7.321,-13.902,-6.581,0.7206
g0001,2025-09-16,12,-9.449,-17.286,-7.837,0.5652
g0001,2025-09-28,12,-11.636,-17.655,-6.02,0.8001
g0001,2025-10-10,12,-7.349,-12.399,-5.05,0.9526
g0001,2025-10-22,12,-5.763,-13.13,-7.367,0.6198
g0001,2025-11-03,12,-8.529,-14.726,-6.197,0.7743
g0001,2025-11-15,12,-8.66,-16.545,-7.886,0.5598
g0001,2025-11-27,12,-6.903,-16.174,-9.271,0.4231
g0001,2025-12-09,12,-9.911,-18.38,-8.469,0.4982
g0001,2025-12-21,12,-9.158,-15.946,-6.788,0.6929
g0001,2026-01-02,12,-7.769,-14.384,-6.615,0.716
g0001,2026-01-14,12,-10.185,-15.659,-5.474,0.8836
g0001,2026-01-26,12,-9.06,-13.629,-4.569,1.0353
g0001,2026-02-19,12,-11.736,-16.833,-5.098,0.9447
g0001,2026-03-03,12,-10.582,-12.316,-1.734,1.606
g0001,2026-03-15,12,-10.251,-16.755,-6.504,0.7312
g0001,2026-03-27,12,-10.178,-15.011,-4.833,0.9894
g0001,2026-04-08,12,-7.406,-11.284,-3.878,1.162
g0001,2026-04-20,12,-10.145,-16.54,-6.395,0.7463
g0001,2026-05-02,12,-11.638,-19.422,-7.784,0.5712
g0001,2026-05-14,12,-11.085,-17.872,-6.787,0.693
g0001,2026-05-26,12,-11.939,-16.93,-4.992,0.9624
g0001,2026-06-07,12,-8.457,-15.11,-6.652,0.711
g0001,2026-06-19,12,-6.563,-12.23,-5.667,0.8534
g0001,2026-06-26,12,-7.575,-12.638,-5.064,0.9504
g0001,2026-07-08,12,-7.346,-15.621,-8.275,0.518
g0001,2026-07-20,12,-9.523,-17.875,-8.352,0.5101
g0001,2026-08-01,12,-8.771,-17.166,-8.395,0.5057
g0001,2026-08-13,12,-5.822,-18.317,-12.496,0.2132
g0001,2026-08-25,12,-8.768,-14.454,-5.686,0.8504
g0001,2026-09-18,12,-8.871,-15.693,-6.822,0.6884
g0001,2026-09-30,12,-8.815,-12.682,-3.867,1.1642
g0002,2025-09-04,60,-7.439,-12.22,-4.781,0.9983
g0002,2025-09-16,60,-8.372,-16.073,-7.7,0.5806
g0002,2025-09-28,60,-9.346,-18.084,-8.738,0.4718
g0002,2025-10-10,60,-5.426,-15.034,-9.608,0.3946
g0002,2025-10-22,60,-8.202,-14.933,-6.731,0.7004
g0002,2025-11-03,60,-7.598,-15.641,-8.043,0.5426
g0002,2025-11-15,60,-8.413,-15.088,-6.675,0.7079
g0002,2025-11-27,60,-9.232,-15.663,-6.431,0.7413
g0002,2025-12-09,60,-8.943,-15.592,-6.649,0.7115
g0002,2025-12-21,60,-10.881,-17.51,-6.63,0.714
g0002,2026-01-02,60,-9.861,-17.721,-7.86,0.5626
g0002,2026-01-14,60,-10.283,-18.177,-7.894,0.5589
g0002,2026-01-26,60,-9.353,-16.949,-7.596,0.5927
g0002,2026-02-19,60,-10.232,-15.332,-5.1,0.9443
g0002,2026-03-03,60,-10.718,-15.695,-4.978,0.9648
g0002,2026-03-15,60,-12.878,-15.974,-3.096,1.3159
g0002,2026-03-27,60,-10.32,-15.959,-5.639,0.8576
g0002,2026-04-08,60,-9.3,-13.869,-4.569,1.0354
g0002,2026-04-20,60,-8.983,-15.304,-6.321,0.7567
g0002,2026-05-02,60,-11.043,-18.752,-7.709,0.5797
g0002,2026-05-14,60,-12.626,-18.908,-6.282,0.7621
g0002,2026-05-26,60,-9.753,-17.899,-8.146,0.5315
g0002,2026-06-07,60,-9.813,-17.929,-8.116,0.5348
g0002,2026-06-19,60,-9.123,-14.523,-5.4,0.8954
g0002,2026-06-26,60,-8.517,-12.731,-4.215,1.0992
g0002,2026-07-08,60,-8.434,-15.44,-7.006,0.6646
g0002,2026-07-20,60,-9.701,-15.105,-5.404,0.8947
g0002,2026-08-01,60,-9.509,-13.123,-3.613,1.2129
g0002,2026-08-13,60,-7.645,-12.307,-4.662,1.019
g0002,2026-08-25,60,-8.039,-14.988,-6.948,0.672
g0002,2026-09-18,60,-7.623,-14.115,-6.492,0.7328
g0002,2026-09-30,60,-5.771,-19.62,-13.849,0.1584
g0003,2025-09-04,8,-6.48,-12.387,-5.907,0.8168
g0003,2025-09-16,8,-5.731,-13.716,-7.985,0.5489
g0003,2025-09-28,8,-7.752,-14.509,-6.757,0.697
g0003,2025-10-10,8,-6.518,-15.226,-8.708,0.4747
g0003,2025-10-22,8,-8.029,-15.914,-7.885,0.5598
g0003,2025-11-03,8,-9.138,-17.53,-8.392,0.506
g0003,2025-11-15,8,-7.992,-15.356,-7.364,0.6202
g0003,2025-11-27,8,-9.203,-15.677,-6.474,0.7352
g0003,2025-12-09,8,-9.112,-13.88,-4.768,1.0006
g0003,2025-12-21,8,-9.278,-16.118,-6.84,0.6861
g0003,2026-01-02,8,-9.922,-15.032,-5.109,0.9427
g0003,2026-01-14,8,-9.05,-16.047,-6.997,0.6657
g0003,2026-01-26,8,-6.252,-15.705,-9.453,0.4075
g0003,2026-02-19,8,-9.863,-17.415,-7.552,0.5978
g0003,2026-03-03,8,-8.789,-18.425,-9.635,0.3924
g0003,2026-03-15,8,-7.878,-16.635,-8.758,0.4699
g0003,2026-03-27,8,-9.055,-14.45,-5.395,0.8961
g0003,2026-04-08,8,-8.186,-13.349,-5.163,0.9338
g0003,2026-04-20,8,-10.652,-16.247,-5.595,0.8646
g0003,2026-05-02,8,-9.282,-16.887,-7.605,0.5917
g0003,2026-05-14,8,-8.404,-17.59,-9.186,0.4305
g0003,2026-05-26,8,-8.43,-16.155,-7.725,0.5779
g0003,2026-06-07,8,-8.853,-16.434,-7.581,0.5945
g0003,2026-06-19,8,-8.227,-11.349,-3.122,1.3105
g0003,2026-06-26,8,-7.75,-14.42,-6.67,0.7086
g0003,2026-07-08,8,-9.902,-16.129,-6.227,0.77
g0003,2026-07-20,8,-8.063,-16.049,-7.985,0.5488
g0003,2026-08-01,8,-9.981,-15.491,-5.511,0.8778
g0003,2026-08-13,8,-8.646,-14.149,-5.504,0.8789
g0003,2026-08-25,8,-8.535,-16.276,-7.741,0.5761
g0003,2026-09-18,8,-7.405,-12.479,-5.074,0.9486
g0003,2026-09-30,8,-10.193,-15.219,-5.026,0.9566
g0004,2025-09-04,9,-11.778,-16.387,-4.609,1.0283
g0004,2025-09-16,9,-10.183,-19.697,-9.514,0.4024
g0004,2025-09-28,9,-10.815,-18.683,-7.869,0.5617
g0004,2025-10-10,9,-6.386,-14.585,-8.199,0.5259
g0004,2025-10-22,9,-5.722,-14.274,-8.552,0.4899
g0004,2025-11-03,9,-8.531,-13.488,-4.958,0.9682
g0004,2025-11-15,9,-6.339,-14.036,-7.697,0.581
g0004,2025-11-27,9,-5.656,-12.989,-7.332,0.624
g0004,2025-12-09,9,-6.22,-14.755,-8.536,0.4915
g0004,2025-12-21,9,-8.736,-14.149,-5.412,0.8934
g0004,2026-01-02,9,-8.714,-16.006,-7.292,0.6289
g0004,2026-01-14,9,-12.575,-18.47,-5.895,0.8187
g0004,2026-01-26,9,-8.647,-18.453,-9.806,0.3787
g0004,2026-02-19,9,-9.988,-18.415,-8.427,0.5024
g0004,2026-03-03,9,-8.985,-15.733,-6.748,0.6981
g0004,2026-03-15,9,-10.151,-19.825,-9.674,0.3892
g0004,2026-03-27,9,-8.445,-13.091,-4.646,1.0218
g0004,2026-04-08,9,-5.971,-12.703,-6.732,0.7003
g0004,2026-04-20,9,-7.462,-14.45,-6.989,0.6668
g0004,2026-05-02,9,-7.345,-16.53,-9.184,0.4307
g0004,2026-05-14,9,-6.806,-13.708,-6.902,0.6779
g0004,2026-05-26,9,-7.389,-15.242,-7.853,0.5634
g0004,2026-06-07,9,-10.227,-14.067,-3.84,1.1692
g0004,2026-06-19,9,-4.175,-15.556,-11.381,0.2713
g0004,2026-06-26,9,-7.443,-18.814,-11.371,0.2719
g0004,2026-07-08,9,-8.406,-15.223,-6.817,0.689
g0004,2026-07-20,9,-7.695,-14.42,-6.725,0.7012
g0004,2026-08-01,9,-7.635,-13.257,-5.622,0.8603
g0004,2026-08-13,9,-9.939,-14.606,-4.667,1.0181
g0004,2026-08-25,9,-9.304,-15.199,-5.895,0.8187
g0004,2026-09-18,9,-6.118,-15.76,-9.642,0.3918
g0004,2026-09-30,9,-9.557,-12.615,-3.058,1.3235
g0005,2025-09-04,13,-8.206,-13.48,-5.274,0.9157
g0005,2025-09-16,13,-10.816,-16.876,-6.06,0.7942
g0005,2025-09-28,13,-10.244,-17.957,-7.713,0.5792
g0005,2025-10-10,13,-6.636,-16.432,-9.796,0.3795
g0005,2025-10-22,13,-7.852,-19.562,-11.71,0.2528
g0005,2025-11-03,13,-9.19,-21.859,-12.67,0.2052
g0005,2025-11-15,13,-10.424,-20.166,-9.742,0.3837
g0005,2025-11-27,13,-7.816,-17.089,-9.273,0.4229
g0005,2025-12-09,13,-10.827,-19.434,-8.607,0.4845
g0005,2025-12-21,13,-11.158,-18.058,-6.9,0.6783
g0005,2026-01-02,13,-11.872,-19.174,-7.301,0.6277
g0005,2026-01-14,13,-12.071,-19.112,-7.041,0.6602
g0005,2026-01-26,13,-7.427,-17.397,-9.971,0.3659
g0005,2026-02-19,13,-11.884,-17.538,-5.654,0.8553
g0005,2026-03-03,13,-11.713,-14.503,-2.789,1.3789
g0005,2026-03-15,13,-12.26,-17.676,-5.415,0.893
g0005,2026-03-27,13,-10.669,-16.754,-6.085,0.7905
g0005,2026-04-08,13,-8.198,-13.406,-5.207,0.9266
g0005,2026-04-20,13,-10.445,-16.262,-5.817,0.8304
g0005,2026-05-02,13,-9.557,-18.411,-8.854,0.4608
g0005,2026-05-14,13,-12.217,-18.634,-6.417,0.7432
g0005,2026-05-26,13,-10.746,-19.371,-8.625,0.4828
g0005,2026-06-07,13,-12.257,-19.114,-6.857,0.6838
g0005,2026-06-19,13,-8.837,-15.412,-6.575,0.7215
g0005,2026-06-26,13,-11.152,-20.395,-9.243,0.4255
g0005,2026-07-08,13,-10.532,-21.719,-11.187,0.2828
g0005,2026-07-20,13,-12.901,-20.887,-7.987,0.5487
g0005,2026-08-01,13,-10.218,-18.263,-8.045,0.5424
g0005,2026-08-13,13,-6.24,-15.255,-9.015,0.4459
g0005,2026-08-25,13,-10.298,-17.498,-7.2,0.6402
g0005,2026-09-18,13,-5.73,-13.789,-8.06,0.5408
g0005,2026-09-30,13,-10.81,-19.928,-9.118,0.4365
g0006,2025-09-04,26,-7.63,-14.114,-6.484,0.7339
g0006,2025-09-16,26,-10.038,-13.545,-3.506,1.2338
g0006,2025-09-28,26,-12.286,-18.731,-6.445,0.7393
g0006,2025-10-10,26,-11.476,-19.133,-7.657,0.5856
g0006,2025-10-22,26,-11.184,-22.538,-11.354,0.2729
g0006,2025-11-03,26,-11.554,-18.576,-7.022,0.6626
g0006,2025-11-15,26,-9.845,-17.924,-8.079,0.5387
g0006,2025-11-27,26,-8.895,-15.194,-6.299,0.7598
g0006,2025-12-09,26,-12.941,-15.556,-2.616,1.4153
g0006,2025-12-21,26,-12.959,-17.375,-4.416,1.0625
g0006,2026-01-02,26,-9.726,-17.705,-7.978,0.5496
g0006,2026-01-14,26,-11.669,-15.893,-4.224,1.0974
g0006,2026-01-26,26,-9.185,-12.861,-3.677,1.2006
g0006,2026-02-19,26,-12.887,-17.761,-4.874,0.9823
g0006,2026-03-03,26,-13.222,-18.702,-5.48,0.8827
g0006,2026-03-15,26,-10.378,-15.299,-4.921,0.9743
g0006,2026-03-27,26,-11.304,-14.972,-3.668,1.2023
g0006,2026-04-08,26,-8.013,-13.251,-5.239,0.9214
g0006,2026-04-20,26,-12.833,-18.116,-5.283,0.9143
g0006,2026-05-02,26,-11.54,-20.451,-8.911,0.4555
g0006,2026-05-14,26,-9.508,-16.636,-7.128,0.6491
g0006,2026-05-26,26,-10.938,-18.143,-7.205,0.6396
g0006,2026-06-07,26,-10.41,-18.121,-7.712,0.5793
g0006,2026-06-19,26,-7.731,-15.828,-8.097,0.5368
g0006,2026-06-26,26,-12.249,-21.135,-8.886,0.4578
g0006,2026-07-08,26,-15.875,-21.626,-5.752,0.8404
g0006,2026-07-20,26,-10.16,-18.787,-8.628,0.4825
g0006,2026-08-01,26,-7.504,-16.65,-9.146,0.4341
g0006,2026-08-13,26,-9.192,-16.031,-6.839,0.6861
g0006,2026-08-25,26,-13.395,-18.527,-5.132,0.939
g0006,2026-09-18,26,-10.762,-12.643,-1.88,1.5737
g0006,2026-09-30,26,-9.838,-15.301,-5.463,0.8853
g0007,2025-09-04,25,-8.808,-12.317,-3.509,1.2333
g0007,2025-09-16,25,-6.807,-14.162,-7.354,0.6213
g0007,2025-09-28,25,-10.001,-15.609,-5.608,0.8626
g0007,2025-10-10,25,-6.705,-14.626,-7.921,0.5559
g0007,2025-10-22,25,-9.559,-18.303,-8.744,0.4712
g0007,2025-11-03,25,-10.28,-17.558,-7.278,0.6306
g0007,2025-11-15,25,-9.457,-18.401,-8.944,0.4524
g0007,2025-11-27,25,-10.385,-16.953,-6.567,0.7224
g0007,2025-12-09,25,-10.021,-17.351,-7.329,0.6243
g0007,2025-12-21,25,-9.222,-16.245,-7.023,0.6624
g0007,2026-01-02,25,-9.345,-15.982,-6.637,0.7131
g0007,2026-01-14,25,-10.266,-14.998,-4.732,1.0067
g0007,2026-01-26,25,-8.94,-15.433,-6.494,0.7326
g0007,2026-02-19,25,-8.882,-17.825,-8.943,0.4525
g0007,2026-03-03,25,-12.236,-16.659,-4.423,1.0612
g0007,2026-03-15,25,-8.848,-14.25,-5.402,0.895
g0007,2026-03-27,25,-9.733,-14.935,-5.202,0.9275
g0007,2026-04-08,25,-6.3,-12.751,-6.45,0.7386
g0007,2026-04-20,25,-9.481,-14.169,-4.687,1.0145
g0007,2026-05-02,25,-11.939,-20.238,-8.298,0.5156
g0007,2026-05-14,25,-11.292,-17.8,-6.507,0.7307
g0007,2026-05-26,25,-10.915,-19.728,-8.813,0.4647
g0007,2026-06-07,25,-12.674,-19.545,-6.872,0.6819
g0007,2026-06-19,25,-5.698,-15.272,-9.573,0.3974
g0007,2026-06-26,25,-12.477,-20.713,-8.236,0.522
g0007,2026-07-08,25,-9.963,-14.76,-4.797,0.9956
g0007,2026-07-20,25,-8.138,-14.908,-6.77,0.6953
g0007,2026-08-01,25,-8.026,-14.453,-6.427,0.7418
g0007,2026-08-13,25,-7.766,-13.72,-5.954,0.8098
g0007,2026-08-25,25,-10.736,-18.473,-7.738,0.5764
g0007,2026-09-18,25,-7.564,-12.923,-5.358,0.9021
g0007,2026-09-30,25,-8.34,-14.962,-6.622,0.715
g0008,2025-09-04,47,-9.388,-15.471,-6.083,0.7909
g0008,2025-09-16,47,-11.918,-15.78,-3.863,1.1649
g0008,2025-09-28,47,-10.946,-18.653,-7.707,0.5799
g0008,2025-10-10,47,-9.721,-15.817,-6.095,0.789
g0008,2025-10-22,47,-11.028,-17.107,-6.078,0.7915
g0008,2025-11-03,47,-11.084,-17.983,-6.899,0.6783
g0008,2025-11-15,47,-11.255,-19.35,-8.094,0.537
g0008,2025-11-27,47,-11.669,-18.554,-6.885,0.6802
g0008,2025-12-09,47,-10.886,-17.61,-6.725,0.7013
g0008,2025-12-21,47,-11.586,-17.441,-5.855,0.8247
g0008,2026-01-02,47,-11.899,-18.169,-6.27,0.7639
g0008,2026-01-14,47,-11.68,-18.858,-7.178,0.6429
g0008,2026-01-26,47,-10.891,-16.891,-5.999,0.8032
g0008,2026-02-19,47,-12.972,-16.927,-3.955,1.1474
g0008,2026-03-03,47,-10.979,-17.16,-6.181,0.7766
g0008,2026-03-15,47,-10.464,-17.409,-6.945,0.6724
g0008,2026-03-27,47,-9.66,-16.117,-6.456,0.7377
g0008,2026-04-08,47,-9.753,-15.63,-5.877,0.8214
g0008,2026-04-20,47,-11.431,-16.63,-5.199,0.928
g0008,2026-05-02,47,-12.463,-16.899,-4.435,1.0591
g0008,2026-05-14,47,-11.854,-17.558,-5.704,0.8477
g0008,2026-05-26,47,-11.857,-16.181,-4.325,1.0791
g0008,2026-06-07,47,-11.206,-17.473,-6.267,0.7642
g0008,2026-06-19,47,-9.983,-16.98,-6.997,0.6657
g0008,2026-06-26,47,-12.178,-17.194,-5.016,0.9584
g0008,2026-07-08,47,-12.106,-18.193,-6.087,0.7903
g0008,2026-07-20,47,-10.537,-18.727,-8.19,0.5269
g0008,2026-08-01,47,-11.631,-15.535,-3.904,1.1571
g0008,2026-08-13,47,-9.892,-15.525,-5.633,0.8586
g0008,2026-08-25,47,-10.69,-16.077,-5.387,0.8975
g0008,2026-09-18,47,-9.919,-16.912,-6.993,0.6663
g0008,2026-09-30,47,-12.0,-18.321,-6.32,0.7568
g0009,2025-09-04,6,-6.709,-9.254,-2.545,1.4302
g0009,2025-09-16,6,-8.686,-13.317,-4.631,1.0244
g0009,2025-09-28,6,-11.639,-16.83,-5.191,0.9292
g0009,2025-10-10,6,-9.061,-16.643,-7.582,0.5943
g0009,2025-10-22,6,-9.026,-18.273,-9.247,0.4251
g0009,2025-11-03,6,-9.442,-16.411,-6.969,0.6694
g0009,2025-11-15,6,-9.393,-17.222,-7.829,0.5661
g0009,2025-11-27,6,-7.658,-15.522,-7.864,0.5622
g0009,2025-12-09,6,-8.589,-18.301,-9.712,0.3862
g0009,2025-12-21,6,-12.391,-14.727,-2.336,1.4748
g0009,2026-01-02,6,-8.651,-16.599,-7.948,0.5529
g0009,2026-01-14,6,-10.684,-16.129,-5.446,0.8881
g0009,2026-01-26,6,-9.3,-15.051,-5.751,0.8404
g0009,2026-02-19,6,-12.706,-14.318,-1.611,1.6332
g0009,2026-03-03,6,-9.063,-15.128,-6.064,0.7936
g0009,2026-03-15,6,-7.495,-14.367,-6.871,0.682
g0009,2026-03-27,6,-8.585,-16.248,-7.663,0.5849
g0009,2026-04-08,6,-7.159,-15.032,-7.873,0.5612
g0009,2026-04-20,6,-9.306,-15.527,-6.221,0.7709
g0009,2026-05-02,6,-13.532,-17.131,-3.599,1.2157
g0009,2026-05-14,6,-9.56,-17.512,-7.952,0.5524
g0009,2026-05-26,6,-12.14,-17.235,-5.095,0.9451
g0009,2026-06-07,6,-12.114,-18.564,-6.45,0.7386
g0009,2026-06-19,6,-10.541,-16.721,-6.181,0.7767
g0009,2026-06-26,6,-11.284,-18.801,-7.517,0.6019
g0009,2026-07-08,6,-9.851,-16.519,-6.667,0.7089
g0009,2026-07-20,6,-11.919,-15.254,-3.335,1.2677
g0009,2026-08-01,6,-10.287,-15.296,-5.009,0.9595
g0009,2026-08-13,6,-7.731,-12.761,-5.03,0.9559
g0009,2026-08-25,6,-7.73,-14.151,-6.42,0.7427
g0009,2026-09-18,6,-9.754,-13.217,-3.462,1.2425
g0009,2026-09-30,6,-10.321,-13.762,-3.441,1.2467
g0100,2025-09-04,1296,-2.47,-10.807,-8.337,0.5116
g0100,2025-09-16,1296,-6.451,-13.004,-6.553,0.7244
g0100,2025-09-28,1296,-6.624,-13.064,-6.439,0.7401
g0100,2025-10-10,1296,-6.08,-12.861,-6.781,0.6937
g0100,2025-10-22,1296,-6.698,-13.308,-6.61,0.7166
g0100,2025-11-03,1296,-6.8,-13.07,-6.27,0.7639
g0100,2025-11-15,1296,-5.262,-13.074,-7.812,0.568
g0100,2025-11-27,1296,-6.325,-13.026,-6.702,0.7043
g0100,2025-12-09,1296,-6.805,-13.197,-6.392,0.7467
g0100,2025-12-21,1296,-6.423,-12.923,-6.5,0.7317
g0100,2026-01-02,1296,-5.885,-12.575,-6.69,0.7059
g0100,2026-01-14,1296,-6.625,-13.098,-6.473,0.7354
g0100,2026-01-26,1296,-5.623,-12.526,-6.903,0.6778
g0100,2026-02-19,1296,-6.063,-13.172,-7.109,0.6516
g0100,2026-03-03,1296,-6.687,-13.015,-6.328,0.7557
g0100,2026-03-15,1296,-6.236,-13.066,-6.829,0.6874
g0100,2026-03-27,1296,-5.577,-12.369,-6.793,0.6923
g0100,2026-04-08,1296,-4.619,-11.839,-7.22,0.6377
g0100,2026-04-20,1296,-6.726,-13.378,-6.653,0.7109
g0100,2026-05-02,1296,-6.376,-12.863,-6.488,0.7334
g0100,2026-05-14,1296,-6.49,-12.804,-6.314,0.7576
g0100,2026-05-26,1296,-6.848,-13.002,-6.154,0.7805
g0100,2026-06-07,1296,-6.423,-12.949,-6.525,0.7282
g0100,2026-06-19,1296,-6.124,-12.675,-6.551,0.7247
g0100,2026-06-26,1296,-6.973,-13.467,-6.493,0.7326
g0100,2026-07-08,1296,-7.307,-13.484,-6.177,0.7772
g0100,2026-07-20,1296,-6.676,-13.305,-6.629,0.7141
g0100,2026-08-01,1296,-6.353,-13.021,-6.667,0.7089
g0100,2026-08-13,1296,-6.123,-13.122,-6.999,0.6655
g0100,2026-08-25,1296,-6.741,-13.204,-6.462,0.7369
g0100,2026-09-18,1296,-6.015,-12.749,-6.734,0.7
g0100,2026-09-30,1296,-6.682,-13.458,-6.776,0.6944
g0101,2025-09-04,23,-7.795,-13.782,-5.987,0.805
g0101,2025-09-16,23,-9.837,-14.464,-4.627,1.025
g0101,2025-09-28,23,-9.371,-16.351,-6.98,0.6679
g0101,2025-10-10,23,-8.929,-15.062,-6.133,0.7835
g0101,2025-10-22,23,-10.107,-18.348,-8.242,0.5215
g0101,2025-11-03,23,-6.846,-17.058,-10.211,0.3479
g0101,2025-11-15,23,-9.133,-16.171,-7.038,0.6605
g0101,2025-11-27,23,-9.234,-16.622,-7.389,0.6172
g0101,2025-12-09,23,-8.899,-16.151,-7.252,0.6338
g0101,2025-12-21,23,-9.077,-15.696,-6.619,0.7155
g0101,2026-01-02,23,-11.012,-17.413,-6.401,0.7454
g0101,2026-01-14,23,-9.386,-16.884,-7.498,0.6041
g0101,2026-01-26,23,-9.904,-16.171,-6.267,0.7644
g0101,2026-02-19,23,-12.024,-16.303,-4.28,1.0873
g0101,2026-03-03,23,-10.547,-16.408,-5.861,0.8238
g0101,2026-03-15,23,-10.706,-14.372,-3.665,1.2028
g0101,2026-03-27,23,-10.435,-15.677,-5.241,0.921
g0101,2026-04-08,23,-8.685,-13.072,-4.387,1.0678
g0101,2026-04-20,23,-8.551,-14.564,-6.013,0.8011
g0101,2026-05-02,23,-10.936,-17.474,-6.539,0.7264
g0101,2026-05-14,23,-12.103,-18.95,-6.847,0.6851
g0101,2026-05-26,23,-11.51,-18.018,-6.508,0.7306
g0101,2026-06-07,23,-10.739,-17.226,-6.487,0.7334
g0101,2026-06-19,23,-5.752,-13.451,-7.7,0.5807
g0101,2026-06-26,23,-11.943,-17.662,-5.719,0.8454
g0101,2026-07-08,23,-10.811,-18.326,-7.515,0.6022
g0101,2026-07-20,23,-9.844,-17.205,-7.361,0.6205
g0101,2026-08-01,23,-6.933,-14.371,-7.438,0.6113
g0101,2026-08-13,23,-9.64,-14.923,-5.283,0.9142
g0101,2026-08-25,23,-9.127,-16.831,-7.704,0.5802
g0101,2026-09-18,23,-6.527,-15.566,-9.038,0.4438
g0101,2026-09-30,23,-8.033,-14.718,-6.686,0.7065
g0102,2025-09-04,24,-6.964,-13.647,-6.683,0.7069
g0102,2025-09-16,24,-7.508,-14.751,-7.243,0.6349
g0102,2025-09-28,24,-9.832,-17.266,-7.434,0.6117
g0102,2025-10-10,24,-7.391,-15.107,-7.716,0.5789
g0102,2025-10-22,24,-7.752,-16.271,-8.519,0.4932
g0102,2025-11-03,24,-9.694,-14.39,-4.696,1.013
g0102,2025-11-15,24,-9.886,-16.265,-6.379,0.7485
g0102,2025-11-27,24,-10.956,-19.408,-8.452,0.4999
g0102,2025-12-09,24,-11.893,-19.491,-7.598,0.5925
g0102,2025-12-21,24,-12.745,-17.769,-5.023,0.9571
g0102,2026-01-02,24,-9.795,-17.11,-7.315,0.6261
g0102,2026-01-14,24,-11.424,-17.182,-5.758,0.8394
g0102,2026-01-26,24,-9.652,-15.132,-5.48,0.8826
g0102,2026-02-19,24,-11.415,-16.401,-4.986,0.9633
g0102,2026-03-03,24,-10.825,-15.275,-4.45,1.0566
g0102,2026-03-15,24,-10.503,-14.926,-4.423,1.0612
g0102,2026-03-27,24,-10.399,-14.239,-3.84,1.1692
g0102,2026-04-08,24,-6.858,-11.698,-4.84,0.9882
g0102,2026-04-20,24,-10.088,-15.481,-5.393,0.8965
g0102,2026-05-02,24,-10.926,-20.21,-9.283,0.422
g0102,2026-05-14,24,-11.81,-18.563,-6.754,0.6974
g0102,2026-05-26,24,-10.552,-17.124,-6.572,0.7218
g0102,2026-06-07,24,-10.664,-18.019,-7.356,0.6212
g0102,2026-06-19,24,-7.728,-13.595,-5.867,0.8228
g0102,2026-06-26,24,-10.465,-18.793,-8.328,0.5125
g0102,2026-07-08,24,-10.765,-18.502,-7.738,0.5764
g0102,2026-07-20,24,-10.592,-16.78,-6.189,0.7755
g0102,2026-08-01,24,-8.437,-13.918,-5.48,0.8826
g0102,2026-08-13,24,-9.346,-16.475,-7.129,0.649
g0102,2026-08-25,24,-8.655,-16.367,-7.712,0.5793
g0102,2026-09-18,24,-5.969,-13.781,-7.812,0.568
g0102,2026-09-30,24,-10.553,-16.312,-5.76,0.8392
g0103,2025-09-04,14,-7.639,-14.984,-7.345,0.6224
g0103,2025-09-16,14,-9.477,-17.527,-8.05,0.5418
g0103,2025-09-28,14,-8.213,-15.87,-7.657,0.5856
g0103,2025-10-10,14,-9.757,-16.223,-6.465,0.7365
g0103,2025-10-22,14,-7.827,-16.055,-8.228,0.5229
g0103,2025-11-03,14,-8.312,-15.738,-7.426,0.6127
g0103,2025-11-15,14,-7.383,-13.049,-5.666,0.8536
g0103,2025-11-27,14,-7.54,-11.581,-4.041,1.1313
g0103,2025-12-09,14,-7.387,-14.828,-7.441,0.6109
g0103,2025-12-21,14,-9.147,-15.84,-6.693,0.7055
g0103,2026-01-02,14,-9.874,-16.191,-6.316,0.7573
g0103,2026-01-14,14,-10.223,-14.991,-4.768,1.0006
g0103,2026-01-26,14,-11.375,-13.435,-2.06,1.5343
g0103,2026-02-19,14,-10.819,-14.719,-3.9,1.1578
g0103,2026-03-03,14,-12.35,-15.378,-3.028,1.3297
g0103,2026-03-15,14,-10.939,-14.734,-3.795,1.1779
g0103,2026-03-27,14,-8.909,-14.216,-5.307,0.9103
g0103,2026-04-08,14,-7.752,-11.567,-3.815,1.1739
g0103,2026-04-20,14,-12.411,-15.445,-3.033,1.3287
g0103,2026-05-02,14,-8.384,-14.834,-6.45,0.7386
g0103,2026-05-14,14,-9.202,-14.817,-5.615,0.8615
g0103,2026-05-26,14,-10.046,-18.373,-8.328,0.5126
g0103,2026-06-07,14,-10.789,-18.533,-7.743,0.5757
g0103,2026-06-19,14,-7.93,-14.832,-6.902,0.6779
g0103,2026-06-26,14,-12.502,-20.226,-7.724,0.5779
g0103,2026-07-08,14,-6.391,-18.497,-12.106,0.232
g0103,2026-07-20,14,-8.468,-18.052,-9.584,0.3965
g0103,2026-08-01,14,-6.02,-14.989,-8.97,0.45
g0103,2026-08-13,14,-5.211,-13.626,-8.415,0.5037
g0103,2026-08-25,14,-9.134,-13.717,-4.583,1.0328
g0103,2026-09-18,14,-6.191,-14.185,-7.994,0.5479
g0103,2026-09-30,14,-11.433,-18.954,-7.521,0.6015
g0104,2025-09-04,14,-9.052,-13.732,-4.68,1.0159
g0104,2025-09-16,14,-9.573,-15.145,-5.572,0.8682
g0104,2025-09-28,14,-8.701,-18.871,-10.17,0.3509
g0104,2025-10-10,14,-10.3,-17.521,-7.22,0.6377
g0104,2025-10-22,14,-8.943,-17.416,-8.472,0.4979
g0104,2025-11-03,14,-7.189,-17.315,-10.127,0.3541
g0104,2025-11-15,14,-5.961,-16.868,-10.907,0.3002
g0104,2025-11-27,14,-9.139,-17.549,-8.41,0.5041
g0104,2025-12-09,14,-10.098,-15.882,-5.784,0.8354
g0104,2025-12-21,14,-9.446,-14.316,-4.869,0.9832
g0104,2026-01-02,14,-8.222,-14.818,-6.596,0.7186
g0104,2026-01-14,14,-10.064,-14.424,-4.36,1.0727
g0104,2026-01-26,14,-8.604,-16.71,-8.107,0.5357
g0104,2026-02-19,14,-9.679,-17.382,-7.703,0.5803
g0104,2026-03-03,14,-12.801,-17.121,-4.32,1.0799
g0104,2026-03-15,14,-9.479,-17.14,-7.661,0.5851
g0104,2026-03-27,14,-9.921,-17.86,-7.939,0.5539
g0104,2026-04-08,14,-9.884,-16.666,-6.782,0.6936
g0104,2026-04-20,14,-10.977,-18.49,-7.513,0.6024
g0104,2026-05-02,14,-11.534,-20.872,-9.338,0.4173
g0104,2026-05-14,14,-7.192,-14.037,-6.846,0.6853
g0104,2026-05-26,14,-7.791,-13.34,-5.549,0.8717
g0104,2026-06-07,14,-9.247,-16.395,-7.148,0.6467
g0104,2026-06-19,14,-7.327,-14.974,-7.647,0.5867
g0104,2026-06-26,14,-12.438,-16.24,-3.802,1.1765
g0104,2026-07-08,14,-10.517,-15.91,-5.393,0.8964
g0104,2026-07-20,14,-9.002,-16.824,-7.822,0.5669
g0104,2026-08-01,14,-9.947,-13.02,-3.073,1.3205
g0104,2026-08-13,14,-7.599,-13.212,-5.614,0.8617
g0104,2026-08-25,14,-6.677,-16.91,-10.234,0.3462
g0104,2026-09-18,14,-7.385,-13.815,-6.431,0.7413
g0104,2026-09-30,14,-7.58,-14.56,-6.98,0.6679
g0105,2025-09-04,23,-6.326,-20.497,-14.17,0.1475
g0105,2025-09-16,23,-3.337,-13.968,-10.632,0.3183
g0105,2025-09-28,23,-6.147,-13.817,-7.67,0.5841
g0105,2025-10-10,23,-6.14,-15.639,-9.499,0.4036
g0105,2025-10-22,23,-6.921,-12.417,-5.495,0.8802
g0105,2025-11-03,23,-5.963,-13.172,-7.21,0.639
g0105,2025-11-15,23,-6.698,-14.415,-7.717,0.5787
g0105,2025-11-27,23,-6.693,-15.109,-8.417,0.5035
g0105,2025-12-09,23,-9.056,-14.503,-5.448,0.8878
g0105,2025-12-21,23,-7.19,-17.022,-9.832,0.3766
g0105,2026-01-02,23,-7.312,-16.871,-9.559,0.3986
g0105,2026-01-14,23,-8.57,-16.223,-7.652,0.5861
g0105,2026-01-26,23,-6.449,-17.212,-10.763,0.3096
g0105,2026-02-19,23,-8.313,-14.427,-6.114,0.7863
g0105,2026-03-03,23,-12.632,-16.415,-3.782,1.1803
g0105,2026-03-15,23,-9.649,-15.292,-5.643,0.8572
g0105,2026-03-27,23,-10.344,-13.389,-3.045,1.3262
g0105,2026-04-08,23,-8.648,-11.762,-3.114,1.3122
g0105,2026-04-20,23,-11.04,-17.945,-6.905,0.6776
g0105,2026-05-02,23,-13.822,-21.209,-7.387,0.6174
g0105,2026-05-14,23,-15.146,-21.083,-5.936,0.8125
g0105,2026-05-26,23,-16.128,-21.928,-5.8,0.833
g0105,2026-06-07,23,-7.729,-13.858,-6.129,0.7841
g0105,2026-06-19,23,-6.335,-13.588,-7.252,0.6337
g0105,2026-06-26,23,-8.882,-18.692,-9.81,0.3783
g0105,2026-07-08,23,-8.825,-18.13,-9.305,0.4201
g0105,2026-07-20,23,-8.651,-17.967,-9.315,0.4192
g0105,2026-08-01,23,-7.421,-16.695,-9.273,0.4229
g0105,2026-08-13,23,-4.413,-14.478,-10.065,0.3587
g0105,2026-08-25,23,-8.537,-18.57,-10.033,0.3611
g0105,2026-09-18,23,-9.461,-18.807,-9.346,0.4166
g0105,2026-09-30,23,-9.815,-20.174,-10.359,0.3372
g0106,2025-09-04,63,-7.865,-14.916,-7.051,0.6589
g0106,2025-09-16,63,-8.159,-14.406,-6.247,0.7672
g0106,2025-09-28,63,-9.706,-18.36,-8.654,0.4799
g0106,2025-10-10,63,-6.128,-15.669,-9.541,0.4001
g0106,2025-10-22,63,-11.619,-20.217,-8.598,0.4854
g0106,2025-11-03,63,-11.941,-20.348,-8.407,0.5045
g0106,2025-11-15,63,-13.174,-20.981,-7.807,0.5686
g0106,2025-11-27,63,-12.525,-19.718,-7.193,0.6411
g0106,2025-12-09,63,-8.152,-14.843,-6.691,0.7058
g0106,2025-12-21,63,-10.146,-15.136,-4.99,0.9627
g0106,2026-01-02,63,-9.625,-14.381,-4.756,1.0027
g0106,2026-01-14,63,-9.872,-15.93,-6.058,0.7944
g0106,2026-01-26,63,-10.077,-15.669,-5.592,0.865
g0106,2026-02-19,63,-11.872,-16.65,-4.778,0.9988
g0106,2026-03-03,63,-12.161,-18.078,-5.917,0.8153
g0106,2026-03-15,63,-8.867,-13.763,-4.895,0.9787
g0106,2026-03-27,63,-10.095,-14.153,-4.058,1.1282
g0106,2026-04-08,63,-7.32,-11.009,-3.689,1.1982
g0106,2026-04-20,63,-10.423,-15.412,-4.989,0.9629
g0106,2026-05-02,63,-11.427,-19.47,-8.043,0.5426
g0106,2026-05-14,63,-10.618,-20.015,-9.398,0.4122
g0106,2026-05-26,63,-12.703,-21.666,-8.964,0.4506
g0106,2026-06-07,63,-11.688,-18.551,-6.863,0.683
g0106,2026-06-19,63,-5.384,-12.197,-6.813,0.6896
g0106,2026-06-26,63,-12.078,-20.842,-8.764,0.4693
g0106,2026-07-08,63,-13.521,-21.778,-8.257,0.5199
g0106,2026-07-20,63,-11.22,-17.441,-6.22,0.771
g0106,2026-08-01,63,-7.4,-14.34,-6.94,0.6731
g0106,2026-08-13,63,-7.969,-12.33,-4.361,1.0726
g0106,2026-08-25,63,-8.857,-13.586,-4.729,1.0074
g0106,2026-09-18,63,-7.425,-12.504,-5.079,0.9478
g0106,2026-09-30,63,-11.745,-17.96,-6.215,0.7717
g0107,2025-09-04,13,-7.426,-14.629,-7.203,0.6398
g0107,2025-09-16,13,-6.798,-17.119,-10.32,0.34
g0107,2025-09-28,13,-9.147,-18.543,-9.396,0.4123
g0107,2025-10-10,13,-8.053,-18.437,-10.384,0.3354
g0107,2025-10-22,13,-7.834,-16.275,-8.441,0.501
g0107,2025-11-03,13,-6.87,-11.108,-4.238,1.0948
g0107,2025-11-15,13,-8.893,-17.3,-8.407,0.5044
g0107,2025-11-27,13,-9.836,-19.869,-10.032,0.3612
g0107,2025-12-09,13,-11.204,-19.188,-7.984,0.549
g0107,2025-12-21,13,-11.715,-18.977,-7.263,0.6325
g0107,2026-01-02,13,-10.8,-16.918,-6.118,0.7858
g0107,2026-01-14,13,-9.572,-18.699,-9.127,0.4358
g0107,2026-01-26,13,-11.214,-15.642,-4.428,1.0605
g0107,2026-02-19,13,-8.126,-18.043,-9.916,0.3701
g0107,2026-03-03,13,-6.661,-15.631,-8.97,0.4501
g0107,2026-03-15,13,-4.573,-15.314,-10.741,0.311
g0107,2026-03-27,13,-4.168,-13.946,-9.779,0.3808
g0107,2026-04-08,13,-7.325,-11.27,-3.945,1.1492
g0107,2026-04-20,13,-8.631,-13.236,-4.604,1.0291
g0107,2026-05-02,13,-8.335,-16.253,-7.917,0.5563
g0107,2026-05-14,13,-10.114,-19.586,-9.473,0.4058
g0107,2026-05-26,13,-10.788,-18.564,-7.777,0.572
g0107,2026-06-07,13,-7.191,-15.067,-7.876,0.5609
g0107,2026-06-19,13,-6.861,-15.99,-9.129,0.4356
g0107,2026-06-26,13,-10.309,-15.652,-5.343,0.9045
g0107,2026-07-08,13,-10.411,-21.641,-11.23,0.2803
g0107,2026-07-20,13,-10.446,-19.194,-8.748,0.4708
g0107,2026-08-01,13,-9.954,-15.37,-5.416,0.8928
g0107,2026-08-13,13,-5.501,-13.342,-7.841,0.5647
g0107,2026-08-25,13,-10.136,-18.123,-7.988,0.5486
g0107,2026-09-18,13,-7.459,-13.617,-6.158,0.78
g0107,2026-09-30,13,-7.241,-18.065,-10.824,0.3056
g0108,2025-09-04,13,-6.206,-12.454,-6.248,0.767
g0108,2025-09-16,13,-7.885,-13.286,-5.401,0.8952
g0108,2025-09-28,13,-11.696,-17.306,-5.61,0.8622
g0108,2025-10-10,13,-8.101,-16.487,-8.387,0.5065
g0108,2025-10-22,13,-11.009,-21.255,-10.246,0.3453
g0108,2025-11-03,13,-6.541,-16.71,-10.17,0.3509
g0108,2025-11-15,13,-7.742,-14.796,-7.054,0.6584
g0108,2025-11-27,13,-9.69,-16.826,-7.136,0.6482
g0108,2025-12-09,13,-8.546,-16.334,-7.788,0.5707
g0108,2025-12-21,13,-8.288,-15.058,-6.77,0.6952
g0108,2026-01-02,13,-8.868,-15.209,-6.341,0.7539
g0108,2026-01-14,13,-9.887,-16.457,-6.57,0.7221
g0108,2026-01-26,13,-8.491,-15.674,-7.183,0.6423
g0108,2026-02-19,13,-9.786,-16.586,-6.801,0.6912
g0108,2026-03-03,13,-9.189,-16.715,-7.526,0.6009
g0108,2026-03-15,13,-8.789,-15.765,-6.976,0.6684
g0108,2026-03-27,13,-9.463,-15.431,-5.968,0.8078
g0108,2026-04-08,13,-8.174,-13.21,-5.036,0.955
g0108,2026-04-20,13,-10.742,-13.904,-3.162,1.3025
g0108,2026-05-02,13,-12.218,-15.234,-3.016,1.3322
g0108,2026-05-14,13,-9.171,-16.106,-6.935,0.6737
g0108,2026-05-26,13,-10.26,-14.73,-4.47,1.0529
g0108,2026-06-07,13,-11.563,-16.595,-5.032,0.9557
g0108,2026-06-19,13,-8.221,-14.257,-6.036,0.7978
g0108,2026-06-26,13,-9.197,-16.092,-6.895,0.6789
g0108,2026-07-08,13,-8.881,-19.172,-10.292,0.342
g0108,2026-07-20,13,-6.271,-17.153,-10.882,0.3019
g0108,2026-08-01,13,-7.004,-13.1,-6.097,0.7889
g0108,2026-08-13,13,-7.628,-13.431,-5.803,0.8325
g0108,2026-08-25,13,-8.248,-15.401,-7.153,0.646
g0108,2026-09-18,13,-3.98,-14.017,-10.037,0.3608
g0108,2026-09-30,13,-5.459,-14.092,-8.633,0.482
g0109,2025-09-04,21,-7.007,-12.61,-5.603,0.8632
g0109,2025-09-16,21,-8.155,-13.141,-4.986,0.9633
g0109,2025-09-28,21,-9.091,-16.758,-7.667,0.5844
g0109,2025-10-10,21,-7.965,-16.222,-8.257,0.5198
g0109,2025-10-22,21,-9.239,-18.104,-8.864,0.4598
g0109,2025-11-03,21,-8.129,-14.372,-6.243,0.7678
g0109,2025-11-15,21,-7.539,-15.984,-8.446,0.5005
g0109,2025-11-27,21,-7.537,-12.776,-5.239,0.9213
g0109,2025-12-09,21,-10.591,-15.236,-4.645,1.022
g0109,2025-12-21,21,-8.344,-15.26,-6.916,0.6762
g0109,2026-01-02,21,-7.379,-13.658,-6.279,0.7627
g0109,2026-01-14,21,-8.561,-15.627,-7.066,0.657
g0109,2026-01-26,21,-10.466,-15.284,-4.818,0.992
g0109,2026-02-19,21,-8.93,-13.081,-4.151,1.111
g0109,2026-03-03,21,-8.094,-15.204,-7.11,0.6514
g0109,2026-03-15,21,-7.954,-13.215,-5.261,0.9178
g0109,2026-03-27,21,-9.717,-14.427,-4.71,1.0106
g0109,2026-04-08,21,-9.172,-13.706,-4.534,1.0416
g0109,2026-04-20,21,-8.493,-15.069,-6.575,0.7214
g0109,2026-05-02,21,-7.999,-13.96,-5.961,0.8088
g0109,2026-05-14,21,-11.168,-15.063,-3.895,1.1587
g0109,2026-05-26,21,-10.886,-17.683,-6.797,0.6917
g0109,2026-06-07,21,-10.403,-15.544,-5.141,0.9375
g0109,2026-06-19,21,-8.37,-13.024,-4.654,1.0203
g0109,2026-06-26,21,-9.195,-15.063,-5.868,0.8227
g0109,2026-07-08,21,-10.06,-18.046,-7.985,0.5489
g0109,2026-07-20,21,-11.111,-18.604,-7.493,0.6047
g0109,2026-08-01,21,-12.102,-17.259,-5.156,0.935
g0109,2026-08-13,21,-8.756,-16.312,-7.556,0.5973
g0109,2026-08-25,21,-7.671,-14.447,-6.776,0.6945
g0109,2026-09-18,21,-6.126,-12.026,-5.9,0.8179
g0109,2026-09-30,21,-9.609,-14.508,-4.899,0.9781
g0200,2025-09-04,1768,0.943,-11.845,-12.789,0.1999
g0200,2025-09-16,1768,-3.449,-13.768,-10.319,0.3401
g0200,2025-09-28,1768,-2.75,-14.276,-11.526,0.263
g0200,2025-10-10,1768,-3.211,-13.963,-10.752,0.3103
g0200,2025-10-22,1768,-4.828,-14.673,-9.845,0.3756
g0200,2025-11-03,1768,-4.058,-14.36,-10.302,0.3413
g0200,2025-11-15,1768,-3.515,-14.164,-10.649,0.3172
g0200,2025-11-27,1768,-3.955,-14.338,-10.383,0.3355
g0200,2025-12-09,1768,-3.692,-14.235,-10.543,0.3243
g0200,2025-12-21,1768,-3.252,-14.187,-10.936,0.2984
g0200,2026-01-02,1768,-2.91,-13.899,-10.989,0.295
g0200,2026-01-14,1768,-3.769,-14.138,-10.369,0.3365
g0200,2026-01-26,1768,-2.757,-13.716,-10.959,0.2969
g0200,2026-02-19,1768,-3.792,-14.074,-10.282,0.3428
g0200,2026-03-03,1768,-4.279,-14.083,-9.804,0.3788
g0200,2026-03-15,1768,-3.812,-14.217,-10.405,0.334
g0200,2026-03-27,1768,-2.495,-13.791,-11.296,0.2763
g0200,2026-04-08,1768,-0.639,-12.883,-12.244,0.2252
g0200,2026-04-20,1768,-4.446,-14.459,-10.013,0.3627
g0200,2026-05-02,1768,-3.625,-13.815,-10.189,0.3495
g0200,2026-05-14,1768,-4.561,-14.325,-9.764,0.382
g0200,2026-05-26,1768,-4.478,-13.786,-9.308,0.4199
g0200,2026-06-07,1768,-4.559,-14.165,-9.607,0.3947
g0200,2026-06-19,1768,-2.716,-13.797,-11.081,0.2893
g0200,2026-06-26,1768,-4.86,-14.804,-9.944,0.3679
g0200,2026-07-08,1768,-5.125,-14.841,-9.716,0.3859
g0200,2026-07-20,1768,-4.782,-14.757,-9.975,0.3656
g0200,2026-08-01,1768,-3.587,-14.485,-10.897,0.3009
g0200,2026-08-13,1768,-3.414,-14.248,-10.834,0.3049
g0200,2026-08-25,1768,-4.859,-14.745,-9.886,0.3724
g0200,2026-09-18,1768,-3.526,-14.268,-10.742,0.3109
g0200,2026-09-30,1768,-4.535,-14.61,-10.075,0.358
g0201,2025-09-04,6,-5.014,-12.044,-7.03,0.6616
g0201,2025-09-16,6,-4.423,-12.45,-8.027,0.5443
g0201,2025-09-28,6,-5.984,-9.799,-3.815,1.1739
g0201,2025-10-10,6,-7.141,-12.8,-5.66,0.8545
g0201,2025-10-22,6,-6.624,-14.161,-7.538,0.5995
g0201,2025-11-03,6,-3.636,-11.972,-8.336,0.5117
g0201,2025-11-15,6,-5.008,-12.845,-7.837,0.5652
g0201,2025-11-27,6,-4.958,-13.71,-8.752,0.4704
g0201,2025-12-09,6,-5.849,-15.199,-9.35,0.4162
g0201,2025-12-21,6,-4.99,-12.929,-7.94,0.5538
g0201,2026-01-02,6,-8.028,-13.698,-5.67,0.8529
g0201,2026-01-14,6,-8.954,-14.123,-5.169,0.9329
g0201,2026-01-26,6,-8.496,-13.61,-5.114,0.9419
g0201,2026-02-19,6,-8.776,-12.78,-4.003,1.1384
g0201,2026-03-03,6,-7.488,-14.968,-7.48,0.6063
g0201,2026-03-15,6,-6.394,-12.943,-6.549,0.725
g0201,2026-03-27,6,-6.67,-14.657,-7.987,0.5487
g0201,2026-04-08,6,-4.754,-10.661,-5.907,0.8168
g0201,2026-04-20,6,-8.002,-14.045,-6.043,0.7968
g0201,2026-05-02,6,-4.915,-13.197,-8.282,0.5173
g0201,2026-05-14,6,-8.486,-13.791,-5.304,0.9108
g0201,2026-05-26,6,-7.214,-12.941,-5.727,0.8442
g0201,2026-06-07,6,-6.277,-14.863,-8.586,0.4866
g0201,2026-06-19,6,-7.104,-12.657,-5.553,0.8712
g0201,2026-06-26,6,-3.877,-14.127,-10.249,0.3451
g0201,2026-07-08,6,-5.505,-11.891,-6.386,0.7475
g0201,2026-07-20,6,-5.165,-12.42,-7.256,0.6333
g0201,2026-08-01,6,-6.541,-10.804,-4.264,1.0902
g0201,2026-08-13,6,-5.521,-13.722,-8.201,0.5257
g0201,2026-08-25,6,-4.914,-11.543,-6.629,0.7141
g0201,2026-09-18,6,-4.003,-12.453,-8.451,0.5
g0201,2026-09-30,6,-6.871,-12.445,-5.574,0.8678
g0202,2025-09-04,5,-8.885,-15.967,-7.082,0.6549
g0202,2025-09-16,5,-9.249,-14.964,-5.715,0.846
g0202,2025-09-28,5,-8.993,-14.968,-5.975,0.8067
g0202,2025-10-10,5,-10.782,-14.261,-3.479,1.2393
g0202,2025-10-22,5,-10.567,-14.097,-3.53,1.2291
g0202,2025-11-03,5,-11.114,-17.186,-6.072,0.7925
g0202,2025-11-15,5,-10.854,-17.679,-6.825,0.688
g0202,2025-11-27,5,-10.38,-15.262,-4.883,0.9809
g0202,2025-12-09,5,-10.375,-17.398,-7.023,0.6624
g0202,2025-12-21,5,-9.488,-17.045,-7.557,0.5973
g0202,2026-01-02,5,-11.059,-17.342,-6.283,0.7621
g0202,2026-01-14,5,-10.666,-17.396,-6.73,0.7006
g0202,2026-01-26,5,-11.897,-15.922,-4.025,1.1343
g0202,2026-02-19,5,-10.763,-15.139,-4.376,1.0697
g0202,2026-03-03,5,-13.187,-17.862,-4.676,1.0166
g0202,2026-03-15,5,-11.22,-15.926,-4.706,1.0114
g0202,2026-03-27,5,-10.918,-14.075,-3.156,1.3037
g0202,2026-04-08,5,-11.184,-15.788,-4.605,1.0291
g0202,2026-04-20,5,-9.77,-16.559,-6.789,0.6928
g0202,2026-05-02,5,-11.595,-17.207,-5.611,0.862
g0202,2026-05-14,5,-8.576,-17.848,-9.272,0.423
g0202,2026-05-26,5,-11.81,-17.732,-5.923,0.8145
g0202,2026-06-07,5,-12.918,-16.418,-3.501,1.2349
g0202,2026-06-19,5,-10.639,-15.465,-4.826,0.9906
g0202,2026-06-26,5,-10.377,-17.281,-6.904,0.6777
g0202,2026-07-08,5,-10.366,-14.809,-4.444,1.0576
g0202,2026-07-20,5,-12.659,-16.206,-3.547,1.2259
g0202,2026-08-01,5,-13.944,-19.254,-5.31,0.9098
g0202,2026-08-13,5,-10.377,-19.912,-9.535,0.4006
g0202,2026-08-25,5,-10.486,-20.501,-10.015,0.3625
g0202,2026-09-18,5,-8.965,-15.29,-6.325,0.7561
g0202,2026-09-30,5,-10.042,-16.035,-5.993,0.8041
g0203,2025-09-04,26,-6.576,-12.875,-6.298,0.7599
g0203,2025-09-16,26,-8.866,-13.402,-4.536,1.0412
g0203,2025-09-28,26,-9.98,-14.316,-4.336,1.0771
g0203,2025-10-10,26,-7.671,-14.58,-6.909,0.6771
g0203,2025-10-22,26,-11.236,-19.533,-8.297,0.5158
g0203,2025-11-03,26,-7.726,-17.086,-9.36,0.4154
g0203,2025-11-15,26,-11.291,-21.025,-9.734,0.3844
g0203,2025-11-27,26,-12.044,-20.072,-8.028,0.5442
g0203,2025-12-09,26,-12.778,-19.84,-7.062,0.6575
g0203,2025-12-21,26,-10.875,-18.75,-7.875,0.561
g0203,2026-01-02,26,-11.04,-18.018,-6.978,0.6682
g0203,2026-01-14,26,-8.682,-15.841,-7.16,0.6452
g0203,2026-01-26,26,-11.208,-13.015,-1.807,1.5898
g0203,2026-02-19,26,-10.487,-17.055,-6.568,0.7224
g0203,2026-03-03,26,-9.796,-14.845,-5.049,0.9528
g0203,2026-03-15,26,-7.984,-15.905,-7.921,0.5559
g0203,2026-03-27,26,-10.326,-15.022,-4.697,1.0129
g0203,2026-04-08,26,-6.965,-11.69,-4.724,1.0081
g0203,2026-04-20,26,-10.461,-15.826,-5.364,0.9011
g0203,2026-05-02,26,-13.922,-19.411,-5.489,0.8812
g0203,2026-05-14,26,-14.297,-21.516,-7.219,0.6378
g0203,2026-05-26,26,-12.727,-21.192,-8.465,0.4986
g0203,2026-06-07,26,-11.892,-20.985,-9.093,0.4388
g0203,2026-06-19,26,-9.34,-15.758,-6.418,0.7431
g0203,2026-06-26,26,-11.22,-16.77,-5.55,0.8716
g0203,2026-07-08,26,-10.583,-17.273,-6.69,0.7059
g0203,2026-07-20,26,-12.248,-15.676,-3.428,1.2493
g0203,2026-08-01,26,-9.726,-14.554,-4.828,0.9903
g0203,2026-08-13,26,-7.719,-14.177,-6.458,0.7375
g0203,2026-08-25,26,-10.219,-15.763,-5.544,0.8725
g0203,2026-09-18,26,-7.38,-16.452,-9.072,0.4407
g0203,2026-09-30,26,-10.997,-17.895,-6.898,0.6785
g0204,2025-09-04,10,-8.472,-14.624,-6.152,0.7807
g0204,2025-09-16,10,-12.196,-18.308,-6.111,0.7867
g0204,2025-09-28,10,-8.647,-16.064,-7.418,0.6137
g0204,2025-10-10,10,-6.994,-14.724,-7.73,0.5772
g0204,2025-10-22,10,-7.872,-17.561,-9.689,0.388
g0204,2025-11-03,10,-10.888,-15.486,-4.598,1.0302
g0204,2025-11-15,10,-7.848,-15.551,-7.703,0.5803
g0204,2025-11-27,10,-8.815,-18.923,-10.108,0.3555
g0204,2025-12-09,10,-11.521,-19.29,-7.77,0.5728
g0204,2025-12-21,10,-10.865,-20.917,-10.052,0.3597
g0204,2026-01-02,10,-8.862,-17.452,-8.59,0.4861
g0204,2026-01-14,10,-9.591,-17.723,-8.132,0.533
g0204,2026-01-26,10,-7.514,-15.583,-8.069,0.5398
g0204,2026-02-19,10,-11.189,-17.797,-6.608,0.717
g0204,2026-03-03,10,-9.584,-16.363,-6.779,0.6941
g0204,2026-03-15,10,-12.076,-15.896,-3.82,1.1731
g0204,2026-03-27,10,-10.823,-16.496,-5.674,0.8524
g0204,2026-04-08,10,-8.816,-12.207,-3.39,1.2567
g0204,2026-04-20,10,-11.5,-14.346,-2.847,1.367
g0204,2026-05-02,10,-13.911,-20.42,-6.51,0.7303
g0204,2026-05-14,10,-12.624,-19.475,-6.852,0.6845
g0204,2026-05-26,10,-12.984,-20.79,-7.807,0.5686
g0204,2026-06-07,10,-7.899,-15.112,-7.214,0.6385
g0204,2026-06-19,10,-9.405,-14.977,-5.572,0.8682
g0204,2026-06-26,10,-12.549,-16.504,-3.955,1.1475
g0204,2026-07-08,10,-9.679,-15.882,-6.203,0.7734
g0204,2026-07-20,10,-10.629,-16.969,-6.339,0.7541
g0204,2026-08-01,10,-11.005,-14.754,-3.749,1.1867
g0204,2026-08-13,10,-10.69,-15.178,-4.488,1.0497
g0204,2026-08-25,10,-10.908,-19.048,-8.139,0.5323
g0204,2026-09-18,10,-7.342,-14.817,-7.475,0.6069
g0204,2026-09-30,10,-11.301,-19.831,-8.529,0.4922
g0205,2025-09-04,25,-5.933,-13.327,-7.394,0.6165
g0205,2025-09-16,25,-5.993,-12.33,-6.337,0.7544
g0205,2025-09-28,25,-10.038,-17.405,-7.367,0.6198
g0205,2025-10-10,25,-7.95,-16.267,-8.318,0.5136
g0205,2025-10-22,25,-8.626,-17.734,-9.108,0.4374
g0205,2025-11-03,25,-8.358,-15.824,-7.466,0.6079
g0205,2025-11-15,25,-9.163,-16.267,-7.104,0.6522
g0205,2025-11-27,25,-9.121,-14.777,-5.656,0.8551
g0205,2025-12-09,25,-10.626,-15.839,-5.213,0.9257
g0205,2025-12-21,25,-8.807,-15.986,-7.179,0.6428
g0205,2026-01-02,25,-8.399,-14.267,-5.868,0.8227
g0205,2026-01-14,25,-8.446,-13.984,-5.539,0.8734
g0205,2026-01-26,25,-7.548,-15.574,-8.026,0.5444
g0205,2026-02-19,25,-8.396,-16.134,-7.738,0.5764
g0205,2026-03-03,25,-8.382,-14.732,-6.35,0.7525
g0205,2026-03-15,25,-8.798,-12.296,-3.498,1.2354
g0205,2026-03-27,25,-8.243,-15.361,-7.119,0.6503
g0205,2026-04-08,25,-7.425,-12.332,-4.907,0.9767
g0205,2026-04-20,25,-11.248,-14.574,-3.326,1.2695
g0205,2026-05-02,25,-9.795,-15.034,-5.239,0.9214
g0205,2026-05-14,25,-9.286,-14.356,-5.07,0.9493
g0205,2026-05-26,25,-9.859,-17.015,-7.155,0.6458
g0205,2026-06-07,25,-9.25,-15.859,-6.609,0.7168
g0205,2026-06-19,25,-11.876,-18.777,-6.901,0.6781
g0205,2026-06-26,25,-10.372,-17.7,-7.328,0.6245
g0205,2026-07-08,25,-9.431,-19.682,-10.251,0.345
g0205,2026-07-20,25,-7.127,-15.109,-7.981,0.5493
g0205,2026-08-01,25,-7.283,-15.945,-8.662,0.4791
g0205,2026-08-13,25,-7.563,-13.276,-5.712,0.8464
g0205,2026-08-25,25,-8.2,-14.198,-5.998,0.8033
g0205,2026-09-18,25,-7.823,-15.417,-7.595,0.5928
g0205,2026-09-30,25,-9.583,-14.491,-4.909,0.9764
g0206,2025-09-04,15,-9.915,-13.615,-3.701,1.196
g0206,2025-09-16,15,-7.475,-11.975,-4.5,1.0475
g0206,2025-09-28,15,-9.223,-17.402,-8.179,0.5281
g0206,2025-10-10,15,-7.352,-19.357,-12.005,0.2371
g0206,2025-10-22,15,-7.535,-18.957,-11.422,0.2689
g0206,2025-11-03,15,-12.404,-20.592,-8.188,0.5271
g0206,2025-11-15,15,-9.762,-14.649,-4.887,0.9802
g0206,2025-11-27,15,-7.207,-15.563,-8.356,0.5097
g0206,2025-12-09,15,-10.655,-16.815,-6.16,0.7797
g0206,2025-12-21,15,-12.26,-17.789,-5.53,0.8748
g0206,2026-01-02,15,-9.044,-16.723,-7.679,0.583
g0206,2026-01-14,15,-11.608,-17.237,-5.629,0.8593
g0206,2026-01-26,15,-13.503,-15.704,-2.201,1.5037
g0206,2026-02-19,15,-9.182,-15.029,-5.847,0.8259
g0206,2026-03-03,15,-11.412,-14.502,-3.089,1.3172
g0206,2026-03-15,15,-8.5,-13.961,-5.46,0.8858
g0206,2026-03-27,15,-10.553,-16.359,-5.806,0.8321
g0206,2026-04-08,15,-9.078,-12.147,-3.068,1.3215
g0206,2026-04-20,15,-11.176,-14.132,-2.957,1.3443
g0206,2026-05-02,15,-11.864,-18.426,-6.562,0.7232
g0206,2026-05-14,15,-10.844,-21.154,-10.31,0.3407
g0206,2026-05-26,15,-9.672,-19.942,-10.271,0.3436
g0206,2026-06-07,15,-12.384,-16.974,-4.59,1.0316
g0206,2026-06-19,15,-7.15,-14.65,-7.5,0.6039
g0206,2026-06-26,15,-9.757,-17.103,-7.346,0.6224
g0206,2026-07-08,15,-10.443,-16.592,-6.149,0.7813
g0206,2026-07-20,15,-12.29,-15.666,-3.376,1.2597
g0206,2026-08-01,15,-9.031,-14.718,-5.688,0.8502
g0206,2026-08-13,15,-6.23,-15.552,-9.321,0.4187
g0206,2026-08-25,15,-14.086,-21.435,-7.35,0.6219
g0206,2026-09-18,15,-8.799,-11.769,-2.97,1.3416
g0206,2026-09-30,15,-9.762,-13.328,-3.566,1.2222
g0207,2025-09-04,11,-8.806,-15.424,-6.619,0.7155
g0207,2025-09-16,11,-6.231,-14.565,-8.334,0.5119
g0207,2025-09-28,11,-9.746,-15.216,-5.47,0.8842
g0207,2025-10-10,11,-7.498,-15.859,-8.36,0.5092
g0207,2025-10-22,11,-12.546,-18.306,-5.761,0.839
g0207,2025-11-03,11,-10.886,-19.792,-8.906,0.4559
g0207,2025-11-15,11,-7.105,-16.459,-9.354,0.4159
g0207,2025-11-27,11,-8.695,-15.648,-6.953,0.6713
g0207,2025-12-09,11,-9.27,-18.097,-8.826,0.4634
g0207,2025-12-21,11,-9.57,-17.123,-7.554,0.5976
g0207,2026-01-02,11,-8.059,-16.397,-8.337,0.5116
g0207,2026-01-14,11,-9.517,-16.804,-7.287,0.6295
g0207,2026-01-26,11,-8.316,-17.132,-8.816,0.4644
g0207,2026-02-19,11,-12.011,-17.235,-5.224,0.9238
g0207,2026-03-03,11,-8.382,-15.421,-7.04,0.6603
g0207,2026-03-15,11,-10.324,-15.622,-5.298,0.9119
g0207,2026-03-27,11,-10.688,-17.138,-6.45,0.7386
g0207,2026-04-08,11,-6.905,-10.9,-3.994,1.14
g0207,2026-04-20,11,-10.745,-16.738,-5.993,0.8041
g0207,2026-05-02,11,-12.583,-18.652,-6.069,0.7929
g0207,2026-05-14,11,-11.027,-19.928,-8.9,0.4565
g0207,2026-05-26,11,-9.763,-15.503,-5.74,0.8422
g0207,2026-06-07,11,-11.931,-18.069,-6.138,0.7828
g0207,2026-06-19,11,-7.222,-16.959,-9.737,0.3841
g0207,2026-06-26,11,-12.114,-20.412,-8.298,0.5156
g0207,2026-07-08,11,-10.732,-18.736,-8.005,0.5467
g0207,2026-07-20,11,-9.968,-19.388,-9.419,0.4103
g0207,2026-08-01,11,-10.679,-14.306,-3.627,1.2102
g0207,2026-08-13,11,-7.959,-12.804,-4.845,0.9873
g0207,2026-08-25,11,-9.988,-17.024,-7.036,0.6607
g0207,2026-09-18,11,-6.945,-16.627,-9.683,0.3885
g0207,2026-09-30,11,-10.792,-16.902,-6.11,0.7869
g0208,2025-09-04,24,-7.705,-13.972,-6.268,0.7642
g0208,2025-09-16,24,-7.689,-13.365,-5.676,0.852
g0208,2025-09-28,24,-10.108,-18.037,-7.93,0.5549
g0208,2025-10-10,24,-7.821,-16.589,-8.768,0.4689
g0208,2025-10-22,24,-8.425,-18.276,-9.851,0.3752
g0208,2025-11-03,24,-6.284,-15.955,-9.671,0.3895
g0208,2025-11-15,24,-10.499,-19.524,-9.025,0.445
g0208,2025-11-27,24,-10.714,-20.302,-9.588,0.3962
g0208,2025-12-09,24,-9.429,-14.576,-5.147,0.9365
g0208,2025-12-21,24,-8.826,-14.044,-5.218,0.9248
g0208,2026-01-02,24,-10.254,-14.295,-4.041,1.1313
g0208,2026-01-14,24,-11.432,-15.831,-4.399,1.0656
g0208,2026-01-26,24,-11.737,-15.328,-3.591,1.2173
g0208,2026-02-19,24,-11.493,-17.012,-5.519,0.8765
g0208,2026-03-03,24,-11.948,-17.437,-5.49,0.8811
g0208,2026-03-15,24,-12.3,-15.584,-3.283,1.278
g0208,2026-03-27,24,-11.407,-17.234,-5.827,0.829
g0208,2026-04-08,24,-6.371,-12.32,-5.949,0.8105
g0208,2026-04-20,24,-9.815,-15.663,-5.848,0.8258
g0208,2026-05-02,24,-14.254,-20.859,-6.605,0.7173
g0208,2026-05-14,24,-9.974,-19.375,-9.401,0.4119
g0208,2026-05-26,24,-10.525,-20.014,-9.489,0.4045
g0208,2026-06-07,24,-9.361,-17.967,-8.607,0.4845
g0208,2026-06-19,24,-5.896,-13.561,-7.664,0.5848
g0208,2026-06-26,24,-9.163,-14.788,-5.625,0.86
g0208,2026-07-08,24,-7.361,-14.776,-7.415,0.614
g0208,2026-07-20,24,-10.674,-14.85,-4.176,1.1063
g0208,2026-08-01,24,-9.947,-14.378,-4.431,1.0598
g0208,2026-08-13,24,-7.812,-12.937,-5.124,0.9402
g0208,2026-08-25,24,-10.683,-15.531,-4.848,0.9868
g0208,2026-09-18,24,-7.154,-12.977,-5.822,0.8296
g0208,2026-09-30,24,-9.903,-19.66,-9.757,0.3825
g0209,2025-09-04,6,-5.718,-14.635,-8.918,0.4548
g0209,2025-09-16,6,-5.742,-14.685,-8.943,0.4525
g0209,2025-09-28,6,-5.901,-13.174,-7.273,0.6312
g0209,2025-10-10,6,-7.601,-15.415,-7.814,0.5678
g0209,2025-10-22,6,-8.401,-17.536,-9.135,0.4351
g0209,2025-11-03,6,-9.513,-17.657,-8.144,0.5318
g0209,2025-11-15,6,-9.319,-19.703,-10.384,0.3355
g0209,2025-11-27,6,-7.741,-18.541,-10.8,0.3071
g0209,2025-12-09,6,-10.105,-15.677,-5.573,0.868
g0209,2025-12-21,6,-7.967,-15.587,-7.621,0.5898
g0209,2026-01-02,6,-8.241,-14.737,-6.495,0.7323
g0209,2026-01-14,6,-8.804,-15.518,-6.714,0.7027
g0209,2026-01-26,6,-12.299,-16.215,-3.917,1.1547
g0209,2026-02-19,6,-8.053,-16.021,-7.968,0.5507
g0209,2026-03-03,6,-10.489,-16.301,-5.812,0.8312
g0209,2026-03-15,6,-10.977,-14.423,-3.446,1.2458
g0209,2026-03-27,6,-8.765,-12.647,-3.882,1.1613
g0209,2026-04-08,6,-7.204,-11.998,-4.794,0.9962
g0209,2026-04-20,6,-12.796,-18.489,-5.693,0.8494
g0209,2026-05-02,6,-9.807,-16.59,-6.783,0.6936
g0209,2026-05-14,6,-11.073,-17.689,-6.616,0.7159
g0209,2026-05-26,6,-12.038,-20.901,-8.863,0.4599
g0209,2026-06-07,6,-8.98,-16.024,-7.045,0.6597
g0209,2026-06-19,6,-7.182,-13.456,-6.274,0.7633
g0209,2026-06-26,6,-8.509,-15.216,-6.708,0.7035
g0209,2026-07-08,6,-9.898,-15.519,-5.621,0.8605
g0209,2026-07-20,6,-13.131,-13.32,-0.19,1.9563
g0209,2026-08-01,6,-9.405,-13.946,-4.54,1.0404
g0209,2026-08-13,6,-8.432,-13.614,-5.183,0.9307
g0209,2026-08-25,6,-9.727,-13.24,-3.513,1.2325
g0209,2026-09-18,6,-7.025,-14.001,-6.976,0.6684
g0209,2026-09-30,6,-9.712,-13.808,-4.096,1.1211
g0300,2025-09-04,9,-6.905,-11.95,-5.045,0.9535
g0300,2025-09-16,9,-8.909,-14.082,-5.172,0.9323
g0300,2025-09-28,9,-12.576,-17.973,-5.397,0.8959
g0300,2025-10-10,9,-5.901,-13.545,-7.643,0.5872
g0300,2025-10-22,9,-8.675,-13.556,-4.882,0.981
g0300,2025-11-03,9,-8.083,-17.573,-9.491,0.4043
g0300,2025-11-15,9,-6.292,-17.039,-10.747,0.3106
g0300,2025-11-27,9,-9.383,-16.79,-7.407,0.615
g0300,2025-12-09,9,-11.098,-19.22,-8.122,0.5341
g0300,2025-12-21,9,-10.354,-20.092,-9.738,0.3841
g0300,2026-01-02,9,-11.73,-15.173,-3.443,1.2464
g0300,2026-01-14,9,-10.121,-13.777,-3.655,1.2047
g0300,2026-01-26,9,-10.07,-15.471,-5.402,0.8951
g0300,2026-02-19,9,-14.598,-17.784,-3.185,1.2978
g0300,2026-03-03,9,-10.595,-15.388,-4.793,0.9963
g0300,2026-03-15,9,-9.743,-15.889,-6.146,0.7817
g0300,2026-03-27,9,-9.209,-15.643,-6.434,0.7408
g0300,2026-04-08,9,-8.012,-13.051,-5.039,0.9545
g0300,2026-04-20,9,-12.364,-18.071,-5.707,0.8472
g0300,2026-05-02,9,-12.615,-18.855,-6.24,0.7682
g0300,2026-05-14,9,-9.475,-18.294,-8.819,0.464
g0300,2026-05-26,9,-9.554,-18.365,-8.811,0.4649
g0300,2026-06-07,9,-8.374,-18.228,-9.854,0.3749
g0300,2026-06-19,9,-7.085,-14.603,-7.518,0.6018
g0300,2026-06-26,9,-7.393,-17.757,-10.364,0.3369
g0300,2026-07-08,9,-10.048,-16.718,-6.67,0.7086
g0300,2026-07-20,9,-7.496,-16.584,-9.088,0.4393
g0300,2026-08-01,9,-7.608,-14.022,-6.414,0.7437
g0300,2026-08-13,9,-7.656,-12.427,-4.77,1.0002
g0300,2026-08-25,9,-9.199,-14.331,-5.132,0.9389
g0300,2026-09-18,9,-6.201,-14.206,-8.006,0.5466
g0300,2026-09-30,9,-10.282,-15.22,-4.938,0.9715
g0301,2025-09-04,50,-7.764,-15.012,-7.248,0.6343
g0301,2025-09-16,50,-8.538,-15.008,-6.47,0.7358
g0301,2025-09-28,50,-8.795,-15.843,-7.048,0.6593
g0301,2025-10-10,50,-6.779,-15.704,-8.925,0.4542
g0301,2025-10-22,50,-10.339,-18.607,-8.269,0.5187
g0301,2025-11-03,50,-10.714,-19.031,-8.317,0.5136
g0301,2025-11-15,50,-7.602,-14.879,-7.277,0.6307
g0301,2025-11-27,50,-9.218,-15.93,-6.711,0.703
g0301,2025-12-09,50,-11.051,-16.156,-5.105,0.9435
g0301,2025-12-21,50,-9.949,-15.668,-5.719,0.8453
g0301,2026-01-02,50,-9.233,-14.807,-5.574,0.8678
g0301,2026-01-14,50,-10.504,-16.476,-5.973,0.8071
g0301,2026-01-26,50,-10.467,-15.54,-5.073,0.9488
g0301,2026-02-19,50,-10.948,-17.401,-6.453,0.7382
g0301,2026-03-03,50,-11.688,-18.824,-7.136,0.6482
g0301,2026-03-15,50,-9.011,-17.434,-8.422,0.5029
g0301,2026-03-27,50,-8.258,-16.296,-8.038,0.5431
g0301,2026-04-08,50,-7.27,-14.826,-7.555,0.5974
g0301,2026-04-20,50,-10.285,-17.432,-7.147,0.6467
g0301,2026-05-02,50,-9.553,-17.778,-8.225,0.5232
g0301,2026-05-14,50,-6.633,-15.15,-8.517,0.4934
g0301,2026-05-26,50,-10.192,-15.769,-5.577,0.8674
g0301,2026-06-07,50,-10.333,-16.368,-6.035,0.7978
g0301,2026-06-19,50,-7.845,-14.9,-7.055,0.6583
g0301,2026-06-26,50,-10.869,-16.775,-5.907,0.8169
g0301,2026-07-08,50,-11.088,-16.402,-5.313,0.9093
g0301,2026-07-20,50,-8.535,-13.734,-5.199,0.928
g0301,2026-08-01,50,-8.567,-13.737,-5.17,0.9327
g0301,2026-08-13,50,-8.289,-13.382,-5.093,0.9455
g0301,2026-08-25,50,-9.614,-14.878,-5.264,0.9174
g0301,2026-09-18,50,-6.136,-12.84,-6.704,0.7041
g0301,2026-09-30,50,-9.954,-16.439,-6.485,0.7337
g0302,2025-09-04,4,-4.654,-11.91,-7.256,0.6333
g0302,2025-09-16,4,-9.475,-13.6,-4.125,1.1157
g0302,2025-09-28,4,-8.782,-12.716,-3.935,1.1513
g0302,2025-10-10,4,-5.326,-15.183,-9.857,0.3747
g0302,2025-10-22,4,-8.575,-16.959,-8.383,0.5069
g0302,2025-11-03,4,-8.045,-15.46,-7.415,0.614
g0302,2025-11-15,4,-9.54,-17.837,-8.297,0.5157
g0302,2025-11-27,4,-8.781,-18.221,-9.44,0.4086
g0302,2025-12-09,4,-9.951,-18.904,-8.952,0.4516
g0302,2025-12-21,4,-11.601,-17.906,-6.305,0.7589
g0302,2026-01-02,4,-9.711,-14.959,-5.248,0.9199
g0302,2026-01-14,4,-11.035,-16.773,-5.738,0.8424
g0302,2026-01-26,4,-7.781,-19.589,-11.808,0.2474
g0302,2026-02-19,4,-12.121,-16.811,-4.69,1.0142
g0302,2026-03-03,4,-10.777,-15.244,-4.467,1.0534
g0302,2026-03-15,4,-8.675,-13.351,-4.676,1.0165
g0302,2026-03-27,4,-9.928,-18.96,-9.032,0.4444
g0302,2026-04-08,4,-9.241,-14.035,-4.794,0.9961
g0302,2026-04-20,4,-10.938,-14.944,-4.006,1.1379
g0302,2026-05-02,4,-6.548,-15.318,-8.77,0.4687
g0302,2026-05-14,4,-9.665,-15.647,-5.982,0.8057
g0302,2026-05-26,4,-9.956,-15.589,-5.634,0.8586
g0302,2026-06-07,4,-8.185,-16.512,-8.327,0.5126
g0302,2026-06-19,4,-9.137,-16.278,-7.141,0.6476
g0302,2026-06-26,4,-8.325,-14.462,-6.137,0.783
g0302,2026-07-08,4,-8.263,-14.718,-6.455,0.7378
g0302,2026-07-20,4,-8.632,-14.693,-6.062,0.794
g0302,2026-08-01,4,-7.976,-13.08,-5.105,0.9435
g0302,2026-08-13,4,-6.742,-14.091,-7.349,0.6219
g0302,2026-08-25,4,-9.141,-14.15,-5.009,0.9596
g0302,2026-09-18,4,-8.821,-11.406,-2.585,1.4217
g0302,2026-09-30,4,-9.444,-13.024,-3.58,1.2194
g0303,2025-09-04,278,-5.698,-15.519,-9.821,0.3775
g0303,2025-09-16,278,-6.203,-15.13,-8.928,0.4539
g0303,2025-09-28,278,-8.381,-13.697,-5.316,0.9089
g0303,2025-10-10,278,-8.628,-14.172,-5.544,0.8725
g0303,2025-10-22,278,-10.721,-16.322,-5.602,0.8635
g0303,2025-11-03,278,-11.882,-20.128,-8.246,0.521
g0303,2025-11-15,278,-6.444,-20.675,-14.231,0.1455
g0303,2025-11-27,278,-8.459,-21.056,-12.597,0.2085
g0303,2025-12-09,278,-7.541,-20.147,-12.607,0.2081
g0303,2025-12-21,278,-6.065,-17.0,-10.935,0.2985
g0303,2026-01-02,278,-7.154,-15.915,-8.761,0.4696
g0303,2026-01-14,278,-8.643,-16.012,-7.369,0.6196
g0303,2026-01-26,278,-7.686,-14.806,-7.12,0.6502
g0303,2026-02-19,278,-9.684,-16.674,-6.99,0.6667
g0303,2026-03-03,278,-10.983,-17.224,-6.241,0.768
g0303,2026-03-15,278,-9.511,-16.543,-7.032,0.6613
g0303,2026-03-27,278,-6.902,-18.056,-11.154,0.2848
g0303,2026-04-08,278,-5.761,-16.496,-10.735,0.3114
g0303,2026-04-20,278,-6.651,-19.031,-12.38,0.2186
g0303,2026-05-02,278,-7.293,-15.914,-8.62,0.4832
g0303,2026-05-14,278,-7.52,-14.455,-6.935,0.6737
g0303,2026-05-26,278,-9.137,-15.792,-6.655,0.7106
g0303,2026-06-07,278,-11.971,-20.622,-8.651,0.4802
g0303,2026-06-19,278,-12.958,-21.664,-8.706,0.4749
g0303,2026-06-26,278,-10.662,-22.042,-11.379,0.2714
g0303,2026-07-08,278,-6.577,-19.243,-12.666,0.2054
g0303,2026-07-20,278,-9.114,-19.145,-10.031,0.3613
g0303,2026-08-01,278,-7.3,-18.09,-10.791,0.3078
g0303,2026-08-13,278,-6.639,-15.943,-9.304,0.4202
g0303,2026-08-25,278,-7.835,-15.054,-7.219,0.6379
g0303,2026-09-18,278,-9.005,-14.389,-5.384,0.898
g0303,2026-09-30,278,-10.549,-15.271,-4.722,1.0085
g0304,2025-09-04,1015,-7.522,-15.124,-7.602,0.5919
g0304,2025-09-16,1015,-9.046,-16.509,-7.463,0.6083
g0304,2025-09-28,1015,-8.893,-17.409,-8.517,0.4934
g0304,2025-10-10,1015,-8.431,-16.476,-8.045,0.5424
g0304,2025-10-22,1015,-7.198,-17.709,-10.51,0.3266
g0304,2025-11-03,1015,-8.552,-18.089,-9.538,0.4004
g0304,2025-11-15,1015,-8.838,-18.459,-9.621,0.3935
g0304,2025-11-27,1015,-7.36,-18.604,-11.244,0.2794
g0304,2025-12-09,1015,-8.391,-18.507,-10.116,0.3549
g0304,2025-12-21,1015,-9.015,-17.839,-8.825,0.4636
g0304,2026-01-02,1015,-9.387,-18.787,-9.401,0.4119
g0304,2026-01-14,1015,-9.152,-18.862,-9.71,0.3863
g0304,2026-01-26,1015,-8.018,-17.754,-9.737,0.3842
g0304,2026-02-19,1015,-8.465,-18.544,-10.079,0.3576
g0304,2026-03-03,1015,-9.22,-17.815,-8.595,0.4856
g0304,2026-03-15,1015,-8.92,-18.601,-9.68,0.3887
g0304,2026-03-27,1015,-8.278,-17.504,-9.226,0.427
g0304,2026-04-08,1015,-7.135,-16.264,-9.129,0.4356
g0304,2026-04-20,1015,-10.124,-18.783,-8.659,0.4794
g0304,2026-05-02,1015,-9.344,-17.838,-8.493,0.4958
g0304,2026-05-14,1015,-9.156,-18.013,-8.857,0.4605
g0304,2026-05-26,1015,-10.486,-18.246,-7.76,0.5739
g0304,2026-06-07,1015,-10.103,-17.842,-7.738,0.5763
g0304,2026-06-19,1015,-8.159,-17.082,-8.923,0.4543
g0304,2026-06-26,1015,-9.23,-18.751,-9.521,0.4018
g0304,2026-07-08,1015,-8.721,-18.334,-9.613,0.3942
g0304,2026-07-20,1015,-10.438,-18.698,-8.26,0.5195
g0304,2026-08-01,1015,-9.772,-18.304,-8.532,0.4919
g0304,2026-08-13,1015,-8.685,-17.383,-8.699,0.4756
g0304,2026-08-25,1015,-9.808,-18.774,-8.965,0.4504
g0304,2026-09-18,1015,-7.947,-17.144,-9.197,0.4295
g0304,2026-09-30,1015,-9.134,-18.688,-9.554,0.399
g0305,2025-09-04,60,-5.085,-11.324,-6.238,0.7684
g0305,2025-09-16,60,-6.768,-12.577,-5.809,0.8317
g0305,2025-09-28,60,-8.804,-14.463,-5.658,0.8547
g0305,2025-10-10,60,-7.367,-13.204,-5.838,0.8273
g0305,2025-10-22,60,-10.409,-17.851,-7.442,0.6109
g0305,2025-11-03,60,-3.925,-14.256,-10.331,0.3392
g0305,2025-11-15,60,-10.962,-18.797,-7.836,0.5654
g0305,2025-11-27,60,-10.807,-20.056,-9.249,0.425
g0305,2025-12-09,60,-7.407,-14.929,-7.523,0.6013
g0305,2025-12-21,60,-9.483,-15.713,-6.23,0.7696
g0305,2026-01-02,60,-11.538,-14.635,-3.096,1.3158
g0305,2026-01-14,60,-12.751,-17.391,-4.64,1.0228
g0305,2026-01-26,60,-10.785,-17.138,-6.352,0.7522
g0305,2026-02-19,60,-10.484,-17.636,-7.152,0.6462
g0305,2026-03-03,60,-12.589,-17.083,-4.494,1.0486
g0305,2026-03-15,60,-9.77,-16.079,-6.309,0.7584
g0305,2026-03-27,60,-9.085,-13.773,-4.689,1.0143
g0305,2026-04-08,60,-6.451,-10.469,-4.018,1.1356
g0305,2026-04-20,60,-10.625,-15.41,-4.785,0.9976
g0305,2026-05-02,60,-14.14,-20.185,-6.044,0.7965
g0305,2026-05-14,60,-11.075,-18.858,-7.783,0.5712
g0305,2026-05-26,60,-11.726,-19.087,-7.361,0.6206
g0305,2026-06-07,60,-8.369,-17.156,-8.787,0.4671
g0305,2026-06-19,60,-7.033,-14.874,-7.841,0.5648
g0305,2026-06-26,60,-11.072,-17.193,-6.121,0.7854
g0305,2026-07-08,60,-9.077,-19.044,-9.967,0.3662
g0305,2026-07-20,60,-9.819,-20.441,-10.622,0.319
g0305,2026-08-01,60,-5.784,-18.958,-13.174,0.1838
g0305,2026-08-13,60,-7.01,-16.678,-9.668,0.3897
g0305,2026-08-25,60,-10.458,-16.507,-6.05,0.7957
g0305,2026-09-18,60,-9.173,-15.238,-6.065,0.7935
g0305,2026-09-30,60,-8.995,-14.405,-5.41,0.8938
g0306,2025-09-04,118,-7.387,-12.967,-5.58,0.8669
g0306,2025-09-16,118,-7.006,-12.552,-5.546,0.8723
g0306,2025-09-28,118,-7.408,-12.516,-5.108,0.943
g0306,2025-10-10,118,-6.868,-12.299,-5.431,0.8904
g0306,2025-10-22,118,-7.043,-13.009,-5.966,0.808
g0306,2025-11-03,118,-6.824,-14.289,-7.466,0.608
g0306,2025-11-15,118,-9.92,-16.215,-6.295,0.7604
g0306,2025-11-27,118,-9.15,-17.577,-8.427,0.5024
g0306,2025-12-09,118,-11.119,-19.612,-8.493,0.4958
g0306,2025-12-21,118,-10.857,-18.633,-7.777,0.572
g0306,2026-01-02,118,-10.731,-18.359,-7.629,0.5889
g0306,2026-01-14,118,-10.132,-18.892,-8.76,0.4697
g0306,2026-01-26,118,-9.47,-17.759,-8.289,0.5165
g0306,2026-02-19,118,-11.531,-19.631,-8.1,0.5364
g0306,2026-03-03,118,-10.277,-15.989,-5.712,0.8465
g0306,2026-03-15,118,-9.242,-14.708,-5.465,0.885
g0306,2026-03-27,118,-8.298,-13.773,-5.475,0.8835
g0306,2026-04-08,118,-8.846,-12.878,-4.032,1.133
g0306,2026-04-20,118,-9.27,-15.744,-6.474,0.7352
g0306,2026-05-02,118,-9.826,-15.854,-6.028,0.7989
g0306,2026-05-14,118,-9.925,-15.351,-5.426,0.8912
g0306,2026-05-26,118,-9.544,-16.194,-6.65,0.7113
g0306,2026-06-07,118,-9.33,-16.287,-6.957,0.6709
g0306,2026-06-19,118,-7.155,-13.878,-6.722,0.7016
g0306,2026-06-26,118,-8.412,-14.414,-6.002,0.8027
g0306,2026-07-08,118,-8.308,-13.835,-5.527,0.8752
g0306,2026-07-20,118,-7.659,-14.166,-6.506,0.7308
g0306,2026-08-01,118,-7.119,-14.193,-7.075,0.6559
g0306,2026-08-13,118,-6.59,-13.074,-6.484,0.734
g0306,2026-08-25,118,-9.072,-15.207,-6.135,0.7833
g0306,2026-09-18,118,-8.237,-14.18,-5.942,0.8116
g0306,2026-09-30,118,-7.398,-13.644,-6.246,0.7673
g0307,2025-09-04,47,-4.797,-12.721,-7.924,0.5555
g0307,2025-09-16,47,-9.169,-17.504,-8.335,0.5118
g0307,2025-09-28,47,-4.41,-18.763,-14.353,0.1416
g0307,2025-10-10,47,-2.571,-14.019,-11.449,0.2674
g0307,2025-10-22,47,-4.641,-14.417,-9.776,0.3811
g0307,2025-11-03,47,-6.482,-13.498,-7.016,0.6633
g0307,2025-11-15,47,-6.635,-12.873,-6.238,0.7685
g0307,2025-11-27,47,-6.899,-16.021,-9.122,0.4362
g0307,2025-12-09,47,-8.071,-14.363,-6.292,0.7607
g0307,2025-12-21,47,-6.642,-15.082,-8.439,0.5012
g0307,2026-01-02,47,-7.551,-14.318,-6.767,0.6957
g0307,2026-01-14,47,-7.338,-15.062,-7.724,0.578
g0307,2026-01-26,47,-8.804,-17.653,-8.849,0.4613
g0307,2026-02-19,47,-2.415,-18.69,-16.275,0.0921
g0307,2026-03-03,47,-3.847,-18.899,-15.053,0.1212
g0307,2026-03-15,47,-4.47,-15.808,-11.337,0.2739
g0307,2026-03-27,47,-5.346,-12.941,-7.595,0.5928
g0307,2026-04-08,47,-6.013,-12.94,-6.927,0.6747
g0307,2026-04-20,47,-9.54,-14.144,-4.604,1.0292
g0307,2026-05-02,47,-9.277,-15.302,-6.026,0.7993
g0307,2026-05-14,47,-8.547,-15.322,-6.775,0.6946
g0307,2026-05-26,47,-8.073,-14.601,-6.528,0.7279
g0307,2026-06-07,47,-9.696,-17.275,-7.579,0.5946
g0307,2026-06-19,47,-0.404,-15.897,-15.493,0.1098
g0307,2026-06-26,47,-3.56,-17.214,-13.654,0.1653
g0307,2026-07-08,47,-5.242,-14.904,-9.662,0.3902
g0307,2026-07-20,47,-6.046,-13.89,-7.843,0.5645
g0307,2026-08-01,47,-8.283,-13.095,-4.812,0.9929
g0307,2026-08-13,47,-6.923,-12.868,-5.945,0.8113
g0307,2026-08-25,47,-6.707,-13.538,-6.831,0.6872
g0307,2026-09-18,47,-5.084,-16.943,-11.859,0.2448
g0307,2026-09-30,47,-7.882,-16.171,-8.289,0.5165
g0308,2025-09-04,39,-5.007,-13.16,-8.152,0.5309
g0308,2025-09-16,39,-8.713,-14.013,-5.3,0.9116
g0308,2025-09-28,39,-10.001,-14.98,-4.98,0.9644
g0308,2025-10-10,39,-8.33,-14.184,-5.854,0.8248
g0308,2025-10-22,39,-8.651,-15.993,-7.342,0.6228
g0308,2025-11-03,39,-10.3,-16.653,-6.353,0.7521
g0308,2025-11-15,39,-9.226,-18.517,-9.29,0.4214
g0308,2025-11-27,39,-8.705,-18.097,-9.392,0.4126
g0308,2025-12-09,39,-6.921,-15.136,-8.215,0.5243
g0308,2025-12-21,39,-7.641,-14.598,-6.957,0.6709
g0308,2026-01-02,39,-10.003,-13.936,-3.933,1.1516
g0308,2026-01-14,39,-10.541,-15.638,-5.097,0.9448
g0308,2026-01-26,39,-10.356,-15.621,-5.265,0.9171
g0308,2026-02-19,39,-10.137,-16.915,-6.779,0.6941
g0308,2026-03-03,39,-10.835,-16.961,-6.125,0.7847
g0308,2026-03-15,39,-9.898,-14.83,-4.932,0.9724
g0308,2026-03-27,39,-8.601,-13.828,-5.227,0.9234
g0308,2026-04-08,39,-6.47,-10.405,-3.935,1.1513
g0308,2026-04-20,39,-10.328,-15.919,-5.591,0.8652
g0308,2026-05-02,39,-9.922,-18.75,-8.829,0.4632
g0308,2026-05-14,39,-9.074,-16.199,-7.125,0.6496
g0308,2026-05-26,39,-9.655,-16.121,-6.466,0.7363
g0308,2026-06-07,39,-8.969,-16.849,-7.879,0.5605
g0308,2026-06-19,39,-6.421,-15.078,-8.657,0.4796
g0308,2026-06-26,39,-8.032,-15.237,-7.205,0.6396
g0308,2026-07-08,39,-8.367,-17.456,-9.089,0.4392
g0308,2026-07-20,39,-9.562,-17.871,-8.309,0.5145
g0308,2026-08-01,39,-10.342,-15.594,-5.252,0.9193
g0308,2026-08-13,39,-8.074,-16.163,-8.089,0.5377
g0308,2026-08-25,39,-8.126,-15.955,-7.829,0.5661
g0308,2026-09-18,39,-7.331,-13.672,-6.341,0.7538
g0308,2026-09-30,39,-8.816,-15.251,-6.435,0.7407
g0309,2025-09-04,39,-5.169,-14.362,-9.193,0.4299
g0309,2025-09-16,39,-9.43,-16.003,-6.573,0.7217
g0309,2025-09-28,39,-8.263,-14.677,-6.414,0.7436
g0309,2025-10-10,39,-7.103,-14.111,-7.007,0.6644
g0309,2025-10-22,39,-8.797,-16.864,-8.067,0.54
g0309,2025-11-03,39,-11.121,-20.095,-8.974,0.4497
g0309,2025-11-15,39,-8.253,-19.071,-10.817,0.306
g0309,2025-11-27,39,-9.636,-20.161,-10.525,0.3256
g0309,2025-12-09,39,-7.41,-17.441,-10.031,0.3613
g0309,2025-12-21,39,-8.989,-15.119,-6.129,0.7841
g0309,2026-01-02,39,-8.837,-14.103,-5.266,0.917
g0309,2026-01-14,39,-10.206,-16.284,-6.078,0.7915
g0309,2026-01-26,39,-9.159,-15.904,-6.745,0.6986
g0309,2026-02-19,39,-9.582,-15.207,-5.625,0.8599
g0309,2026-03-03,39,-9.531,-14.301,-4.771,1.0001
g0309,2026-03-15,39,-8.692,-16.116,-7.424,0.613
g0309,2026-03-27,39,-9.382,-12.96,-3.578,1.2198
g0309,2026-04-08,39,-7.722,-12.485,-4.764,1.0013
g0309,2026-04-20,39,-10.804,-20.436,-9.632,0.3926
g0309,2026-05-02,39,-12.038,-19.559,-7.521,0.6014
g0309,2026-05-14,39,-7.034,-16.165,-9.132,0.4353
g0309,2026-05-26,39,-8.883,-15.876,-6.993,0.6663
g0309,2026-06-07,39,-7.891,-14.511,-6.621,0.7152
g0309,2026-06-19,39,-5.796,-13.217,-7.421,0.6133
g0309,2026-06-26,39,-10.216,-19.683,-9.467,0.4063
g0309,2026-07-08,39,-9.255,-19.741,-10.486,0.3283
g0309,2026-07-20,39,-7.689,-18.509,-10.82,0.3058
g0309,2026-08-01,39,-8.439,-19.907,-11.468,0.2663
g0309,2026-08-13,39,-7.329,-16.447,-9.118,0.4366
g0309,2026-08-25,39,-9.674,-14.747,-5.073,0.9488
g0309,2026-09-18,39,-6.772,-14.309,-7.536,0.5996
g0309,2026-09-30,39,-9.866,-13.885,-4.019,1.1355
g0400,2025-09-04,22,-7.362,-13.691,-6.329,0.7555
g0400,2025-09-16,22,-2.771,-14.584,-11.813,0.2472
g0400,2025-09-28,22,-6.555,-13.719,-7.164,0.6446
g0400,2025-10-10,22,-7.971,-13.215,-5.243,0.9207
g0400,2025-10-22,22,-11.605,-17.744,-6.139,0.7827
g0400,2025-11-03,22,-10.188,-17.231,-7.043,0.6598
g0400,2025-11-15,22,-10.867,-19.464,-8.597,0.4855
g0400,2025-11-27,22,-11.64,-19.825,-8.185,0.5275
g0400,2025-12-09,22,-7.408,-17.561,-10.153,0.3522
g0400,2025-12-21,22,-9.369,-17.608,-8.238,0.5218
g0400,2026-01-02,22,-10.084,-15.3,-5.216,0.9252
g0400,2026-01-14,22,-11.839,-16.718,-4.879,0.9816
g0400,2026-01-26,22,-10.813,-15.729,-4.916,0.9752
g0400,2026-02-19,22,-11.704,-18.863,-7.158,0.6454
g0400,2026-03-03,22,-12.203,-15.088,-2.886,1.359
g0400,2026-03-15,22,-8.05,-12.808,-4.758,1.0023
g0400,2026-03-27,22,-8.222,-11.8,-3.579,1.2196
g0400,2026-04-08,22,-7.036,-12.315,-5.279,0.9149
g0400,2026-04-20,22,-9.441,-16.849,-7.408,0.6149
g0400,2026-05-02,22,-10.43,-20.196,-9.766,0.3819
g0400,2026-05-14,22,-7.234,-15.153,-7.92,0.556
g0400,2026-05-26,22,-6.965,-15.334,-8.37,0.5082
g0400,2026-06-07,22,-8.153,-16.539,-8.386,0.5066
g0400,2026-06-19,22,-6.948,-16.717,-9.769,0.3816
g0400,2026-06-26,22,-11.518,-21.457,-9.939,0.3683
g0400,2026-07-08,22,-9.561,-17.669,-8.108,0.5355
g0400,2026-07-20,22,-6.147,-18.233,-12.086,0.233
g0400,2026-08-01,22,-8.396,-18.223,-9.828,0.377
g0400,2026-08-13,22,-4.653,-14.392,-9.739,0.384
g0400,2026-08-25,22,-8.033,-13.413,-5.379,0.8987
g0400,2026-09-18,22,-6.591,-13.283,-6.691,0.7057
g0400,2026-09-30,22,-11.251,-17.482,-6.231,0.7695
g0402,2025-09-04,39,-6.871,-11.87,-4.998,0.9613
g0402,2025-09-16,39,-6.418,-12.373,-5.955,0.8097
g0402,2025-09-28,39,-7.031,-13.903,-6.872,0.6818
g0402,2025-10-10,39,-6.473,-11.378,-4.905,0.9771
g0402,2025-10-22,39,-10.405,-17.747,-7.342,0.6228
g0402,2025-11-03,39,-7.77,-16.098,-8.328,0.5126
g0402,2025-11-15,39,-8.537,-15.982,-7.445,0.6105
g0402,2025-11-27,39,-9.598,-18.236,-8.638,0.4814
g0402,2025-12-09,39,-9.892,-18.337,-8.445,0.5006
g0402,2025-12-21,39,-7.701,-15.406,-7.705,0.5801
g0402,2026-01-02,39,-10.302,-16.049,-5.747,0.8411
g0402,2026-01-14,39,-11.956,-16.797,-4.841,0.988
g0402,2026-01-26,39,-10.019,-17.188,-7.169,0.644
g0402,2026-02-19,39,-10.613,-17.285,-6.672,0.7083
g0402,2026-03-03,39,-11.338,-16.976,-5.638,0.8579
g0402,2026-03-15,39,-10.28,-16.042,-5.763,0.8387
g0402,2026-03-27,39,-9.875,-15.917,-6.042,0.7968
g0402,2026-04-08,39,-8.595,-12.216,-3.621,1.2115
g0402,2026-04-20,39,-10.798,-17.337,-6.539,0.7264
g0402,2026-05-02,39,-11.78,-19.525,-7.745,0.5755
g0402,2026-05-14,39,-11.415,-19.983,-8.567,0.4884
g0402,2026-05-26,39,-11.504,-21.278,-9.774,0.3812
g0402,2026-06-07,39,-10.901,-18.638,-7.738,0.5764
g0402,2026-06-19,39,-9.102,-17.437,-8.336,0.5117
g0402,2026-06-26,39,-10.616,-18.958,-8.342,0.5111
g0402,2026-07-08,39,-11.924,-20.486,-8.562,0.4889
g0402,2026-07-20,39,-10.019,-18.041,-8.021,0.5449
g0402,2026-08-01,39,-8.181,-18.349,-10.168,0.3511
g0402,2026-08-13,39,-6.808,-16.8,-9.991,0.3643
g0402,2026-08-25,39,-6.59,-15.349,-8.759,0.4698
g0402,2026-09-18,39,-8.337,-14.15,-5.813,0.831
g0402,2026-09-30,39,-8.595,-14.364,-5.769,0.8377
g0403,2025-09-04,5,-8.888,-14.207,-5.319,0.9085
g0403,2025-09-16,5,-7.158,-15.897,-8.738,0.4718
g0403,2025-09-28,5,-7.211,-15.729,-8.518,0.4933
g0403,2025-10-10,5,-6.895,-15.163,-8.268,0.5187
g0403,2025-10-22,5,-7.418,-18.195,-10.777,0.3087
g0403,2025-11-03,5,-9.776,-17.735,-7.959,0.5516
g0403,2025-11-15,5,-7.976,-15.842,-7.866,0.562
g0403,2025-11-27,5,-11.203,-14.557,-3.354,1.264
g0403,2025-12-09,5,-7.59,-17.001,-9.411,0.411
g0403,2025-12-21,5,-6.071,-15.446,-9.375,0.4141
g0403,2026-01-02,5,-9.515,-15.842,-6.327,0.7558
g0403,2026-01-14,5,-9.885,-14.221,-4.336,1.077
g0403,2026-01-26,5,-10.55,-16.439,-5.888,0.8197
g0403,2026-02-19,5,-10.225,-15.637,-5.411,0.8936
g0403,2026-03-03,5,-12.073,-15.869,-3.795,1.1778
g0403,2026-03-15,5,-9.855,-14.74,-4.885,0.9805
g0403,2026-03-27,5,-8.13,-13.5,-5.37,0.9002
g0403,2026-04-08,5,-5.712,-13.878,-8.166,0.5294
g0403,2026-04-20,5,-8.545,-14.346,-5.801,0.8328
g0403,2026-05-02,5,-11.786,-17.953,-6.167,0.7787
g0403,2026-05-14,5,-9.188,-17.277,-8.089,0.5376
g0403,2026-05-26,5,-10.108,-14.72,-4.612,1.0277
g0403,2026-06-07,5,-9.648,-15.993,-6.344,0.7534
g0403,2026-06-19,5,-8.447,-14.645,-6.198,0.7742
g0403,2026-06-26,5,-10.444,-13.894,-3.45,1.2448
g0403,2026-07-08,5,-8.164,-14.641,-6.476,0.7349
g0403,2026-07-20,5,-7.779,-15.122,-7.343,0.6227
g0403,2026-08-01,5,-7.777,-13.978,-6.201,0.7737
g0403,2026-08-13,5,-6.153,-15.251,-9.097,0.4385
g0403,2026-08-25,5,-6.866,-16.217,-9.351,0.4161
g0403,2026-09-18,5,-9.369,-14.647,-5.278,0.915
g0403,2026-09-30,5,-11.517,-14.013,-2.496,1.4407
g0404,2025-09-04,57,-6.23,-15.645,-9.415,0.4107
g0404,2025-09-16,57,-7.434,-12.49,-5.056,0.9517
g0404,2025-09-28,57,-8.437,-17.374,-8.938,0.453
g0404,2025-10-10,57,-7.232,-13.808,-6.576,0.7213
g0404,2025-10-22,57,-8.881,-16.055,-7.174,0.6434
g0404,2025-11-03,57,-7.969,-16.136,-8.167,0.5293
g0404,2025-11-15,57,-8.96,-17.73,-8.769,0.4688
g0404,2025-11-27,57,-9.179,-19.621,-10.441,0.3314
g0404,2025-12-09,57,-8.69,-19.833,-11.142,0.2855
g0404,2025-12-21,57,-6.27,-16.158,-9.888,0.3723
g0404,2026-01-02,57,-7.503,-14.142,-6.64,0.7126
g0404,2026-01-14,57,-8.377,-15.721,-7.344,0.6225
g0404,2026-01-26,57,-8.846,-15.783,-6.938,0.6733
g0404,2026-02-19,57,-11.82,-18.06,-6.24,0.7682
g0404,2026-03-03,57,-12.383,-17.579,-5.196,0.9284
g0404,2026-03-15,57,-9.902,-15.453,-5.551,0.8715
g0404,2026-03-27,57,-10.398,-15.121,-4.722,1.0085
g0404,2026-04-08,57,-8.615,-11.002,-2.387,1.4639
g0404,2026-04-20,57,-9.984,-18.091,-8.107,0.5357
g0404,2026-05-02,57,-10.666,-20.831,-10.165,0.3513
g0404,2026-05-14,57,-10.527,-20.11,-9.582,0.3967
g0404,2026-05-26,57,-10.758,-20.778,-10.02,0.3621
g0404,2026-06-07,57,-10.374,-19.75,-9.376,0.414
g0404,2026-06-19,57,-7.171,-16.174,-9.003,0.447
g0404,2026-06-26,57,-9.653,-17.872,-8.218,0.5239
g0404,2026-07-08,57,-9.387,-16.774,-7.387,0.6174
g0404,2026-07-20,57,-9.383,-16.952,-7.569,0.5958
g0404,2026-08-01,57,-8.439,-17.202,-8.763,0.4694
g0404,2026-08-13,57,-8.405,-13.669,-5.264,0.9173
g0404,2026-08-25,57,-9.955,-18.102,-8.147,0.5314
g0404,2026-09-18,57,-6.859,-15.161,-8.302,0.5152
g0404,2026-09-30,57,-10.835,-18.155,-7.32,0.6255
g0405,2025-09-04,374,-6.242,-13.776,-7.534,0.5999
g0405,2025-09-16,374,-6.864,-14.131,-7.267,0.6319
g0405,2025-09-28,374,-6.849,-13.045,-6.196,0.7744
g0405,2025-10-10,374,-5.783,-12.645,-6.862,0.6832
g0405,2025-10-22,374,-7.099,-14.183,-7.084,0.6547
g0405,2025-11-03,374,-9.837,-18.708,-8.871,0.4592
g0405,2025-11-15,374,-9.875,-18.469,-8.594,0.4857
g0405,2025-11-27,374,-12.849,-21.429,-8.58,0.4872
g0405,2025-12-09,374,-11.538,-20.838,-9.301,0.4205
g0405,2025-12-21,374,-11.196,-20.57,-9.374,0.4142
g0405,2026-01-02,374,-12.088,-20.501,-8.412,0.5039
g0405,2026-01-14,374,-11.946,-20.728,-8.782,0.4676
g0405,2026-01-26,374,-9.745,-20.473,-10.728,0.3119
g0405,2026-02-19,374,-8.937,-19.642,-10.705,0.3134
g0405,2026-03-03,374,-10.543,-19.054,-8.511,0.494
g0405,2026-03-15,374,-6.742,-13.993,-7.25,0.634
g0405,2026-03-27,374,-6.97,-13.021,-6.051,0.7956
g0405,2026-04-08,374,-8.238,-14.463,-6.225,0.7703
g0405,2026-04-20,374,-8.447,-14.677,-6.23,0.7697
g0405,2026-05-02,374,-8.407,-14.236,-5.828,0.8287
g0405,2026-05-14,374,-9.364,-14.672,-5.307,0.9103
g0405,2026-05-26,374,-9.937,-18.358,-8.421,0.503
g0405,2026-06-07,374,-9.134,-17.751,-8.617,0.4835
g0405,2026-06-19,374,-9.53,-19.018,-9.489,0.4045
g0405,2026-06-26,374,-10.244,-20.659,-10.415,0.3332
g0405,2026-07-08,374,-9.749,-19.405,-9.656,0.3907
g0405,2026-07-20,374,-8.2,-15.403,-7.202,0.6399
g0405,2026-08-01,374,-6.926,-12.743,-5.818,0.8303
g0405,2026-08-13,374,-6.62,-13.538,-6.918,0.6759
g0405,2026-08-25,374,-6.545,-12.761,-6.217,0.7715
g0405,2026-09-18,374,-4.483,-11.276,-6.792,0.6923
g0405,2026-09-30,374,-10.35,-19.59,-9.24,0.4258
g0406,2025-09-04,8,-8.903,-12.314,-3.411,1.2526
g0406,2025-09-16,8,-8.718,-16.908,-8.191,0.5268
g0406,2025-09-28,8,-9.012,-15.155,-6.144,0.782
g0406,2025-10-10,8,-9.722,-14.844,-5.123,0.9405
g0406,2025-10-22,8,-9.571,-16.465,-6.893,0.6791
g0406,2025-11-03,8,-12.814,-16.353,-3.539,1.2275
g0406,2025-11-15,8,-11.417,-14.963,-3.546,1.226
g0406,2025-11-27,8,-12.165,-17.214,-5.049,0.9528
g0406,2025-12-09,8,-8.582,-18.682,-10.1,0.3561
g0406,2025-12-21,8,-7.231,-18.134,-10.903,0.3005
g0406,2026-01-02,8,-10.84,-15.828,-4.987,0.9631
g0406,2026-01-14,8,-10.734,-16.622,-5.888,0.8197
g0406,2026-01-26,8,-9.958,-14.814,-4.856,0.9854
g0406,2026-02-19,8,-12.405,-17.687,-5.282,0.9145
g0406,2026-03-03,8,-11.605,-18.303,-6.698,0.7048
g0406,2026-03-15,8,-11.632,-17.082,-5.45,0.8874
g0406,2026-03-27,8,-9.329,-14.528,-5.199,0.928
g0406,2026-04-08,8,-5.382,-12.915,-7.533,0.6
g0406,2026-04-20,8,-10.357,-18.299,-7.942,0.5536
g0406,2026-05-02,8,-12.153,-16.533,-4.38,1.0691
g0406,2026-05-14,8,-10.402,-16.69,-6.288,0.7613
g0406,2026-05-26,8,-12.985,-15.832,-2.848,1.3669
g0406,2026-06-07,8,-11.292,-17.911,-6.619,0.7154
g0406,2026-06-19,8,-8.412,-15.509,-7.097,0.653
g0406,2026-06-26,8,-12.047,-16.986,-4.939,0.9714
g0406,2026-07-08,8,-11.191,-20.277,-9.086,0.4395
g0406,2026-07-20,8,-9.675,-18.289,-8.615,0.4838
g0406,2026-08-01,8,-9.67,-18.375,-8.704,0.4751
g0406,2026-08-13,8,-9.168,-17.122,-7.955,0.5522
g0406,2026-08-25,8,-8.766,-16.324,-7.558,0.5971
g0406,2026-09-18,8,-8.307,-14.312,-6.005,0.8023
g0406,2026-09-30,8,-9.782,-16.08,-6.298,0.7599
g0407,2025-09-04,11,-10.025,-19.811,-9.785,0.3803
g0407,2025-09-16,11,-15.472,-17.517,-2.046,1.5374
g0407,2025-09-28,11,-10.808,-19.49,-8.682,0.4772
g0407,2025-10-10,11,-12.336,-18.96,-6.624,0.7148
g0407,2025-10-22,11,-7.254,-16.849,-9.595,0.3957
g0407,2025-11-03,11,-11.604,-14.486,-2.882,1.3597
g0407,2025-11-15,11,-12.455,-18.677,-6.222,0.7707
g0407,2025-11-27,11,-9.131,-16.493,-7.362,0.6204
g0407,2025-12-09,11,-9.401,-18.339,-8.937,0.453
g0407,2025-12-21,11,-9.364,-16.13,-6.766,0.6958
g0407,2026-01-02,11,-8.67,-15.473,-6.802,0.691
g0407,2026-01-14,11,-10.036,-14.589,-4.553,1.0382
g0407,2026-01-26,11,-10.996,-14.551,-3.555,1.2242
g0407,2026-02-19,11,-10.312,-15.42,-5.108,0.943
g0407,2026-03-03,11,-12.564,-14.497,-1.933,1.5621
g0407,2026-03-15,11,-9.62,-15.49,-5.87,0.8224
g0407,2026-03-27,11,-8.366,-14.589,-6.223,0.7706
g0407,2026-04-08,11,-6.037,-12.626,-6.59,0.7194
g0407,2026-04-20,11,-10.374,-16.403,-6.029,0.7987
g0407,2026-05-02,11,-14.051,-19.217,-5.166,0.9334
g0407,2026-05-14,11,-11.728,-22.297,-10.569,0.3226
g0407,2026-05-26,11,-11.843,-19.774,-7.932,0.5547
g0407,2026-06-07,11,-10.624,-18.134,-7.51,0.6028
g0407,2026-06-19,11,-7.235,-14.419,-7.184,0.6422
g0407,2026-06-26,11,-9.868,-19.864,-9.996,0.3639
g0407,2026-07-08,11,-10.268,-18.645,-8.378,0.5074
g0407,2026-07-20,11,-9.365,-20.572,-11.207,0.2816
g0407,2026-08-01,11,-10.637,-21.363,-10.725,0.3121
g0407,2026-08-13,11,-13.63,-20.279,-6.649,0.7114
g0407,2026-08-25,11,-11.033,-19.012,-7.979,0.5495
g0407,2026-09-18,11,-10.849,-18.462,-7.613,0.5907
g0407,2026-09-30,11,-8.377,-17.546,-9.169,0.4321
g0408,2025-09-04,31,-5.575,-18.421,-12.846,0.1975
g0408,2025-09-16,31,-8.728,-13.575,-4.847,0.987
g0408,2025-09-28,31,-9.078,-14.39,-5.312,0.9095
g0408,2025-10-10,31,-9.463,-14.293,-4.831,0.9898
g0408,2025-10-22,31,-10.072,-15.531,-5.46,0.8859
g0408,2025-11-03,31,-6.416,-12.591,-6.175,0.7775
g0408,2025-11-15,31,-7.67,-15.829,-8.159,0.5301
g0408,2025-11-27,31,-9.435,-17.07,-7.635,0.5882
g0408,2025-12-09,31,-6.569,-13.548,-6.979,0.6681
g0408,2025-12-21,31,-7.612,-15.27,-7.658,0.5855
g0408,2026-01-02,31,-9.779,-15.479,-5.7,0.8483
g0408,2026-01-14,31,-11.616,-15.261,-3.645,1.2068
g0408,2026-01-26,31,-10.272,-16.112,-5.84,0.8269
g0408,2026-02-19,31,-12.864,-18.939,-6.075,0.792
g0408,2026-03-03,31,-10.887,-16.911,-6.024,0.7994
g0408,2026-03-15,31,-8.654,-14.17,-5.516,0.8769
g0408,2026-03-27,31,-8.152,-14.442,-6.289,0.7611
g0408,2026-04-08,31,-8.84,-13.125,-4.284,1.0864
g0408,2026-04-20,31,-6.557,-18.205,-11.647,0.2562
g0408,2026-05-02,31,-8.41,-19.046,-10.635,0.3181
g0408,2026-05-14,31,-7.621,-20.989,-13.369,0.1761
g0408,2026-05-26,31,-7.452,-16.634,-9.181,0.4309
g0408,2026-06-07,31,-5.711,-13.508,-7.797,0.5697
g0408,2026-06-19,31,-6.111,-14.021,-7.909,0.5572
g0408,2026-06-26,31,-8.986,-14.316,-5.33,0.9066
g0408,2026-07-08,31,-9.155,-15.106,-5.951,0.8103
g0408,2026-07-20,31,-10.25,-15.932,-5.682,0.8511
g0408,2026-08-01,31,-8.012,-13.532,-5.52,0.8763
g0408,2026-08-13,31,-8.728,-13.727,-4.999,0.9611
g0408,2026-08-25,31,-11.102,-14.94,-3.838,1.1697
g0408,2026-09-18,31,-9.126,-13.09,-3.964,1.1458
g0408,2026-09-30,31,-10.799,-17.15,-6.35,0.7525
g0409,2025-09-04,41,-8.311,-16.333,-8.022,0.5448
g0409,2025-09-16,41,-7.133,-15.331,-8.198,0.5261
g0409,2025-09-28,41,-11.49,-20.688,-9.198,0.4295
g0409,2025-10-10,41,-7.493,-17.289,-9.796,0.3795
g0409,2025-10-22,41,-6.342,-15.551,-9.208,0.4286
g0409,2025-11-03,41,-8.054,-13.988,-5.934,0.8128
g0409,2025-11-15,41,-7.708,-14.3,-6.592,0.7191
g0409,2025-11-27,41,-9.911,-18.727,-8.816,0.4644
g0409,2025-12-09,41,-11.193,-18.927,-7.733,0.5769
g0409,2025-12-21,41,-11.713,-18.788,-7.074,0.6559
g0409,2026-01-02,41,-10.041,-17.262,-7.221,0.6376
g0409,2026-01-14,41,-10.803,-17.169,-6.366,0.7502
g0409,2026-01-26,41,-8.01,-15.046,-7.037,0.6607
g0409,2026-02-19,41,-8.552,-16.11,-7.558,0.5971
g0409,2026-03-03,41,-8.61,-16.351,-7.741,0.576
g0409,2026-03-15,41,-7.315,-12.949,-5.634,0.8584
g0409,2026-03-27,41,-9.431,-17.128,-7.697,0.581
g0409,2026-04-08,41,-9.931,-16.649,-6.718,0.7021
g0409,2026-04-20,41,7.59,-19.095,-26.686,0.0086
g0409,2026-05-02,41,11.299,-15.21,-26.509,0.0089
g0409,2026-05-14,41,-0.809,-14.798,-13.989,0.1535
g0409,2026-05-26,41,-6.102,-14.722,-8.62,0.4832
g0409,2026-06-07,41,-8.079,-14.717,-6.638,0.7129
g0409,2026-06-19,41,4.339,-14.963,-19.301,0.0464
g0409,2026-06-26,41,-12.574,-19.799,-7.226,0.637
g0409,2026-07-08,41,-11.381,-18.432,-7.05,0.6589
g0409,2026-07-20,41,-9.654,-18.423,-8.769,0.4688
g0409,2026-08-01,41,-9.783,-18.29,-8.507,0.4944
g0409,2026-08-13,41,-10.543,-18.225,-7.682,0.5827
g0409,2026-08-25,41,-9.879,-16.064,-6.185,0.776
g0409,2026-09-18,41,-6.758,-11.507,-4.748,1.004
g0409,2026-09-30,41,-7.326,-15.384,-8.058,0.541
g0500,2025-09-04,50,-9.263,-18.306,-9.043,0.4433
g0500,2025-09-16,50,-10.117,-15.519,-5.401,0.8952
g0500,2025-09-28,50,-12.674,-17.574,-4.899,0.978
g0500,2025-10-10,50,-9.58,-16.993,-7.413,0.6143
g0500,2025-10-22,50,-11.288,-18.432,-7.144,0.6472
g0500,2025-11-03,50,-6.362,-16.379,-10.018,0.3623
g0500,2025-11-15,50,-10.396,-19.14,-8.743,0.4713
g0500,2025-11-27,50,-5.764,-20.435,-14.671,0.132
g0500,2025-12-09,50,-6.825,-21.968,-15.143,0.1188
g0500,2025-12-21,50,-9.233,-19.825,-10.592,0.321
g0500,2026-01-02,50,-7.761,-19.303,-11.543,0.262
g0500,2026-01-14,50,-10.801,-19.391,-8.59,0.4862
g0500,2026-01-26,50,-9.598,-18.512,-8.914,0.4551
g0500,2026-02-19,50,-10.563,-20.324,-9.761,0.3823
g0500,2026-03-03,50,-10.109,-19.41,-9.302,0.4204
g0500,2026-03-15,50,-8.821,-19.192,-10.372,0.3363
g0500,2026-03-27,50,-9.556,-18.222,-8.666,0.4787
g0500,2026-04-08,50,-8.784,-15.396,-6.612,0.7164
g0500,2026-04-20,50,-11.092,-21.983,-10.891,0.3013
g0500,2026-05-02,50,-12.258,-22.19,-9.932,0.3688
g0500,2026-05-14,50,-9.951,-21.303,-11.352,0.273
g0500,2026-05-26,50,-12.178,-22.494,-10.317,0.3402
g0500,2026-06-07,50,-11.03,-21.135,-10.105,0.3557
g0500,2026-06-19,50,-11.499,-18.082,-6.582,0.7204
g0500,2026-06-26,50,-13.66,-20.933,-7.273,0.6312
g0500,2026-07-08,50,-14.325,-22.587,-8.262,0.5193
g0500,2026-07-20,50,-13.66,-23.031,-9.371,0.4144
g0500,2026-08-01,50,-12.914,-20.476,-7.563,0.5966
g0500,2026-08-13,50,-10.408,-20.206,-9.797,0.3794
g0500,2026-08-25,50,-12.204,-20.229,-8.024,0.5446
g0500,2026-09-18,50,-8.638,-16.291,-7.653,0.5861
g0500,2026-09-30,50,-8.769,-17.954,-9.185,0.4306
g0501,2025-09-04,4,-9.238,-15.008,-5.77,0.8375
g0501,2025-09-16,4,-13.102,-19.027,-5.925,0.8141
g0501,2025-09-28,4,-9.298,-16.892,-7.595,0.5928
g0501,2025-10-10,4,-7.934,-16.27,-8.336,0.5117
g0501,2025-10-22,4,-9.171,-13.377,-4.207,1.1006
g0501,2025-11-03,4,-9.855,-15.096,-5.241,0.9211
g0501,2025-11-15,4,-11.262,-15.393,-4.131,1.1146
g0501,2025-11-27,4,-7.223,-16.394,-9.17,0.4319
g0501,2025-12-09,4,-9.394,-18.865,-9.47,0.406
g0501,2025-12-21,4,-11.734,-19.299,-7.565,0.5963
g0501,2026-01-02,4,-11.395,-19.282,-7.887,0.5596
g0501,2026-01-14,4,-11.717,-17.547,-5.83,0.8284
g0501,2026-01-26,4,-5.544,-14.434,-8.889,0.4575
g0501,2026-02-19,4,-10.326,-19.828,-9.502,0.4034
g0501,2026-03-03,4,-9.898,-16.316,-6.417,0.7431
g0501,2026-03-15,4,-8.509,-15.637,-7.128,0.6491
g0501,2026-03-27,4,-8.797,-17.287,-8.49,0.4961
g0501,2026-04-08,4,-9.444,-13.371,-3.927,1.1527
g0501,2026-04-20,4,-11.726,-17.474,-5.748,0.841
g0501,2026-05-02,4,-9.5,-19.558,-10.057,0.3593
g0501,2026-05-14,4,-10.221,-20.008,-9.787,0.3802
g0501,2026-05-26,4,-8.846,-17.73,-8.884,0.458
g0501,2026-06-07,4,-4.743,-13.612,-8.868,0.4594
g0501,2026-06-19,4,-7.537,-16.166,-8.629,0.4824
g0501,2026-06-26,4,-9.191,-16.538,-7.347,0.6222
g0501,2026-07-08,4,-9.915,-18.23,-8.316,0.5138
g0501,2026-07-20,4,-11.793,-17.01,-5.218,0.9249
g0501,2026-08-01,4,-9.855,-14.382,-4.527,1.0428
g0501,2026-08-13,4,-6.281,-16.507,-10.226,0.3468
g0501,2026-08-25,4,-10.605,-12.716,-2.111,1.5232
g0501,2026-09-18,4,-5.537,-12.785,-7.248,0.6342
g0501,2026-09-30,4,-8.337,-14.791,-6.454,0.738
g0502,2025-09-04,39,-6.769,-14.694,-7.925,0.5554
g0502,2025-09-16,39,-9.547,-14.233,-4.686,1.0148
g0502,2025-09-28,39,-7.299,-14.167,-6.867,0.6825
g0502,2025-10-10,39,-9.129,-13.429,-4.3,1.0836
g0502,2025-10-22,39,-8.54,-16.266,-7.726,0.5777
g0502,2025-11-03,39,-5.997,-16.016,-10.019,0.3622
g0502,2025-11-15,39,-10.048,-17.99,-7.942,0.5536
g0502,2025-11-27,39,-10.821,-17.32,-6.499,0.7319
g0502,2025-12-09,39,-9.902,-18.528,-8.626,0.4826
g0502,2025-12-21,39,-7.627,-16.217,-8.59,0.4861
g0502,2026-01-02,39,-8.994,-13.855,-4.862,0.9845
g0502,2026-01-14,39,-9.831,-14.758,-4.927,0.9734
g0502,2026-01-26,39,-9.58,-14.917,-5.337,0.9054
g0502,2026-02-19,39,-10.676,-16.02,-5.344,0.9043
g0502,2026-03-03,39,-12.91,-16.549,-3.639,1.2079
g0502,2026-03-15,39,-8.457,-14.751,-6.294,0.7604
g0502,2026-03-27,39,-10.087,-13.642,-3.554,1.2244
g0502,2026-04-08,39,-7.711,-12.617,-4.906,0.9769
g0502,2026-04-20,39,-10.613,-17.204,-6.59,0.7193
g0502,2026-05-02,39,-11.157,-20.119,-8.962,0.4508
g0502,2026-05-14,39,-10.99,-19.896,-8.906,0.4559
g0502,2026-05-26,39,-11.372,-20.035,-8.663,0.479
g0502,2026-06-07,39,-11.615,-17.967,-6.352,0.7523
g0502,2026-06-19,39,-6.177,-14.057,-7.88,0.5605
g0502,2026-06-26,39,-9.034,-16.88,-7.846,0.5642
g0502,2026-07-08,39,-9.262,-17.59,-8.329,0.5125
g0502,2026-07-20,39,-7.98,-16.785,-8.806,0.4653
g0502,2026-08-01,39,-7.522,-14.426,-6.904,0.6777
g0502,2026-08-13,39,-7.995,-14.732,-6.737,0.6997
g0502,2026-08-25,39,-10.653,-16.001,-5.348,0.9037
g0502,2026-09-18,39,-9.529,-14.757,-5.228,0.9232
g0502,2026-09-30,39,-9.784,-15.008,-5.224,0.9238
g0503,2025-09-04,123,-5.465,-13.384,-7.92,0.556
g0503,2025-09-16,123,-6.436,-14.107,-7.671,0.584
g0503,2025-09-28,123,-7.467,-14.026,-6.559,0.7236
g0503,2025-10-10,123,-6.898,-14.345,-7.447,0.6102
g0503,2025-10-22,123,-9.713,-17.123,-7.41,0.6146
g0503,2025-11-03,123,-9.812,-19.251,-9.439,0.4087
g0503,2025-11-15,123,-9.105,-18.585,-9.48,0.4052
g0503,2025-11-27,123,-11.762,-19.821,-8.06,0.5408
g0503,2025-12-09,123,-10.349,-20.003,-9.654,0.3908
g0503,2025-12-21,123,-9.183,-16.908,-7.726,0.5778
g0503,2026-01-02,123,-9.054,-15.288,-6.234,0.769
g0503,2026-01-14,123,-9.937,-16.141,-6.203,0.7734
g0503,2026-01-26,123,-9.514,-15.375,-5.861,0.8238
g0503,2026-02-19,123,-9.945,-17.575,-7.63,0.5887
g0503,2026-03-03,123,-10.694,-17.058,-6.364,0.7506
g0503,2026-03-15,123,-8.984,-14.687,-5.703,0.8479
g0503,2026-03-27,123,-9.364,-15.183,-5.819,0.8301
g0503,2026-04-08,123,-7.196,-11.577,-4.381,1.0689
g0503,2026-04-20,123,-12.705,-18.927,-6.223,0.7707
g0503,2026-05-02,123,-12.863,-21.83,-8.967,0.4503
g0503,2026-05-14,123,-9.246,-18.301,-9.055,0.4422
g0503,2026-05-26,123,-10.792,-18.87,-8.078,0.5388
g0503,2026-06-07,123,-10.566,-17.978,-7.413,0.6143
g0503,2026-06-19,123,-8.771,-17.761,-8.99,0.4482
g0503,2026-06-26,123,-9.167,-17.574,-8.406,0.5045
g0503,2026-07-08,123,-12.202,-19.512,-7.31,0.6266
g0503,2026-07-20,123,-11.361,-21.173,-9.812,0.3782
g0503,2026-08-01,123,-8.806,-18.048,-9.242,0.4256
g0503,2026-08-13,123,-7.511,-14.043,-6.532,0.7273
g0503,2026-08-25,123,-7.569,-14.119,-6.551,0.7247
g0503,2026-09-18,123,-6.906,-12.565,-5.66,0.8545
g0503,2026-09-30,123,-8.907,-14.48,-5.573,0.8681
g0504,2025-09-04,47,-8.899,-13.595,-4.696,1.0131
g0504,2025-09-16,47,-8.597,-14.633,-6.036,0.7978
g0504,2025-09-28,47,-9.12,-17.717,-8.597,0.4855
g0504,2025-10-10,47,-9.999,-16.417,-6.418,0.743
g0504,2025-10-22,47,-10.808,-18.011,-7.203,0.6398
g0504,2025-11-03,47,-9.925,-17.545,-7.621,0.5898
g0504,2025-11-15,47,-10.435,-17.12,-6.686,0.7065
g0504,2025-11-27,47,-7.68,-17.682,-10.002,0.3635
g0504,2025-12-09,47,-8.191,-18.209,-10.018,0.3623
g0504,2025-12-21,47,-8.901,-18.967,-10.067,0.3586
g0504,2026-01-02,47,-9.283,-17.035,-7.752,0.5748
g0504,2026-01-14,47,-9.509,-15.013,-5.503,0.8789
g0504,2026-01-26,47,-8.673,-15.612,-6.938,0.6733
g0504,2026-02-19,47,-8.782,-15.082,-6.299,0.7597
g0504,2026-03-03,47,-10.189,-16.413,-6.224,0.7704
g0504,2026-03-15,47,-11.167,-15.844,-4.677,1.0164
g0504,2026-03-27,47,-10.459,-15.739,-5.28,0.9147
g0504,2026-04-08,47,-9.23,-13.521,-4.291,1.0852
g0504,2026-04-20,47,-11.192,-18.389,-7.197,0.6405
g0504,2026-05-02,47,-11.826,-19.499,-7.673,0.5838
g0504,2026-05-14,47,-11.404,-18.992,-7.589,0.5935
g0504,2026-05-26,47,-10.783,-20.835,-10.052,0.3597
g0504,2026-06-07,47,-12.946,-19.744,-6.798,0.6916
g0504,2026-06-19,47,-8.362,-17.418,-9.056,0.4422
g0504,2026-06-26,47,-10.443,-17.905,-7.462,0.6084
g0504,2026-07-08,47,-10.95,-18.337,-7.387,0.6174
g0504,2026-07-20,47,-11.655,-19.235,-7.58,0.5945
g0504,2026-08-01,47,-9.917,-18.287,-8.37,0.5083
g0504,2026-08-13,47,-7.927,-16.521,-8.595,0.4857
g0504,2026-08-25,47,-10.861,-15.811,-4.949,0.9696
g0504,2026-09-18,47,-6.717,-12.581,-5.864,0.8233
g0504,2026-09-30,47,-8.416,-15.951,-7.535,0.5998
g0505,2025-09-04,70,-8.031,-14.865,-6.834,0.6869
g0505,2025-09-16,70,-7.633,-12.902,-5.269,0.9165
g0505,2025-09-28,70,-9.495,-13.764,-4.27,1.0891
g0505,2025-10-10,70,-9.091,-15.131,-6.041,0.797
g0505,2025-10-22,70,-11.327,-18.209,-6.882,0.6805
g0505,2025-11-03,70,-8.464,-16.8,-8.336,0.5116
g0505,2025-11-15,70,-10.566,-20.048,-9.482,0.405
g0505,2025-11-27,70,-9.584,-19.311,-9.728,0.3849
g0505,2025-12-09,70,-6.54,-14.813,-8.272,0.5183
g0505,2025-12-21,70,-9.865,-15.687,-5.822,0.8297
g0505,2026-01-02,70,-10.719,-15.11,-4.391,1.0671
g0505,2026-01-14,70,-11.869,-16.889,-5.021,0.9576
g0505,2026-01-26,70,-10.74,-16.448,-5.708,0.847
g0505,2026-02-19,70,-11.056,-16.854,-5.798,0.8333
g0505,2026-03-03,70,-12.71,-17.094,-4.384,1.0684
g0505,2026-03-15,70,-10.452,-15.616,-5.164,0.9337
g0505,2026-03-27,70,-9.877,-13.474,-3.597,1.2161
g0505,2026-04-08,70,-6.636,-10.777,-4.141,1.1126
g0505,2026-04-20,70,-9.732,-16.494,-6.762,0.6963
g0505,2026-05-02,70,-9.321,-18.006,-8.686,0.4768
g0505,2026-05-14,70,-8.871,-17.518,-8.647,0.4806
g0505,2026-05-26,70,-9.439,-18.136,-8.697,0.4757
g0505,2026-06-07,70,-8.12,-17.865,-9.745,0.3835
g0505,2026-06-19,70,-7.23,-16.518,-9.288,0.4216
g0505,2026-06-26,70,-11.417,-20.671,-9.254,0.4245
g0505,2026-07-08,70,-12.667,-21.013,-8.346,0.5107
g0505,2026-07-20,70,-9.073,-20.842,-11.769,0.2496
g0505,2026-08-01,70,-5.881,-19.075,-13.194,0.1829
g0505,2026-08-13,70,-6.559,-14.259,-7.699,0.5807
g0505,2026-08-25,70,-6.911,-14.123,-7.212,0.6387
g0505,2026-09-18,70,-8.226,-11.727,-3.501,1.2349
g0505,2026-09-30,70,-8.194,-14.233,-6.039,0.7972
g0507,2025-09-04,28,6.85,-12.063,-18.914,0.0507
g0507,2025-09-16,28,-0.746,-13.74,-12.995,0.1911
g0507,2025-09-28,28,-0.547,-14.293,-13.745,0.162
g0507,2025-10-10,28,0.861,-13.942,-14.803,0.1281
g0507,2025-10-22,28,-0.628,-14.32,-13.693,0.1639
g0507,2025-11-03,28,-1.493,-15.542,-14.049,0.1515
g0507,2025-11-15,28,0.198,-15.982,-16.181,0.0941
g0507,2025-11-27,28,-0.106,-14.474,-14.368,0.1411
g0507,2025-12-09,28,0.159,-15.416,-15.574,0.1078
g0507,2025-12-21,28,0.912,-15.197,-16.109,0.0956
g0507,2026-01-02,28,1.048,-14.367,-15.416,0.1117
g0507,2026-01-14,28,1.315,-14.547,-15.862,0.1011
g0507,2026-01-26,28,2.34,-14.909,-17.249,0.074
g0507,2026-02-19,28,-0.813,-15.218,-14.405,0.14
g0507,2026-03-03,28,-0.226,-15.176,-14.95,0.124
g0507,2026-03-15,28,1.15,-15.235,-16.385,0.0899
g0507,2026-03-27,28,2.9,-13.46,-16.36,0.0904
g0507,2026-04-08,28,4.953,-13.739,-18.692,0.0533
g0507,2026-04-20,28,-0.458,-15.017,-14.56,0.1353
g0507,2026-05-02,28,0.53,-14.667,-15.196,0.1174
g0507,2026-05-14,28,-0.539,-15.702,-15.162,0.1182
g0507,2026-05-26,28,-2.096,-14.935,-12.839,0.1978
g0507,2026-06-07,28,-3.629,-14.618,-10.989,0.2951
g0507,2026-06-19,28,0.921,-14.872,-15.793,0.1027
g0507,2026-06-26,28,-2.979,-15.258,-12.279,0.2235
g0507,2026-07-08,28,-3.127,-15.862,-12.735,0.2023
g0507,2026-07-20,28,-2.088,-14.035,-11.947,0.2402
g0507,2026-08-01,28,-2.214,-14.667,-12.453,0.2151
g0507,2026-08-13,28,-0.152,-14.257,-14.105,0.1496
g0507,2026-08-25,28,-2.894,-15.002,-12.108,0.2319
g0507,2026-09-18,28,2.523,-15.0,-17.522,0.0695
g0507,2026-09-30,28,-2.804,-14.842,-12.038,0.2354
g0508,2025-09-04,17,-4.76,-14.178,-9.418,0.4105
g0508,2025-09-16,17,-5.701,-14.808,-9.106,0.4376
g0508,2025-09-28,17,-7.476,-16.234,-8.758,0.4699
g0508,2025-10-10,17,-7.831,-14.814,-6.983,0.6675
g0508,2025-10-22,17,-8.337,-15.752,-7.415,0.614
g0508,2025-11-03,17,-9.501,-14.017,-4.516,1.0447
g0508,2025-11-15,17,-8.356,-14.395,-6.039,0.7972
g0508,2025-11-27,17,-7.782,-16.522,-8.74,0.4716
g0508,2025-12-09,17,-9.188,-16.786,-7.598,0.5924
g0508,2025-12-21,17,-8.895,-17.938,-9.042,0.4434
g0508,2026-01-02,17,-8.363,-16.259,-7.895,0.5587
g0508,2026-01-14,17,-8.959,-15.201,-6.241,0.768
g0508,2026-01-26,17,-8.416,-16.677,-8.26,0.5195
g0508,2026-02-19,17,-8.324,-16.977,-8.653,0.48
g0508,2026-03-03,17,-8.643,-16.957,-8.314,0.5139
g0508,2026-03-15,17,-4.238,-13.034,-8.796,0.4663
g0508,2026-03-27,17,-4.016,-13.525,-9.51,0.4027
g0508,2026-04-08,17,-5.016,-14.768,-9.752,0.3829
g0508,2026-04-20,17,-8.926,-14.32,-5.394,0.8964
g0508,2026-05-02,17,-7.538,-14.905,-7.367,0.6198
g0508,2026-05-14,17,-7.964,-15.369,-7.406,0.6151
g0508,2026-05-26,17,-7.825,-13.236,-5.41,0.8937
g0508,2026-06-07,17,-6.882,-16.306,-9.425,0.4099
g0508,2026-06-19,17,-7.569,-16.866,-9.297,0.4208
g0508,2026-06-26,17,-8.749,-17.517,-8.768,0.4689
g0508,2026-07-08,17,-7.328,-17.197,-9.869,0.3737
g0508,2026-07-20,17,-7.295,-19.107,-11.812,0.2472
g0508,2026-08-01,17,-7.394,-15.342,-7.948,0.5529
g0508,2026-08-13,17,-7.883,-15.506,-7.623,0.5896
g0508,2026-08-25,17,-6.608,-16.957,-10.349,0.3379
g0508,2026-09-18,17,-6.533,-14.643,-8.11,0.5353
g0508,2026-09-30,17,-7.699,-16.085,-8.386,0.5066
g0509,2025-09-04,25,-9.436,-17.431,-7.995,0.5477
g0509,2025-09-16,25,-7.289,-17.878,-10.589,0.3212
g0509,2025-09-28,25,-10.06,-18.21,-8.15,0.5311
g0509,2025-10-10,25,-8.848,-17.025,-8.178,0.5282
g0509,2025-10-22,25,-6.98,-16.895,-9.915,0.3702
g0509,2025-11-03,25,-6.056,-15.24,-9.185,0.4306
g0509,2025-11-15,25,-8.576,-16.19,-7.613,0.5907
g0509,2025-11-27,25,-8.496,-15.019,-6.524,0.7284
g0509,2025-12-09,25,-9.407,-18.51,-9.103,0.4379
g0509,2025-12-21,25,-12.067,-19.252,-7.186,0.642
g0509,2026-01-02,25,-7.268,-16.19,-8.922,0.4544
g0509,2026-01-14,25,-9.566,-16.146,-6.58,0.7207
g0509,2026-01-26,25,-8.956,-15.706,-6.75,0.6979
g0509,2026-02-19,25,-11.406,-17.954,-6.548,0.7251
g0509,2026-03-03,25,-11.475,-18.588,-7.113,0.651
g0509,2026-03-15,25,-9.503,-15.747,-6.244,0.7676
g0509,2026-03-27,25,-10.488,-15.314,-4.826,0.9905
g0509,2026-04-08,25,-8.42,-11.456,-3.035,1.3282
g0509,2026-04-20,25,-12.467,-16.596,-4.129,1.115
g0509,2026-05-02,25,-14.014,-21.452,-7.438,0.6113
g0509,2026-05-14,25,-10.614,-19.403,-8.788,0.467
g0509,2026-05-26,25,-11.529,-21.893,-10.364,0.3368
g0509,2026-06-07,25,-10.697,-19.623,-8.926,0.454
g0509,2026-06-19,25,-7.649,-14.746,-7.097,0.653
g0509,2026-06-26,25,-8.757,-16.132,-7.375,0.6188
g0509,2026-07-08,25,-7.893,-15.676,-7.782,0.5713
g0509,2026-07-20,25,-8.945,-13.617,-4.673,1.0171
g0509,2026-08-01,25,-9.179,-15.405,-6.227,0.77
g0509,2026-08-13,25,-7.161,-14.267,-7.107,0.6518
g0509,2026-08-25,25,-10.077,-14.774,-4.697,1.0128
g0509,2026-09-18,25,-7.451,-13.28,-5.829,0.8286
g0509,2026-09-30,25,-9.131,-13.812,-4.681,1.0157
g0600,2025-09-04,143,-9.709,-13.806,-4.097,1.1208
g0600,2025-09-16,143,-8.219,-13.524,-5.304,0.9108
g0600,2025-09-28,143,-9.143,-14.756,-5.613,0.8617
g0600,2025-10-10,143,-8.291,-15.205,-6.914,0.6763
g0600,2025-10-22,143,-8.429,-17.274,-8.844,0.4617
g0600,2025-11-03,143,-8.165,-18.046,-9.881,0.3728
g0600,2025-11-15,143,-8.932,-19.462,-10.53,0.3252
g0600,2025-11-27,143,-5.939,-13.277,-7.338,0.6233
g0600,2025-12-09,143,-6.283,-14.384,-8.102,0.5363
g0600,2025-12-21,143,-6.801,-13.683,-6.883,0.6805
g0600,2026-01-02,143,-8.159,-13.315,-5.156,0.935
g0600,2026-01-14,143,-8.318,-13.328,-5.011,0.9592
g0600,2026-01-26,143,-7.744,-13.706,-5.962,0.8087
g0600,2026-02-19,143,-6.493,-10.439,-3.946,1.1492
g0600,2026-03-03,143,-6.431,-11.099,-4.668,1.0179
g0600,2026-03-15,143,-6.699,-10.025,-3.326,1.2696
g0600,2026-03-27,143,-8.502,-12.381,-3.88,1.1617
g0600,2026-04-08,143,-5.805,-12.287,-6.481,0.7342
g0600,2026-04-20,143,-9.319,-16.887,-7.567,0.596
g0600,2026-05-02,143,-8.105,-14.592,-6.487,0.7334
g0600,2026-05-14,143,-7.944,-14.519,-6.575,0.7215
g0600,2026-05-26,143,-9.711,-17.059,-7.348,0.6221
g0600,2026-06-07,143,-9.1,-18.134,-9.034,0.4441
g0600,2026-06-19,143,-5.463,-15.564,-10.101,0.356
g0600,2026-06-26,143,-9.795,-20.908,-11.113,0.2873
g0600,2026-07-08,143,-10.692,-19.075,-8.383,0.5069
g0600,2026-07-20,143,-8.524,-19.953,-11.429,0.2685
g0600,2026-08-01,143,-7.951,-15.55,-7.598,0.5924
g0600,2026-08-13,143,-8.784,-14.524,-5.741,0.8421
g0600,2026-08-25,143,-9.373,-15.991,-6.617,0.7157
g0600,2026-09-18,143,-8.848,-13.652,-4.804,0.9944
g0600,2026-09-30,143,-9.369,-14.744,-5.375,0.8994
g0601,2025-09-04,200,-7.001,-14.398,-7.397,0.6162
g0601,2025-09-16,200,-10.202,-16.713,-6.51,0.7303
g0601,2025-09-28,200,-10.301,-18.117,-7.815,0.5676
g0601,2025-10-10,200,-9.121,-16.147,-7.026,0.662
g0601,2025-10-22,200,-10.828,-18.189,-7.361,0.6205
g0601,2025-11-03,200,-6.519,-15.897,-9.378,0.4138
g0601,2025-11-15,200,-12.763,-21.377,-8.614,0.4838
g0601,2025-11-27,200,-13.045,-22.146,-9.101,0.4381
g0601,2025-12-09,200,-13.27,-22.603,-9.334,0.4176
g0601,2025-12-21,200,-12.576,-20.524,-7.948,0.5529
g0601,2026-01-02,200,-7.783,-15.203,-7.42,0.6134
g0601,2026-01-14,200,-8.752,-15.692,-6.94,0.6731
g0601,2026-01-26,200,-8.15,-14.918,-6.768,0.6955
g0601,2026-02-19,200,-11.493,-17.09,-5.596,0.8643
g0601,2026-03-03,200,-12.065,-16.023,-3.959,1.1468
g0601,2026-03-15,200,-9.079,-14.502,-5.423,0.8918
g0601,2026-03-27,200,-9.761,-13.372,-3.611,1.2134
g0601,2026-04-08,200,-7.9,-12.15,-4.25,1.0926
g0601,2026-04-20,200,-13.202,-20.307,-7.105,0.652
g0601,2026-05-02,200,-12.808,-21.385,-8.577,0.4874
g0601,2026-05-14,200,-13.416,-23.031,-9.616,0.394
g0601,2026-05-26,200,-13.747,-22.926,-9.179,0.4311
g0601,2026-06-07,200,-13.836,-22.99,-9.154,0.4334
g0601,2026-06-19,200,-7.597,-16.415,-8.818,0.4642
g0601,2026-06-26,200,-9.598,-17.78,-8.182,0.5277
g0601,2026-07-08,200,-13.596,-23.868,-10.272,0.3435
g0601,2026-07-20,200,-7.958,-21.992,-14.034,0.152
g0601,2026-08-01,200,-6.707,-17.369,-10.662,0.3163
g0601,2026-08-13,200,-8.043,-16.217,-8.174,0.5286
g0601,2026-08-25,200,-9.243,-16.012,-6.769,0.6953
g0601,2026-09-18,200,-8.3,-13.137,-4.837,0.9888
g0601,2026-09-30,200,-9.955,-15.197,-5.243,0.9208
g0602,2025-09-04,35,-7.005,-16.337,-9.332,0.4178
g0602,2025-09-16,35,-8.628,-15.778,-7.15,0.6465
g0602,2025-09-28,35,-9.265,-14.829,-5.564,0.8693
g0602,2025-10-10,35,-8.937,-14.136,-5.2,0.9278
g0602,2025-10-22,35,-9.993,-15.357,-5.364,0.9011
g0602,2025-11-03,35,-11.626,-19.561,-7.934,0.5544
g0602,2025-11-15,35,-13.257,-23.101,-9.844,0.3757
g0602,2025-11-27,35,-12.968,-21.306,-8.338,0.5115
g0602,2025-12-09,35,-10.42,-17.761,-7.341,0.6229
g0602,2025-12-21,35,-8.783,-16.764,-7.981,0.5493
g0602,2026-01-02,35,-10.047,-14.584,-4.537,1.0409
g0602,2026-01-14,35,-10.415,-16.375,-5.96,0.809
g0602,2026-01-26,35,-9.289,-15.609,-6.32,0.7568
g0602,2026-02-19,35,-12.203,-17.414,-5.212,0.9259
g0602,2026-03-03,35,-14.575,-17.405,-2.83,1.3705
g0602,2026-03-15,35,-10.79,-14.754,-3.964,1.1458
g0602,2026-03-27,35,-9.138,-13.603,-4.465,1.0537
g0602,2026-04-08,35,-7.094,-11.264,-4.171,1.1073
g0602,2026-04-20,35,-11.533,-19.259,-7.726,0.5777
g0602,2026-05-02,35,-12.355,-23.673,-11.318,0.275
g0602,2026-05-14,35,-7.855,-17.46,-9.605,0.3949
g0602,2026-05-26,35,-6.295,-17.465,-11.17,0.2838
g0602,2026-06-07,35,-7.063,-17.338,-10.274,0.3433
g0602,2026-06-19,35,-7.045,-18.224,-11.179,0.2833
g0602,2026-06-26,35,-9.94,-20.153,-10.213,0.3478
g0602,2026-07-08,35,-9.387,-18.601,-9.214,0.4281
g0602,2026-07-20,35,-11.525,-21.927,-10.401,0.3342
g0602,2026-08-01,35,-7.968,-21.251,-13.283,0.1794
g0602,2026-08-13,35,-7.251,-16.817,-9.565,0.3981
g0602,2026-08-25,35,-9.64,-14.895,-5.255,0.9189
g0602,2026-09-18,35,-9.463,-15.391,-5.928,0.8138
g0602,2026-09-30,35,-12.189,-18.348,-6.159,0.7798
g0603,2025-09-04,8,-5.476,-12.02,-6.544,0.7256
g0603,2025-09-16,8,-9.46,-13.139,-3.679,1.2002
g0603,2025-09-28,8,-9.171,-14.311,-5.14,0.9376
g0603,2025-10-10,8,-12.816,-19.734,-6.918,0.6759
g0603,2025-10-22,8,-10.026,-17.692,-7.665,0.5846
g0603,2025-11-03,8,-11.611,-16.831,-5.22,0.9245
g0603,2025-11-15,8,-8.287,-14.272,-5.985,0.8053
g0603,2025-11-27,8,-8.346,-15.969,-7.623,0.5896
g0603,2025-12-09,8,-7.942,-15.146,-7.204,0.6397
g0603,2025-12-21,8,-9.561,-17.812,-8.251,0.5205
g0603,2026-01-02,8,-8.966,-16.417,-7.451,0.6098
g0603,2026-01-14,8,-9.304,-16.235,-6.931,0.6742
g0603,2026-01-26,8,-9.512,-15.864,-6.353,0.7522
g0603,2026-02-19,8,-10.895,-15.127,-4.231,1.0961
g0603,2026-03-03,8,-11.955,-15.788,-3.833,1.1705
g0603,2026-03-15,8,-11.171,-17.929,-6.758,0.6968
g0603,2026-03-27,8,-11.475,-16.114,-4.639,1.023
g0603,2026-04-08,8,-9.426,-14.515,-5.089,0.9461
g0603,2026-04-20,8,-10.359,-15.329,-4.97,0.966
g0603,2026-05-02,8,-10.385,-16.097,-5.712,0.8465
g0603,2026-05-14,8,-10.823,-17.115,-6.292,0.7607
g0603,2026-05-26,8,-10.718,-17.455,-6.737,0.6996
g0603,2026-06-07,8,-10.963,-15.363,-4.4,1.0655
g0603,2026-06-19,8,-7.81,-16.642,-8.832,0.4628
g0603,2026-06-26,8,-9.275,-17.217,-7.942,0.5536
g0603,2026-07-08,8,-11.246,-16.217,-4.971,0.9658
g0603,2026-07-20,8,-10.904,-15.434,-4.529,1.0423
g0603,2026-08-01,8,-8.895,-17.358,-8.463,0.4988
g0603,2026-08-13,8,1.079,-17.327,-18.406,0.0569
g0603,2026-08-25,8,-0.939,-16.227,-15.288,0.115
g0603,2026-09-18,8,-4.552,-15.568,-11.016,0.2933
g0603,2026-09-30,8,-6.253,-12.614,-6.362,0.7509
g0604,2025-09-04,217,-4.798,-12.033,-7.234,0.636
g0604,2025-09-16,217,-7.676,-14.276,-6.6,0.718
g0604,2025-09-28,217,-5.89,-18.907,-13.017,0.1902
g0604,2025-10-10,217,-3.671,-14.535,-10.864,0.303
g0604,2025-10-22,217,-4.028,-12.102,-8.074,0.5392
g0604,2025-11-03,217,-5.643,-13.138,-7.494,0.6046
g0604,2025-11-15,217,-7.381,-14.315,-6.934,0.6739
g0604,2025-11-27,217,-7.785,-14.868,-7.083,0.6548
g0604,2025-12-09,217,-7.205,-14.234,-7.029,0.6617
g0604,2025-12-21,217,-7.35,-13.802,-6.452,0.7383
g0604,2026-01-02,217,-7.792,-14.32,-6.528,0.7278
g0604,2026-01-14,217,-5.66,-16.349,-10.689,0.3145
g0604,2026-01-26,217,-6.265,-14.876,-8.611,0.4841
g0604,2026-02-19,217,-3.917,-20.733,-16.816,0.0816
g0604,2026-03-03,217,-5.012,-20.238,-15.226,0.1166
g0604,2026-03-15,217,-3.65,-14.281,-10.631,0.3184
g0604,2026-03-27,217,-3.01,-11.698,-8.688,0.4766
g0604,2026-04-08,217,-5.569,-12.221,-6.653,0.7109
g0604,2026-04-20,217,-7.678,-13.75,-6.072,0.7924
g0604,2026-05-02,217,-8.158,-13.631,-5.473,0.8837
g0604,2026-05-14,217,-8.072,-13.403,-5.331,0.9065
g0604,2026-05-26,217,-8.455,-18.341,-9.886,0.3724
g0604,2026-06-07,217,-2.248,-19.64,-17.392,0.0716
g0604,2026-06-19,217,-2.333,-17.544,-15.211,0.117
g0604,2026-06-26,217,-3.774,-16.406,-12.632,0.2069
g0604,2026-07-08,217,-4.918,-12.515,-7.598,0.5925
g0604,2026-07-20,217,-9.17,-15.144,-5.974,0.8068
g0604,2026-08-01,217,-8.449,-15.112,-6.664,0.7094
g0604,2026-08-13,217,-6.482,-13.174,-6.691,0.7057
g0604,2026-08-25,217,-7.042,-13.57,-6.528,0.7278
g0604,2026-09-18,217,-2.012,-13.708,-11.697,0.2535
g0604,2026-09-30,217,-3.332,-12.374,-9.042,0.4434
g0605,2025-09-04,69,-5.319,-12.342,-7.022,0.6625
g0605,2025-09-16,69,-6.33,-13.379,-7.049,0.6591
g0605,2025-09-28,69,-6.458,-13.413,-6.955,0.6711
g0605,2025-10-10,69,-6.08,-14.142,-8.062,0.5405
g0605,2025-10-22,69,-7.129,-13.455,-6.326,0.756
g0605,2025-11-03,69,-6.318,-13.13,-6.813,0.6896
g0605,2025-11-15,69,-7.493,-14.607,-7.114,0.6509
g0605,2025-11-27,69,-7.321,-14.275,-6.954,0.6713
g0605,2025-12-09,69,-8.532,-15.597,-7.064,0.6572
g0605,2025-12-21,69,-8.457,-16.471,-8.013,0.5458
g0605,2026-01-02,69,-8.077,-16.513,-8.436,0.5015
g0605,2026-01-14,69,-7.508,-13.116,-5.608,0.8626
g0605,2026-01-26,69,-7.96,-13.742,-5.782,0.8358
g0605,2026-02-19,69,-9.365,-15.295,-5.93,0.8134
g0605,2026-03-03,69,-8.697,-14.794,-6.097,0.7888
g0605,2026-03-15,69,-8.541,-14.274,-5.733,0.8432
g0605,2026-03-27,69,-8.342,-15.533,-7.191,0.6414
g0605,2026-04-08,69,-7.006,-10.898,-3.892,1.1593
g0605,2026-04-20,69,-8.493,-14.993,-6.5,0.7317
g0605,2026-05-02,69,-9.675,-15.841,-6.165,0.7789
g0605,2026-05-14,69,-7.393,-14.44,-7.047,0.6594
g0605,2026-05-26,69,-8.335,-15.278,-6.943,0.6727
g0605,2026-06-07,69,-7.963,-15.429,-7.466,0.6079
g0605,2026-06-19,69,-6.523,-14.921,-8.398,0.5054
g0605,2026-06-26,69,-9.065,-15.088,-6.023,0.7996
g0605,2026-07-08,69,-7.329,-14.321,-6.992,0.6664
g0605,2026-07-20,69,-8.842,-14.733,-5.892,0.8192
g0605,2026-08-01,69,-8.142,-14.32,-6.177,0.7772
g0605,2026-08-13,69,-5.806,-12.842,-7.036,0.6608
g0605,2026-08-25,69,-6.808,-13.182,-6.374,0.7491
g0605,2026-09-18,69,-4.735,-13.617,-8.882,0.4582
g0605,2026-09-30,69,-5.336,-12.394,-7.058,0.658
g0606,2025-09-04,106,-7.14,-12.078,-4.938,0.9715
g0606,2025-09-16,106,-7.853,-12.609,-4.756,1.0026
g0606,2025-09-28,106,-8.835,-14.244,-5.409,0.894
g0606,2025-10-10,106,-8.807,-13.551,-4.744,1.0047
g0606,2025-10-22,106,-9.526,-19.399,-9.873,0.3734
g0606,2025-11-03,106,-4.584,-15.833,-11.249,0.2791
g0606,2025-11-15,106,-10.735,-20.756,-10.022,0.362
g0606,2025-11-27,106,-10.836,-21.42,-10.584,0.3215
g0606,2025-12-09,106,-9.86,-20.559,-10.7,0.3138
g0606,2025-12-21,106,-7.454,-17.547,-10.094,0.3566
g0606,2026-01-02,106,-7.88,-15.75,-7.87,0.5615
g0606,2026-01-14,106,-9.22,-15.103,-5.883,0.8205
g0606,2026-01-26,106,-10.039,-15.38,-5.341,0.9048
g0606,2026-02-19,106,-11.54,-17.017,-5.476,0.8832
g0606,2026-03-03,106,-13.434,-16.582,-3.147,1.3055
g0606,2026-03-15,106,-9.83,-15.235,-5.405,0.8946
g0606,2026-03-27,106,-9.469,-14.226,-4.757,1.0025
g0606,2026-04-08,106,-7.162,-9.026,-1.863,1.5774
g0606,2026-04-20,106,-11.39,-15.991,-4.6,1.0298
g0606,2026-05-02,106,-12.648,-20.499,-7.852,0.5636
g0606,2026-05-14,106,-12.167,-20.877,-8.71,0.4745
g0606,2026-05-26,106,-11.306,-19.964,-8.657,0.4796
g0606,2026-06-07,106,-11.467,-20.664,-9.197,0.4295
g0606,2026-06-19,106,-10.745,-19.0,-8.256,0.52
g0606,2026-06-26,106,-13.115,-19.615,-6.501,0.7316
g0606,2026-07-08,106,-8.433,-17.202,-8.769,0.4688
g0606,2026-07-20,106,-9.202,-17.612,-8.41,0.5041
g0606,2026-08-01,106,-8.724,-17.336,-8.612,0.484
g0606,2026-08-13,106,-6.444,-12.805,-6.361,0.751
g0606,2026-08-25,106,-3.574,-18.043,-14.468,0.138
g0606,2026-09-18,106,-3.549,-13.026,-9.477,0.4054
g0606,2026-09-30,106,-4.93,-13.456,-8.527,0.4924
g0607,2025-09-04,5,-7.437,-14.508,-7.071,0.6563
g0607,2025-09-16,5,-5.699,-13.111,-7.411,0.6145
g0607,2025-09-28,5,-10.957,-14.661,-3.705,1.1952
g0607,2025-10-10,5,-9.477,-15.896,-6.419,0.7429
g0607,2025-10-22,5,-7.766,-14.735,-6.969,0.6694
g0607,2025-11-03,5,-9.19,-15.877,-6.686,0.7064
g0607,2025-11-15,5,-7.597,-15.277,-7.679,0.5831
g0607,2025-11-27,5,-7.771,-17.179,-9.408,0.4113
g0607,2025-12-09,5,-5.863,-15.044,-9.182,0.4309
g0607,2025-12-21,5,-8.6,-15.673,-7.073,0.6561
g0607,2026-01-02,5,-9.094,-14.087,-4.993,0.9622
g0607,2026-01-14,5,-9.307,-14.353,-5.046,0.9534
g0607,2026-01-26,5,-9.067,-14.181,-5.114,0.9419
g0607,2026-02-19,5,-12.538,-13.334,-0.796,1.8173
g0607,2026-03-03,5,-11.713,-16.218,-4.505,1.0466
g0607,2026-03-15,5,-10.331,-15.303,-4.973,0.9656
g0607,2026-03-27,5,-9.286,-14.095,-4.81,0.9934
g0607,2026-04-08,5,-7.479,-13.19,-5.711,0.8466
g0607,2026-04-20,5,-12.772,-14.832,-2.059,1.5345
g0607,2026-05-02,5,-12.33,-14.137,-1.807,1.5898
g0607,2026-05-14,5,-9.63,-14.609,-4.979,0.9645
g0607,2026-05-26,5,-10.524,-13.271,-2.747,1.3878
g0607,2026-06-07,5,-7.01,-15.179,-8.169,0.5291
g0607,2026-06-19,5,-4.919,-13.374,-8.455,0.4996
g0607,2026-06-26,5,-10.101,-18.25,-8.149,0.5313
g0607,2026-07-08,5,-11.285,-16.345,-5.06,0.9509
g0607,2026-07-20,5,-12.318,-17.802,-5.484,0.882
g0607,2026-08-01,5,-6.026,-10.719,-4.694,1.0134
g0607,2026-08-13,5,-6.57,-13.988,-7.418,0.6137
g0607,2026-08-25,5,-6.7,-14.4,-7.7,0.5806
g0607,2026-09-18,5,-8.058,-15.427,-7.369,0.6195
g0607,2026-09-30,5,-9.666,-19.862,-10.196,0.349
g0608,2025-09-04,30,-9.997,-13.591,-3.595,1.2165
g0608,2025-09-16,30,-10.113,-19.183,-9.07,0.4409
g0608,2025-09-28,30,-10.838,-18.594,-7.755,0.5744
g0608,2025-10-10,30,-8.205,-14.286,-6.081,0.7911
g0608,2025-10-22,30,-9.577,-14.677,-5.1,0.9443
g0608,2025-11-03,30,-9.027,-13.659,-4.632,1.0243
g0608,2025-11-15,30,-10.473,-18.233,-7.759,0.5739
g0608,2025-11-27,30,-7.678,-17.673,-9.995,0.364
g0608,2025-12-09,30,-9.8,-18.166,-8.366,0.5086
g0608,2025-12-21,30,-9.548,-18.056,-8.508,0.4943
g0608,2026-01-02,30,-9.099,-16.464,-7.366,0.62
g0608,2026-01-14,30,-10.81,-16.162,-5.352,0.9031
g0608,2026-01-26,30,-9.296,-16.564,-7.268,0.6319
g0608,2026-02-19,30,-12.498,-17.023,-4.525,1.0431
g0608,2026-03-03,30,-11.69,-17.387,-5.696,0.8489
g0608,2026-03-15,30,-10.387,-18.955,-8.568,0.4884
g0608,2026-03-27,30,-9.542,-16.22,-6.678,0.7075
g0608,2026-04-08,30,-8.358,-16.938,-8.58,0.4871
g0608,2026-04-20,30,-13.312,-19.702,-6.389,0.747
g0608,2026-05-02,30,-12.817,-21.283,-8.466,0.4985
g0608,2026-05-14,30,-13.291,-21.072,-7.781,0.5714
g0608,2026-05-26,30,-12.31,-22.403,-10.093,0.3566
g0608,2026-06-07,30,-9.053,-19.894,-10.841,0.3045
g0608,2026-06-19,30,-9.592,-18.879,-9.287,0.4217
g0608,2026-06-26,30,-13.877,-22.389,-8.512,0.4939
g0608,2026-07-08,30,-12.274,-19.191,-6.917,0.676
g0608,2026-07-20,30,-14.275,-20.897,-6.622,0.715
g0608,2026-08-01,30,-11.031,-18.851,-7.819,0.5672
g0608,2026-08-13,30,-9.64,-18.18,-8.54,0.4911
g0608,2026-08-25,30,-8.198,-14.841,-6.643,0.7122
g0608,2026-09-18,30,-5.808,-12.641,-6.833,0.687
g0608,2026-09-30,30,-7.478,-15.533,-8.055,0.5412
g0609,2025-09-04,59,-5.412,-12.655,-7.243,0.6349
g0609,2025-09-16,59,-9.567,-13.609,-4.042,1.1311
g0609,2025-09-28,59,-10.924,-17.509,-6.586,0.72
g0609,2025-10-10,59,-6.796,-11.986,-5.19,0.9295
g0609,2025-10-22,59,-8.722,-14.855,-6.133,0.7836
g0609,2025-11-03,59,-9.119,-13.112,-3.992,1.1404
g0609,2025-11-15,59,-8.297,-15.209,-6.912,0.6767
g0609,2025-11-27,59,-9.654,-16.441,-6.787,0.693
g0609,2025-12-09,59,-12.364,-20.77,-8.406,0.5046
g0609,2025-12-21,59,-12.505,-20.26,-7.755,0.5744
g0609,2026-01-02,59,-9.114,-16.986,-7.872,0.5613
g0609,2026-01-14,59,-9.834,-17.748,-7.914,0.5567
g0609,2026-01-26,59,-8.616,-16.645,-8.029,0.5441
g0609,2026-02-19,59,-9.537,-15.266,-5.729,0.8439
g0609,2026-03-03,59,-10.779,-16.473,-5.695,0.8491
g0609,2026-03-15,59,-10.42,-14.431,-4.011,1.137
g0609,2026-03-27,59,-11.008,-14.823,-3.815,1.174
g0609,2026-04-08,59,-8.585,-12.869,-4.284,1.0864
g0609,2026-04-20,59,-11.775,-17.791,-6.016,0.8007
g0609,2026-05-02,59,-11.782,-19.992,-8.21,0.5248
g0609,2026-05-14,59,-9.879,-17.269,-7.39,0.617
g0609,2026-05-26,59,-10.126,-18.728,-8.602,0.485
g0609,2026-06-07,59,-7.774,-17.286,-9.513,0.4025
g0609,2026-06-19,59,-6.933,-16.2,-9.266,0.4235
g0609,2026-06-26,59,-10.069,-18.526,-8.457,0.4994
g0609,2026-07-08,59,-12.425,-19.058,-6.634,0.7135
g0609,2026-07-20,59,-9.338,-17.751,-8.413,0.5039
g0609,2026-08-01,59,-7.67,-13.271,-5.602,0.8635
g0609,2026-08-13,59,-6.897,-13.322,-6.424,0.7421
g0609,2026-08-25,59,-10.643,-16.911,-6.268,0.7642
g0609,2026-09-18,59,-2.844,-15.357,-12.513,0.2124
g0609,2026-09-30,59,-7.214,-14.181,-6.967,0.6696
g0700,2025-09-04,20,-8.448,-14.927,-6.479,0.7346
g0700,2025-09-16,20,-9.947,-12.52,-2.573,1.4243
g0700,2025-09-28,20,-9.629,-14.801,-5.172,0.9323
g0700,2025-10-10,20,-9.418,-15.221,-5.802,0.8327
g0700,2025-10-22,20,-8.48,-15.868,-7.387,0.6173
g0700,2025-11-03,20,-5.017,-16.742,-11.725,0.2519
g0700,2025-11-15,20,-8.545,-15.718,-7.172,0.6436
g0700,2025-11-27,20,-9.0,-17.137,-8.137,0.5325
g0700,2025-12-09,20,-6.963,-16.686,-9.723,0.3852
g0700,2025-12-21,20,-8.739,-14.193,-5.454,0.8868
g0700,2026-01-02,20,-7.812,-18.429,-10.617,0.3193
g0700,2026-01-14,20,-8.012,-15.155,-7.143,0.6473
g0700,2026-01-26,20,-9.275,-15.354,-6.079,0.7914
g0700,2026-02-19,20,-7.781,-17.186,-9.406,0.4115
g0700,2026-03-03,20,-8.556,-18.661,-10.104,0.3558
g0700,2026-03-15,20,-7.976,-15.743,-7.767,0.5731
g0700,2026-03-27,20,-7.516,-14.23,-6.715,0.7026
g0700,2026-04-08,20,-6.432,-11.987,-5.555,0.8709
g0700,2026-04-20,20,-7.705,-18.032,-10.327,0.3395
g0700,2026-05-02,20,-6.577,-17.516,-10.94,0.2982
g0700,2026-05-14,20,-6.91,-15.603,-8.692,0.4762
g0700,2026-05-26,20,-7.597,-15.98,-8.383,0.5069
g0700,2026-06-07,20,-7.954,-13.772,-5.817,0.8304
g0700,2026-06-19,20,-7.036,-12.963,-5.927,0.8138
g0700,2026-06-26,20,-8.389,-13.926,-5.537,0.8737
g0700,2026-07-08,20,-7.796,-13.231,-5.435,0.8899
g0700,2026-07-20,20,-11.139,-15.359,-4.22,1.0982
g0700,2026-08-01,20,-8.445,-14.893,-6.448,0.7388
g0700,2026-08-13,20,-8.821,-16.452,-7.63,0.5887
g0700,2026-08-25,20,-11.206,-18.154,-6.949,0.6719
g0700,2026-09-18,20,-6.608,-15.24,-8.632,0.4821
g0700,2026-09-30,20,-10.821,-17.31,-6.488,0.7333
g0701,2025-09-04,69,-9.113,-15.051,-5.938,0.8122
g0701,2025-09-16,69,-10.001,-14.759,-4.757,1.0024
g0701,2025-09-28,69,-8.624,-14.675,-6.051,0.7955
g0701,2025-10-10,69,-9.685,-15.614,-5.929,0.8136
g0701,2025-10-22,69,-10.755,-19.862,-9.107,0.4376
g0701,2025-11-03,69,-9.173,-18.099,-8.926,0.4541
g0701,2025-11-15,69,-10.798,-19.934,-9.136,0.435
g0701,2025-11-27,69,-11.113,-20.957,-9.845,0.3756
g0701,2025-12-09,69,-10.66,-19.189,-8.528,0.4923
g0701,2025-12-21,69,-6.185,-15.348,-9.163,0.4326
g0701,2026-01-02,69,-7.415,-14.802,-7.387,0.6173
g0701,2026-01-14,69,-9.286,-15.577,-6.292,0.7608
g0701,2026-01-26,69,-10.018,-15.023,-5.005,0.9601
g0701,2026-02-19,69,-11.652,-16.894,-5.241,0.921
g0701,2026-03-03,69,-11.266,-15.692,-4.426,1.0608
g0701,2026-03-15,69,-9.026,-12.743,-3.717,1.1929
g0701,2026-03-27,69,-7.601,-12.262,-4.661,1.0192
g0701,2026-04-08,69,-6.524,-10.641,-4.117,1.1171
g0701,2026-04-20,69,-10.755,-20.122,-9.368,0.4147
g0701,2026-05-02,69,-10.933,-21.689,-10.756,0.31
g0701,2026-05-14,69,-9.581,-18.447,-8.866,0.4597
g0701,2026-05-26,69,-9.865,-18.568,-8.703,0.4751
g0701,2026-06-07,69,-10.361,-20.513,-10.152,0.3522
g0701,2026-06-19,69,-9.902,-19.661,-9.759,0.3824
g0701,2026-06-26,69,-10.863,-18.62,-7.757,0.5742
g0701,2026-07-08,69,-13.012,-21.275,-8.263,0.5193
g0701,2026-07-20,69,-8.633,-19.703,-11.071,0.2899
g0701,2026-08-01,69,-7.729,-16.929,-9.2,0.4293
g0701,2026-08-13,69,-8.635,-15.586,-6.951,0.6716
g0701,2026-08-25,69,-8.713,-15.815,-7.101,0.6525
g0701,2026-09-18,69,-9.186,-13.96,-4.773,0.9996
g0701,2026-09-30,69,-8.719,-14.173,-5.453,0.8869
g0702,2025-09-04,24,-7.797,-13.778,-5.98,0.8059
g0702,2025-09-16,24,-6.97,-14.238,-7.269,0.6318
g0702,2025-09-28,24,-8.377,-14.528,-6.152,0.7809
g0702,2025-10-10,24,-6.594,-12.417,-5.822,0.8296
g0702,2025-10-22,24,-7.094,-14.97,-7.876,0.5609
g0702,2025-11-03,24,-8.932,-16.434,-7.502,0.6037
g0702,2025-11-15,24,-9.184,-14.135,-4.951,0.9693
g0702,2025-11-27,24,-6.432,-20.76,-14.328,0.1424
g0702,2025-12-09,24,-5.138,-20.514,-15.375,0.1127
g0702,2025-12-21,24,-3.813,-21.553,-17.74,0.0662
g0702,2026-01-02,24,-4.597,-18.657,-14.06,0.1511
g0702,2026-01-14,24,-4.152,-16.672,-12.521,0.212
g0702,2026-01-26,24,-2.629,-14.704,-12.075,0.2336
g0702,2026-02-19,24,-6.691,-15.194,-8.503,0.4947
g0702,2026-03-03,24,-8.799,-15.221,-6.421,0.7426
g0702,2026-03-15,24,-9.021,-13.737,-4.716,1.0096
g0702,2026-03-27,24,-8.843,-15.668,-6.825,0.688
g0702,2026-04-08,24,-7.392,-12.451,-5.06,0.951
g0702,2026-04-20,24,-10.435,-15.31,-4.875,0.9821
g0702,2026-05-02,24,-9.288,-14.553,-5.266,0.9171
g0702,2026-05-14,24,-8.395,-15.779,-7.384,0.6178
g0702,2026-05-26,24,-10.147,-15.483,-5.336,0.9057
g0702,2026-06-07,24,-11.116,-15.185,-4.069,1.1261
g0702,2026-06-19,24,-8.063,-15.696,-7.633,0.5884
g0702,2026-06-26,24,-8.685,-15.606,-6.92,0.6756
g0702,2026-07-08,24,-8.478,-15.28,-6.802,0.6911
g0702,2026-07-20,24,-8.727,-14.97,-6.243,0.7677
g0702,2026-08-01,24,-8.593,-14.342,-5.749,0.8408
g0702,2026-08-13,24,-4.111,-15.487,-11.375,0.2716
g0702,2026-08-25,24,-8.096,-14.562,-6.465,0.7365
g0702,2026-09-18,24,-4.284,-12.582,-8.298,0.5156
g0702,2026-09-30,24,-6.724,-12.643,-5.92,0.8149
g0703,2025-09-04,28,-7.239,-11.691,-4.452,1.0562
g0703,2025-09-16,28,-9.332,-15.272,-5.94,0.8119
g0703,2025-09-28,28,-8.654,-14.638,-5.984,0.8054
g0703,2025-10-10,28,-9.005,-14.244,-5.239,0.9214
g0703,2025-10-22,28,-8.04,-15.102,-7.062,0.6574
g0703,2025-11-03,28,-10.477,-17.542,-7.066,0.657
g0703,2025-11-15,28,-10.25,-18.689,-8.439,0.5013
g0703,2025-11-27,28,-8.89,-17.556,-8.665,0.4788
g0703,2025-12-09,28,-9.04,-19.7,-10.66,0.3164
g0703,2025-12-21,28,-9.282,-17.848,-8.566,0.4885
g0703,2026-01-02,28,-8.866,-18.028,-9.161,0.4327
g0703,2026-01-14,28,-10.392,-15.282,-4.89,0.9797
g0703,2026-01-26,28,-9.103,-17.236,-8.133,0.533
g0703,2026-02-19,28,-10.771,-16.5,-5.729,0.8439
g0703,2026-03-03,28,-11.684,-16.888,-5.204,0.9271
g0703,2026-03-15,28,-11.406,-13.836,-2.43,1.4547
g0703,2026-03-27,28,-9.076,-13.296,-4.22,1.0981
g0703,2026-04-08,28,-8.618,-12.644,-4.025,1.1342
g0703,2026-04-20,28,-10.493,-16.353,-5.86,0.8239
g0703,2026-05-02,28,-10.465,-20.428,-9.962,0.3665
g0703,2026-05-14,28,-11.68,-19.994,-8.315,0.5139
g0703,2026-05-26,28,-10.918,-17.485,-6.567,0.7226
g0703,2026-06-07,28,-5.044,-15.535,-10.491,0.3279
g0703,2026-06-19,28,-10.825,-17.402,-6.577,0.7212
g0703,2026-06-26,28,-13.063,-20.156,-7.092,0.6536
g0703,2026-07-08,28,-11.314,-18.139,-6.825,0.688
g0703,2026-07-20,28,-10.972,-14.924,-3.952,1.1479
g0703,2026-08-01,28,-9.382,-15.042,-5.661,0.8543
g0703,2026-08-13,28,-7.811,-12.553,-4.741,1.0052
g0703,2026-08-25,28,-9.354,-15.005,-5.651,0.8558
g0703,2026-09-18,28,-9.099,-13.061,-3.961,1.1463
g0703,2026-09-30,28,-10.442,-17.402,-6.959,0.6705
g0704,2025-09-04,78,-6.332,-12.863,-6.531,0.7274
g0704,2025-09-16,78,-9.089,-14.925,-5.836,0.8276
g0704,2025-09-28,78,2.967,-18.408,-21.375,0.0289
g0704,2025-10-10,78,2.383,-15.137,-17.52,0.0696
g0704,2025-10-22,78,-0.823,-14.664,-13.842,0.1586
g0704,2025-11-03,78,-5.458,-14.27,-8.812,0.4648
g0704,2025-11-15,78,-6.969,-15.249,-8.28,0.5175
g0704,2025-11-27,78,-8.401,-15.631,-7.23,0.6364
g0704,2025-12-09,78,-0.866,-15.763,-14.897,0.1255
g0704,2025-12-21,78,-11.074,-20.457,-9.382,0.4135
g0704,2026-01-02,78,-11.497,-20.595,-9.098,0.4383
g0704,2026-01-14,78,-8.137,-17.867,-9.73,0.3847
g0704,2026-01-26,78,-9.145,-15.688,-6.543,0.7258
g0704,2026-02-19,78,-9.656,-16.707,-7.051,0.6589
g0704,2026-03-03,78,-9.922,-17.091,-7.169,0.6441
g0704,2026-03-15,78,-10.216,-14.95,-4.734,1.0065
g0704,2026-03-27,78,-11.571,-15.106,-3.535,1.2282
g0704,2026-04-08,78,-8.508,-11.865,-3.357,1.2633
g0704,2026-04-20,78,-12.374,-15.805,-3.432,1.2486
g0704,2026-05-02,78,-15.082,-22.526,-7.444,0.6106
g0704,2026-05-14,78,-12.484,-21.409,-8.925,0.4542
g0704,2026-05-26,78,-12.403,-21.561,-9.158,0.433
g0704,2026-06-07,78,-11.497,-19.665,-8.168,0.5292
g0704,2026-06-19,78,-8.848,-15.914,-7.066,0.657
g0704,2026-06-26,78,-8.339,-16.155,-7.817,0.5675
g0704,2026-07-08,78,-7.815,-13.806,-5.991,0.8044
g0704,2026-07-20,78,-8.667,-13.272,-4.605,1.029
g0704,2026-08-01,78,-7.69,-13.707,-6.017,0.8006
g0704,2026-08-13,78,-7.232,-12.96,-5.728,0.844
g0704,2026-08-25,78,-8.253,-13.39,-5.137,0.9382
g0704,2026-09-18,78,-8.431,-13.954,-5.523,0.8758
g0704,2026-09-30,78,-10.687,-18.783,-8.096,0.5369
g0705,2025-09-04,44,-7.875,-13.262,-5.387,0.8975
g0705,2025-09-16,44,-7.476,-14.144,-6.667,0.7089
g0705,2025-09-28,44,-8.395,-13.932,-5.536,0.8737
g0705,2025-10-10,44,-8.385,-14.399,-6.013,0.8011
g0705,2025-10-22,44,-7.66,-13.622,-5.962,0.8086
g0705,2025-11-03,44,-8.082,-16.027,-7.945,0.5532
g0705,2025-11-15,44,-8.704,-15.562,-6.858,0.6837
g0705,2025-11-27,44,-9.782,-18.35,-8.568,0.4883
g0705,2025-12-09,44,-8.828,-16.171,-7.344,0.6226
g0705,2025-12-21,44,-7.21,-17.107,-9.897,0.3715
g0705,2026-01-02,44,-7.684,-16.229,-8.545,0.4906
g0705,2026-01-14,44,-8.915,-16.563,-7.648,0.5866
g0705,2026-01-26,44,-9.43,-14.022,-4.592,1.0313
g0705,2026-02-19,44,-8.628,-16.102,-7.474,0.607
g0705,2026-03-03,44,-11.837,-15.869,-4.032,1.1329
g0705,2026-03-15,44,-10.445,-15.993,-5.548,0.8719
g0705,2026-03-27,44,-8.136,-15.075,-6.939,0.6732
g0705,2026-04-08,44,-8.631,-12.411,-3.78,1.1807
g0705,2026-04-20,44,-10.958,-15.978,-5.02,0.9577
g0705,2026-05-02,44,-10.727,-17.85,-7.123,0.6497
g0705,2026-05-14,44,-9.811,-16.671,-6.859,0.6835
g0705,2026-05-26,44,-10.554,-16.927,-6.374,0.7492
g0705,2026-06-07,44,-9.9,-17.997,-8.097,0.5368
g0705,2026-06-19,44,-4.075,-18.078,-14.003,0.1531
g0705,2026-06-26,44,-6.173,-18.968,-12.794,0.1997
g0705,2026-07-08,44,-7.732,-16.283,-8.551,0.49
g0705,2026-07-20,44,-9.161,-15.852,-6.691,0.7058
g0705,2026-08-01,44,-8.663,-14.779,-6.115,0.7861
g0705,2026-08-13,44,-7.85,-13.805,-5.955,0.8097
g0705,2026-08-25,44,-9.85,-13.863,-4.013,1.1366
g0705,2026-09-18,44,-3.629,-15.838,-12.209,0.2269
g0705,2026-09-30,44,-6.787,-15.075,-8.288,0.5167
g0706,2025-09-04,77,-6.438,-13.455,-7.017,0.6632
g0706,2025-09-16,77,-9.879,-13.852,-3.973,1.1441
g0706,2025-09-28,77,-10.53,-16.057,-5.528,0.8751
g0706,2025-10-10,77,-8.323,-13.962,-5.639,0.8578
g0706,2025-10-22,77,-8.885,-14.85,-5.965,0.8082
g0706,2025-11-03,77,-7.818,-15.59,-7.773,0.5724
g0706,2025-11-15,77,-10.021,-17.756,-7.734,0.5768
g0706,2025-11-27,77,-10.538,-21.487,-10.948,0.2976
g0706,2025-12-09,77,-11.329,-21.166,-9.837,0.3762
g0706,2025-12-21,77,-10.96,-18.887,-7.927,0.5552
g0706,2026-01-02,77,-7.927,-14.759,-6.832,0.6871
g0706,2026-01-14,77,-9.391,-14.666,-5.275,0.9155
g0706,2026-01-26,77,-9.502,-15.59,-6.088,0.7901
g0706,2026-02-19,77,-10.862,-16.904,-6.042,0.7968
g0706,2026-03-03,77,-10.906,-16.462,-5.555,0.8708
g0706,2026-03-15,77,-9.217,-15.336,-6.119,0.7856
g0706,2026-03-27,77,-10.388,-13.403,-3.016,1.3322
g0706,2026-04-08,77,-8.805,-10.839,-2.034,1.54
g0706,2026-04-20,77,-11.231,-15.679,-4.449,1.0567
g0706,2026-05-02,77,-12.763,-20.097,-7.333,0.6238
g0706,2026-05-14,77,-10.42,-18.489,-8.069,0.5397
g0706,2026-05-26,77,-10.736,-19.687,-8.951,0.4518
g0706,2026-06-07,77,-9.056,-18.784,-9.728,0.3848
g0706,2026-06-19,77,-7.751,-17.553,-9.802,0.379
g0706,2026-06-26,77,-8.164,-16.678,-8.513,0.4937
g0706,2026-07-08,77,-12.638,-17.687,-5.049,0.9527
g0706,2026-07-20,77,-9.279,-16.717,-7.439,0.6112
g0706,2026-08-01,77,-7.905,-15.237,-7.332,0.6241
g0706,2026-08-13,77,-8.432,-14.997,-6.565,0.7228
g0706,2026-08-25,77,-10.41,-15.977,-5.567,0.8689
g0706,2026-09-18,77,-9.111,-14.464,-5.353,0.9029
g0706,2026-09-30,77,-10.212,-15.113,-4.9,0.9779
g0707,2025-09-04,70,-7.979,-13.665,-5.685,0.8505
g0707,2025-09-16,70,-9.071,-16.032,-6.96,0.6705
g0707,2025-09-28,70,-4.763,-19.055,-14.292,0.1436
g0707,2025-10-10,70,-2.453,-15.992,-13.539,0.1696
g0707,2025-10-22,70,-4.194,-14.551,-10.357,0.3374
g0707,2025-11-03,70,-6.717,-14.337,-7.62,0.5898
g0707,2025-11-15,70,-5.838,-14.387,-8.549,0.4902
g0707,2025-11-27,70,-8.509,-16.293,-7.784,0.5712
g0707,2025-12-09,70,-11.683,-20.479,-8.796,0.4663
g0707,2025-12-21,70,-12.336,-20.636,-8.3,0.5154
g0707,2026-01-02,70,-9.434,-18.394,-8.96,0.451
g0707,2026-01-14,70,-10.671,-17.046,-6.375,0.7491
g0707,2026-01-26,70,-10.222,-15.803,-5.581,0.8668
g0707,2026-02-19,70,-9.638,-15.542,-5.904,0.8174
g0707,2026-03-03,70,-10.342,-16.899,-6.558,0.7238
g0707,2026-03-15,70,-9.901,-15.537,-5.636,0.8581
g0707,2026-03-27,70,-10.681,-16.131,-5.45,0.8873
g0707,2026-04-08,70,-8.17,-11.061,-2.89,1.358
g0707,2026-04-20,70,-10.362,-16.356,-5.993,0.804
g0707,2026-05-02,70,-11.907,-18.511,-6.604,0.7175
g0707,2026-05-14,70,-11.498,-18.938,-7.44,0.611
g0707,2026-05-26,70,-4.579,-21.013,-16.434,0.0889
g0707,2026-06-07,70,-4.825,-18.656,-13.83,0.159
g0707,2026-06-19,70,-4.406,-15.304,-10.898,0.3008
g0707,2026-06-26,70,-8.658,-16.27,-7.612,0.5909
g0707,2026-07-08,70,-7.368,-14.207,-6.839,0.6861
g0707,2026-07-20,70,-8.561,-15.143,-6.582,0.7204
g0707,2026-08-01,70,-9.649,-15.283,-5.634,0.8585
g0707,2026-08-13,70,-6.963,-13.334,-6.371,0.7496
g0707,2026-08-25,70,-10.552,-16.915,-6.363,0.7507
g0707,2026-09-18,70,-4.5,-13.799,-9.299,0.4206
g0707,2026-09-30,70,-7.689,-14.837,-7.148,0.6467
g0708,2025-09-04,36,-7.541,-15.707,-8.166,0.5294
g0708,2025-09-16,36,-7.622,-14.617,-6.995,0.666
g0708,2025-09-28,36,-7.559,-15.525,-7.966,0.5509
g0708,2025-10-10,36,-9.916,-14.229,-4.313,1.0812
g0708,2025-10-22,36,-10.846,-16.063,-5.217,0.925
g0708,2025-11-03,36,-12.561,-18.762,-6.201,0.7738
g0708,2025-11-15,36,-11.509,-18.856,-7.347,0.6222
g0708,2025-11-27,36,-8.872,-16.957,-8.086,0.538
g0708,2025-12-09,36,-11.771,-16.753,-4.981,0.9642
g0708,2025-12-21,36,-9.996,-17.593,-7.597,0.5925
g0708,2026-01-02,36,-9.377,-16.568,-7.191,0.6413
g0708,2026-01-14,36,-11.242,-16.202,-4.96,0.9678
g0708,2026-01-26,36,-10.523,-17.159,-6.637,0.7131
g0708,2026-02-19,36,-12.19,-17.708,-5.518,0.8767
g0708,2026-03-03,36,-12.536,-17.442,-4.906,0.9768
g0708,2026-03-15,36,-10.815,-16.234,-5.42,0.8923
g0708,2026-03-27,36,-8.992,-15.164,-6.172,0.7779
g0708,2026-04-08,36,-8.921,-15.174,-6.254,0.7662
g0708,2026-04-20,36,-12.609,-18.672,-6.064,0.7937
g0708,2026-05-02,36,-11.232,-17.586,-6.353,0.7521
g0708,2026-05-14,36,-12.424,-20.059,-7.635,0.5882
g0708,2026-05-26,36,-14.119,-20.721,-6.602,0.7177
g0708,2026-06-07,36,-9.062,-15.957,-6.895,0.6789
g0708,2026-06-19,36,-9.494,-15.913,-6.419,0.7429
g0708,2026-06-26,36,-10.894,-16.337,-5.442,0.8886
g0708,2026-07-08,36,-10.413,-15.293,-4.88,0.9813
g0708,2026-07-20,36,-11.249,-17.399,-6.15,0.7811
g0708,2026-08-01,36,-11.648,-15.981,-4.333,1.0775
g0708,2026-08-13,36,-10.712,-15.695,-4.983,0.9639
g0708,2026-08-25,36,-9.452,-15.852,-6.4,0.7456
g0708,2026-09-18,36,-9.056,-15.171,-6.115,0.7862
g0708,2026-09-30,36,-9.195,-17.019,-7.824,0.5667
g0709,2025-09-04,15,-6.158,-13.422,-7.264,0.6323
g0709,2025-09-16,15,-8.364,-16.144,-7.78,0.5716
g0709,2025-09-28,15,-9.93,-21.401,-11.471,0.2661
g0709,2025-10-10,15,-8.863,-17.941,-9.077,0.4402
g0709,2025-10-22,15,-7.994,-16.388,-8.394,0.5058
g0709,2025-11-03,15,-7.925,-16.3,-8.375,0.5077
g0709,2025-11-15,15,-8.885,-20.119,-11.234,0.28
g0709,2025-11-27,15,-8.658,-15.591,-6.932,0.674
g0709,2025-12-09,15,-11.49,-19.398,-7.908,0.5573
g0709,2025-12-21,15,-9.074,-18.18,-9.106,0.4377
g0709,2026-01-02,15,-9.463,-14.231,-4.768,1.0005
g0709,2026-01-14,15,-10.431,-16.955,-6.524,0.7285
g0709,2026-01-26,15,-9.249,-16.419,-7.17,0.6439
g0709,2026-02-19,15,-11.136,-19.189,-8.053,0.5415
g0709,2026-03-03,15,-0.598,-18.66,-18.063,0.0615
g0709,2026-03-15,15,-5.183,-17.023,-11.839,0.2458
g0709,2026-03-27,15,-2.456,-16.051,-13.595,0.1675
g0709,2026-04-08,15,-0.663,-14.521,-13.858,0.158
g0709,2026-04-20,15,-6.525,-18.348,-11.823,0.2467
g0709,2026-05-02,15,-5.97,-14.47,-8.5,0.4951
g0709,2026-05-14,15,-6.717,-17.563,-10.846,0.3042
g0709,2026-05-26,15,-6.493,-13.648,-7.154,0.6459
g0709,2026-06-07,15,-8.0,-15.332,-7.332,0.624
g0709,2026-06-19,15,-4.67,-11.88,-7.211,0.6389
g0709,2026-06-26,15,-8.955,-12.669,-3.714,1.1933
g0709,2026-07-08,15,-7.156,-12.222,-5.066,0.9499
g0709,2026-07-20,15,-7.645,-13.879,-6.234,0.769
g0709,2026-08-01,15,-5.096,-12.98,-7.885,0.5599
g0709,2026-08-13,15,-6.464,-13.295,-6.831,0.6872
g0709,2026-08-25,15,-8.203,-14.494,-6.29,0.761
g0709,2026-09-18,15,-5.204,-12.271,-7.068,0.6567
g0709,2026-09-30,15,-10.366,-13.393,-3.027,1.3299
g0800,2025-09-04,69,-6.741,-14.224,-7.482,0.606
g0800,2025-09-16,69,-9.784,-14.568,-4.784,0.9979
g0800,2025-09-28,69,-7.662,-14.787,-7.125,0.6496
g0800,2025-10-10,69,-7.486,-14.855,-7.369,0.6195
g0800,2025-10-22,69,-10.482,-16.354,-5.872,0.8222
g0800,2025-11-03,69,-9.804,-18.242,-8.438,0.5013
g0800,2025-11-15,69,-9.325,-18.4,-9.075,0.4404
g0800,2025-11-27,69,-10.586,-18.725,-8.139,0.5323
g0800,2025-12-09,69,-7.157,-15.915,-8.758,0.4699
g0800,2025-12-21,69,-8.738,-16.066,-7.328,0.6245
g0800,2026-01-02,69,-8.886,-15.657,-6.772,0.695
g0800,2026-01-14,69,-10.223,-16.145,-5.922,0.8147
g0800,2026-01-26,69,-9.32,-15.121,-5.801,0.8329
g0800,2026-02-19,69,-12.0,-16.309,-4.309,1.0819
g0800,2026-03-03,69,-11.271,-15.125,-3.853,1.1667
g0800,2026-03-15,69,-10.813,-15.22,-4.406,1.0643
g0800,2026-03-27,69,-8.516,-14.048,-5.532,0.8744
g0800,2026-04-08,69,-7.499,-12.788,-5.29,0.9132
g0800,2026-04-20,69,-12.17,-18.025,-5.855,0.8247
g0800,2026-05-02,69,-12.566,-18.67,-6.104,0.7878
g0800,2026-05-14,69,-10.547,-19.196,-8.649,0.4804
g0800,2026-05-26,69,-10.501,-18.368,-7.867,0.5618
g0800,2026-06-07,69,-10.292,-18.72,-8.428,0.5023
g0800,2026-06-19,69,-8.343,-16.192,-7.849,0.5639
g0800,2026-06-26,69,-10.419,-18.063,-7.644,0.5871
g0800,2026-07-08,69,-10.343,-18.047,-7.704,0.5802
g0800,2026-07-20,69,-9.806,-19.773,-9.967,0.3662
g0800,2026-08-01,69,-8.652,-17.325,-8.673,0.4781
g0800,2026-08-13,69,-8.128,-16.657,-8.529,0.4922
g0800,2026-08-25,69,-8.742,-15.077,-6.335,0.7547
g0800,2026-09-18,69,-7.643,-14.767,-7.123,0.6497
g0800,2026-09-30,69,-9.71,-15.653,-5.943,0.8115
g0801,2025-09-04,15,-7.194,-11.569,-4.375,1.0699
g0801,2025-09-16,15,-8.554,-12.996,-4.442,1.058
g0801,2025-09-28,15,-9.348,-15.094,-5.746,0.8412
g0801,2025-10-10,15,-8.209,-14.045,-5.836,0.8275
g0801,2025-10-22,15,-10.428,-15.478,-5.05,0.9527
g0801,2025-11-03,15,-8.092,-16.231,-8.139,0.5322
g0801,2025-11-15,15,-12.211,-20.195,-7.984,0.549
g0801,2025-11-27,15,-6.832,-15.425,-8.594,0.4858
g0801,2025-12-09,15,-8.502,-16.577,-8.075,0.5392
g0801,2025-12-21,15,-8.914,-16.195,-7.282,0.6302
g0801,2026-01-02,15,-10.046,-15.558,-5.512,0.8775
g0801,2026-01-14,15,-10.646,-15.518,-4.872,0.9827
g0801,2026-01-26,15,-10.436,-15.122,-4.686,1.0148
g0801,2026-02-19,15,-10.763,-15.232,-4.47,1.053
g0801,2026-03-03,15,-9.832,-15.88,-6.049,0.7959
g0801,2026-03-15,15,-11.402,-15.907,-4.506,1.0466
g0801,2026-03-27,15,-9.164,-13.163,-3.999,1.1392
g0801,2026-04-08,15,-7.626,-12.963,-5.336,0.9056
g0801,2026-04-20,15,-10.361,-16.33,-5.97,0.8075
g0801,2026-05-02,15,-11.087,-19.294,-8.207,0.5251
g0801,2026-05-14,15,-8.746,-14.852,-6.106,0.7874
g0801,2026-05-26,15,-10.55,-16.913,-6.364,0.7507
g0801,2026-06-07,15,-9.872,-15.838,-5.966,0.8081
g0801,2026-06-19,15,-6.361,-16.215,-9.854,0.3749
g0801,2026-06-26,15,-12.967,-21.68,-8.714,0.4741
g0801,2026-07-08,15,-10.824,-22.726,-11.903,0.2425
g0801,2026-07-20,15,-9.683,-21.274,-11.591,0.2593
g0801,2026-08-01,15,-9.661,-21.061,-11.399,0.2702
g0801,2026-08-13,15,-8.167,-16.952,-8.785,0.4673
g0801,2026-08-25,15,-6.371,-16.333,-9.962,0.3666
g0801,2026-09-18,15,-7.105,-13.665,-6.559,0.7235
g0801,2026-09-30,15,-7.585,-15.296,-7.711,0.5795
g0802,2025-09-04,67,-6.46,-12.711,-6.251,0.7666
g0802,2025-09-16,67,-9.046,-14.942,-5.896,0.8185
g0802,2025-09-28,67,-9.656,-16.601,-6.945,0.6725
g0802,2025-10-10,67,-9.481,-13.892,-4.412,1.0634
g0802,2025-10-22,67,-9.581,-16.684,-7.103,0.6523
g0802,2025-11-03,67,-11.485,-18.272,-6.787,0.693
g0802,2025-11-15,67,-11.143,-18.325,-7.182,0.6424
g0802,2025-11-27,67,-12.33,-20.345,-8.014,0.5457
g0802,2025-12-09,67,-11.404,-19.981,-8.577,0.4874
g0802,2025-12-21,67,-10.643,-20.596,-9.953,0.3672
g0802,2026-01-02,67,-10.507,-19.378,-8.87,0.4593
g0802,2026-01-14,67,-10.929,-19.139,-8.21,0.5248
g0802,2026-01-26,67,-9.224,-17.438,-8.214,0.5244
g0802,2026-02-19,67,-11.555,-18.933,-7.378,0.6184
g0802,2026-03-03,67,-11.63,-19.406,-7.775,0.5722
g0802,2026-03-15,67,-10.359,-19.283,-8.924,0.4543
g0802,2026-03-27,67,-9.954,-16.809,-6.855,0.6841
g0802,2026-04-08,67,-7.3,-14.565,-7.265,0.6322
g0802,2026-04-20,67,-11.574,-19.64,-8.067,0.54
g0802,2026-05-02,67,-10.71,-20.21,-9.501,0.4035
g0802,2026-05-14,67,-10.426,-19.331,-8.905,0.456
g0802,2026-05-26,67,-11.528,-19.286,-7.758,0.5741
g0802,2026-06-07,67,-10.699,-19.327,-8.628,0.4824
g0802,2026-06-19,67,-7.985,-18.02,-10.035,0.361
g0802,2026-06-26,67,-10.667,-17.838,-7.171,0.6437
g0802,2026-07-08,67,-11.525,-18.388,-6.863,0.683
g0802,2026-07-20,67,-13.096,-18.288,-5.192,0.9291
g0802,2026-08-01,67,-9.615,-17.043,-7.428,0.6125
g0802,2026-08-13,67,-8.068,-13.792,-5.724,0.8446
g0802,2026-08-25,67,-9.957,-15.094,-5.136,0.9383
g0802,2026-09-18,67,-7.509,-13.546,-6.037,0.7976
g0802,2026-09-30,67,-9.707,-16.404,-6.697,0.705
g0803,2025-09-04,36,-8.901,-13.075,-4.174,1.1067
g0803,2025-09-16,36,-9.157,-14.675,-5.518,0.8767
g0803,2025-09-28,36,-12.39,-17.493,-5.102,0.9439
g0803,2025-10-10,36,-9.788,-17.864,-8.076,0.539
g0803,2025-10-22,36,-11.515,-18.763,-7.248,0.6343
g0803,2025-11-03,36,-11.736,-19.401,-7.665,0.5847
g0803,2025-11-15,36,-8.558,-17.752,-9.194,0.4298
g0803,2025-11-27,36,-9.727,-20.66,-10.933,0.2986
g0803,2025-12-09,36,-5.511,-17.384,-11.873,0.244
g0803,2025-12-21,36,-7.26,-16.978,-9.718,0.3857
g0803,2026-01-02,36,-8.1,-15.912,-7.812,0.568
g0803,2026-01-14,36,-9.525,-14.792,-5.266,0.917
g0803,2026-01-26,36,-8.757,-14.519,-5.762,0.8387
g0803,2026-02-19,36,-11.108,-16.981,-5.873,0.8219
g0803,2026-03-03,36,-11.267,-15.906,-4.639,1.023
g0803,2026-03-15,36,-9.606,-16.104,-6.497,0.732
g0803,2026-03-27,36,-9.097,-15.401,-6.304,0.759
g0803,2026-04-08,36,-7.204,-10.94,-3.736,1.1891
g0803,2026-04-20,36,-11.228,-20.216,-8.988,0.4484
g0803,2026-05-02,36,-9.53,-18.354,-8.825,0.4635
g0803,2026-05-14,36,-4.008,-18.291,-14.283,0.1438
g0803,2026-05-26,36,-7.479,-17.694,-10.215,0.3476
g0803,2026-06-07,36,-5.168,-13.13,-7.962,0.5513
g0803,2026-06-19,36,-7.235,-14.22,-6.985,0.6672
g0803,2026-06-26,36,-7.926,-15.004,-7.078,0.6554
g0803,2026-07-08,36,-8.553,-13.199,-4.646,1.0218
g0803,2026-07-20,36,-6.122,-12.419,-6.297,0.7601
g0803,2026-08-01,36,-7.774,-17.749,-9.975,0.3655
g0803,2026-08-13,36,-2.966,-15.956,-12.989,0.1914
g0803,2026-08-25,36,-3.145,-18.077,-14.932,0.1245
g0803,2026-09-18,36,-3.913,-11.517,-7.604,0.5918
g0803,2026-09-30,36,-7.07,-13.968,-6.898,0.6784
g0804,2025-09-04,3,-5.121,-11.483,-6.362,0.7509
g0804,2025-09-16,3,-6.705,-12.562,-5.857,0.8244
g0804,2025-09-28,3,-6.824,-13.199,-6.375,0.7491
g0804,2025-10-10,3,-3.786,-11.584,-7.799,0.5695
g0804,2025-10-22,3,-10.19,-13.568,-3.378,1.2593
g0804,2025-11-03,3,-6.531,-14.85,-8.319,0.5135
g0804,2025-11-15,3,-9.435,-11.891,-2.456,1.4491
g0804,2025-11-27,3,-9.192,-13.483,-4.291,1.0852
g0804,2025-12-09,3,-6.487,-16.38,-9.892,0.3719
g0804,2025-12-21,3,-7.791,-13.538,-5.747,0.8411
g0804,2026-01-02,3,-6.761,-15.951,-9.19,0.4302
g0804,2026-01-14,3,-7.865,-14.269,-6.403,0.7451
g0804,2026-01-26,3,-5.931,-14.214,-8.282,0.5172
g0804,2026-02-19,3,-6.991,-12.366,-5.375,0.8994
g0804,2026-03-03,3,-8.053,-15.404,-7.351,0.6217
g0804,2026-03-15,3,-7.731,-12.398,-4.667,1.0182
g0804,2026-03-27,3,-6.85,-11.713,-4.863,0.9843
g0804,2026-04-08,3,-6.504,-13.391,-6.887,0.6799
g0804,2026-04-20,3,-6.085,-15.823,-9.738,0.3841
g0804,2026-05-02,3,-9.08,-13.21,-4.13,1.1147
g0804,2026-05-14,3,-5.921,-12.928,-7.007,0.6644
g0804,2026-05-26,3,-8.985,-12.575,-3.59,1.2174
g0804,2026-06-07,3,-7.225,-12.522,-5.297,0.912
g0804,2026-06-19,3,-7.814,-14.381,-6.568,0.7224
g0804,2026-06-26,3,-7.464,-11.934,-4.471,1.0528
g0804,2026-07-08,3,-9.24,-11.995,-2.755,1.386
g0804,2026-07-20,3,-6.819,-14.017,-7.198,0.6405
g0804,2026-08-01,3,-8.987,-15.004,-6.017,0.8006
g0804,2026-08-13,3,-7.782,-10.041,-2.259,1.4913
g0804,2026-08-25,3,-6.28,-11.864,-5.584,0.8663
g0804,2026-09-18,3,-6.698,-12.625,-5.926,0.814
g0804,2026-09-30,3,-5.634,-13.249,-7.615,0.5904
g0805,2025-09-04,77,-5.9,-12.496,-6.596,0.7186
g0805,2025-09-16,77,-8.972,-16.417,-7.445,0.6105
g0805,2025-09-28,77,-4.137,-18.591,-14.454,0.1385
g0805,2025-10-10,77,-3.86,-15.931,-12.071,0.2338
g0805,2025-10-22,77,-5.594,-13.97,-8.376,0.5076
g0805,2025-11-03,77,-7.038,-13.647,-6.609,0.7168
g0805,2025-11-15,77,-8.818,-15.004,-6.186,0.776
g0805,2025-11-27,77,-13.134,-22.192,-9.058,0.442
g0805,2025-12-09,77,-12.633,-22.327,-9.694,0.3876
g0805,2025-12-21,77,-12.016,-21.943,-9.927,0.3692
g0805,2026-01-02,77,-8.019,-16.025,-8.007,0.5465
g0805,2026-01-14,77,-7.58,-16.134,-8.554,0.4898
g0805,2026-01-26,77,-9.245,-15.165,-5.92,0.8149
g0805,2026-02-19,77,-10.53,-17.332,-6.803,0.691
g0805,2026-03-03,77,-12.313,-17.621,-5.308,0.9102
g0805,2026-03-15,77,-10.263,-14.625,-4.363,1.0722
g0805,2026-03-27,77,-8.899,-13.668,-4.768,1.0005
g0805,2026-04-08,77,-6.105,-10.637,-4.533,1.0417
g0805,2026-04-20,77,-9.76,-14.432,-4.672,1.0173
g0805,2026-05-02,77,-13.584,-21.806,-8.222,0.5235
g0805,2026-05-14,77,-9.113,-22.409,-13.296,0.1789
g0805,2026-05-26,77,-7.503,-20.577,-13.074,0.1878
g0805,2026-06-07,77,-8.849,-19.55,-10.701,0.3137
g0805,2026-06-19,77,-7.5,-15.442,-7.943,0.5535
g0805,2026-06-26,77,-9.443,-16.811,-7.369,0.6196
g0805,2026-07-08,77,-9.907,-18.216,-8.309,0.5144
g0805,2026-07-20,77,-9.075,-18.266,-9.191,0.4301
g0805,2026-08-01,77,-10.632,-19.411,-8.778,0.4679
g0805,2026-08-13,77,-7.388,-15.969,-8.581,0.487
g0805,2026-08-25,77,-5.101,-20.937,-15.835,0.1017
g0805,2026-09-18,77,-3.547,-13.009,-9.462,0.4067
g0805,2026-09-30,77,-6.534,-13.994,-7.461,0.6086
g0806,2025-09-04,28,-10.177,-13.162,-2.984,1.3387
g0806,2025-09-16,28,-12.457,-18.794,-6.337,0.7544
g0806,2025-09-28,28,-9.336,-20.878,-11.542,0.2621
g0806,2025-10-10,28,-6.553,-15.081,-8.528,0.4923
g0806,2025-10-22,28,-7.523,-14.616,-7.093,0.6536
g0806,2025-11-03,28,-8.02,-15.366,-7.346,0.6223
g0806,2025-11-15,28,-9.407,-18.23,-8.823,0.4637
g0806,2025-11-27,28,-12.371,-18.745,-6.374,0.7491
g0806,2025-12-09,28,-8.218,-17.859,-9.641,0.3919
g0806,2025-12-21,28,-9.361,-16.138,-6.777,0.6943
g0806,2026-01-02,28,-8.791,-15.483,-6.692,0.7056
g0806,2026-01-14,28,-9.571,-16.448,-6.877,0.6812
g0806,2026-01-26,28,-9.492,-17.108,-7.616,0.5903
g0806,2026-02-19,28,-7.872,-17.907,-10.035,0.361
g0806,2026-03-03,28,-8.555,-16.93,-8.375,0.5077
g0806,2026-03-15,28,-8.048,-13.857,-5.809,0.8316
g0806,2026-03-27,28,-6.252,-14.927,-8.675,0.4779
g0806,2026-04-08,28,-8.635,-12.831,-4.196,1.1025
g0806,2026-04-20,28,-11.327,-18.115,-6.788,0.6928
g0806,2026-05-02,28,-10.672,-18.888,-8.215,0.5242
g0806,2026-05-14,28,-10.393,-19.365,-8.972,0.4498
g0806,2026-05-26,28,-9.849,-21.46,-11.611,0.2582
g0806,2026-06-07,28,-8.017,-19.892,-11.874,0.2439
g0806,2026-06-19,28,-8.196,-17.753,-9.557,0.3988
g0806,2026-06-26,28,-8.604,-15.148,-6.544,0.7257
g0806,2026-07-08,28,-8.982,-16.088,-7.106,0.6519
g0806,2026-07-20,28,-10.679,-14.771,-4.092,1.1218
g0806,2026-08-01,28,-8.215,-14.493,-6.278,0.7628
g0806,2026-08-13,28,-7.25,-13.081,-5.831,0.8284
g0806,2026-08-25,28,-8.289,-16.042,-7.753,0.5746
g0806,2026-09-18,28,-7.183,-16.35,-9.167,0.4322
g0806,2026-09-30,28,-9.972,-17.444,-7.473,0.6072
g0807,2025-09-04,30,-8.826,-13.347,-4.521,1.0439
g0807,2025-09-16,30,-8.974,-16.635,-7.661,0.5851
g0807,2025-09-28,30,-11.005,-19.467,-8.462,0.4989
g0807,2025-10-10,30,-10.388,-17.04,-6.653,0.7109
g0807,2025-10-22,30,-10.993,-17.084,-6.09,0.7898
g0807,2025-11-03,30,-10.232,-17.059,-6.828,0.6877
g0807,2025-11-15,30,-10.63,-17.013,-6.383,0.748
g0807,2025-11-27,30,-7.538,-15.127,-7.589,0.5934
g0807,2025-12-09,30,-6.19,-15.028,-8.838,0.4623
g0807,2025-12-21,30,-5.763,-15.289,-9.526,0.4014
g0807,2026-01-02,30,-6.733,-14.802,-8.069,0.5398
g0807,2026-01-14,30,-9.197,-16.778,-7.581,0.5944
g0807,2026-01-26,30,-9.608,-15.764,-6.156,0.7802
g0807,2026-02-19,30,-11.115,-16.668,-5.554,0.871
g0807,2026-03-03,30,-9.207,-17.187,-7.98,0.5494
g0807,2026-03-15,30,-11.806,-18.736,-6.93,0.6744
g0807,2026-03-27,30,-8.728,-16.929,-8.201,0.5257
g0807,2026-04-08,30,-7.097,-14.76,-7.663,0.5849
g0807,2026-04-20,30,-7.361,-15.356,-7.995,0.5478
g0807,2026-05-02,30,-9.406,-15.062,-5.656,0.8551
g0807,2026-05-14,30,-7.703,-15.215,-7.512,0.6025
g0807,2026-05-26,30,-9.392,-16.694,-7.303,0.6276
g0807,2026-06-07,30,-9.29,-16.432,-7.143,0.6473
g0807,2026-06-19,30,-7.37,-16.052,-8.682,0.4772
g0807,2026-06-26,30,-8.796,-16.443,-7.646,0.5868
g0807,2026-07-08,30,-9.055,-14.563,-5.508,0.8782
g0807,2026-07-20,30,-10.694,-15.07,-4.376,1.0697
g0807,2026-08-01,30,-10.625,-15.345,-4.72,1.0089
g0807,2026-08-13,30,-9.03,-13.463,-4.433,1.0595
g0807,2026-08-25,30,-8.843,-15.091,-6.249,0.7669
g0807,2026-09-18,30,-7.122,-12.975,-5.854,0.8249
g0807,2026-09-30,30,-8.414,-15.529,-7.115,0.6508
g0808,2025-09-04,35,-6.377,-13.855,-7.478,0.6065
g0808,2025-09-16,35,-8.759,-13.986,-5.227,0.9234
g0808,2025-09-28,35,-7.48,-15.465,-7.985,0.5489
g0808,2025-10-10,35,-7.01,-15.567,-8.557,0.4894
g0808,2025-10-22,35,-8.103,-14.628,-6.524,0.7283
g0808,2025-11-03,35,-8.337,-15.2,-6.862,0.6831
g0808,2025-11-15,35,-8.777,-15.798,-7.02,0.6628
g0808,2025-11-27,35,-9.473,-15.272,-5.799,0.8331
g0808,2025-12-09,35,-8.598,-17.351,-8.753,0.4704
g0808,2025-12-21,35,-10.57,-16.109,-5.54,0.8732
g0808,2026-01-02,35,-9.475,-15.141,-5.666,0.8535
g0808,2026-01-14,35,-10.085,-15.857,-5.772,0.8373
g0808,2026-01-26,35,-8.006,-15.666,-7.66,0.5852
g0808,2026-02-19,35,-11.095,-16.87,-5.775,0.8368
g0808,2026-03-03,35,-11.042,-17.783,-6.741,0.6991
g0808,2026-03-15,35,-9.496,-15.142,-5.646,0.8566
g0808,2026-03-27,35,-8.733,-14.627,-5.894,0.8188
g0808,2026-04-08,35,-9.664,-15.408,-5.744,0.8415
g0808,2026-04-20,35,-11.248,-14.88,-3.632,1.2092
g0808,2026-05-02,35,-10.838,-15.458,-4.62,1.0263
g0808,2026-05-14,35,-11.46,-16.761,-5.301,0.9113
g0808,2026-05-26,35,-10.374,-16.356,-5.983,0.8056
g0808,2026-06-07,35,-10.181,-16.8,-6.619,0.7154
g0808,2026-06-19,35,-10.107,-15.925,-5.818,0.8303
g0808,2026-06-26,35,-9.02,-16.511,-7.491,0.605
g0808,2026-07-08,35,-10.072,-16.464,-6.392,0.7467
g0808,2026-07-20,35,-11.288,-17.678,-6.39,0.747
g0808,2026-08-01,35,-8.951,-15.364,-6.413,0.7437
g0808,2026-08-13,35,-7.778,-14.677,-6.899,0.6784
g0808,2026-08-25,35,-8.85,-14.492,-5.641,0.8573
g0808,2026-09-18,35,-7.863,-13.566,-5.704,0.8477
g0808,2026-09-30,35,-6.728,-15.285,-8.557,0.4894
g0809,2025-09-04,43,-5.195,-12.564,-7.369,0.6196
g0809,2025-09-16,43,-9.362,-15.78,-6.418,0.743
g0809,2025-09-28,43,-7.85,-16.251,-8.401,0.5051
g0809,2025-10-10,43,-9.041,-16.654,-7.614,0.5906
g0809,2025-10-22,43,-10.655,-18.237,-7.582,0.5943
g0809,2025-11-03,43,-5.603,-16.616,-11.013,0.2935
g0809,2025-11-15,43,-11.888,-21.719,-9.831,0.3767
g0809,2025-11-27,43,-11.386,-20.997,-9.611,0.3944
g0809,2025-12-09,43,-9.008,-18.14,-9.133,0.4353
g0809,2025-12-21,43,-8.223,-15.311,-7.088,0.6542
g0809,2026-01-02,43,-10.283,-15.843,-5.56,0.87
g0809,2026-01-14,43,-10.947,-15.252,-4.306,1.0826
g0809,2026-01-26,43,-11.321,-17.385,-6.064,0.7936
g0809,2026-02-19,43,-11.211,-17.106,-5.895,0.8187
g0809,2026-03-03,43,-10.466,-17.523,-7.057,0.6581
g0809,2026-03-15,43,-9.93,-14.282,-4.351,1.0742
g0809,2026-03-27,43,-8.241,-12.635,-4.393,1.0666
g0809,2026-04-08,43,-8.232,-12.043,-3.811,1.1747
g0809,2026-04-20,43,-10.568,-18.792,-8.223,0.5234
g0809,2026-05-02,43,-12.49,-22.405,-9.915,0.3701
g0809,2026-05-14,43,-9.728,-21.593,-11.865,0.2444
g0809,2026-05-26,43,-11.176,-20.418,-9.242,0.4256
g0809,2026-06-07,43,-5.432,-14.445,-9.013,0.446
g0809,2026-06-19,43,-8.279,-15.201,-6.921,0.6754
g0809,2026-06-26,43,-8.026,-15.023,-6.997,0.6657
g0809,2026-07-08,43,-8.897,-15.163,-6.266,0.7644
g0809,2026-07-20,43,-10.981,-15.535,-4.554,1.038
g0809,2026-08-01,43,-7.948,-15.352,-7.404,0.6154
g0809,2026-08-13,43,-10.411,-17.604,-7.192,0.6411
g0809,2026-08-25,43,-7.318,-14.66,-7.342,0.6228
g0809,2026-09-18,43,-7.22,-13.241,-6.021,0.7999
g0809,2026-09-30,43,-8.304,-13.748,-5.444,0.8884
g0900,2025-09-04,11,-7.351,-15.535,-8.185,0.5275
g0900,2025-09-16,11,-6.863,-13.607,-6.744,0.6987
g0900,2025-09-28,11,-10.004,-16.135,-6.131,0.7839
g0900,2025-10-10,11,-9.803,-14.12,-4.317,1.0804
g0900,2025-10-22,11,-6.848,-17.754,-10.906,0.3003
g0900,2025-11-03,11,-7.999,-20.578,-12.579,0.2093
g0900,2025-11-15,11,-11.345,-20.803,-9.458,0.407
g0900,2025-11-27,11,-7.105,-16.634,-9.529,0.4011
g0900,2025-12-09,11,-8.686,-15.178,-6.491,0.7329
g0900,2025-12-21,11,-6.214,-16.553,-10.34,0.3386
g0900,2026-01-02,11,-8.239,-13.326,-5.087,0.9465
g0900,2026-01-14,11,-9.131,-14.084,-4.953,0.9689
g0900,2026-01-26,11,-7.837,-15.197,-7.36,0.6207
g0900,2026-02-19,11,-8.236,-11.334,-3.098,1.3155
g0900,2026-03-03,11,-8.95,-11.55,-2.6,1.4185
g0900,2026-03-15,11,-10.918,-17.218,-6.299,0.7597
g0900,2026-03-27,11,-8.093,-16.019,-7.925,0.5554
g0900,2026-04-08,11,-6.856,-17.056,-10.2,0.3487
g0900,2026-04-20,11,-11.21,-21.309,-10.099,0.3562
g0900,2026-05-02,11,-11.748,-21.587,-9.839,0.3761
g0900,2026-05-14,11,-11.823,-19.423,-7.6,0.5922
g0900,2026-05-26,11,-9.127,-17.297,-8.169,0.5291
g0900,2026-06-07,11,-10.286,-18.157,-7.871,0.5614
g0900,2026-06-19,11,-8.769,-17.872,-9.104,0.4379
g0900,2026-06-26,11,-12.311,-20.958,-8.647,0.4806
g0900,2026-07-08,11,-10.452,-17.114,-6.661,0.7098
g0900,2026-07-20,11,-12.112,-19.129,-7.017,0.6632
g0900,2026-08-01,11,-9.574,-16.081,-6.507,0.7308
g0900,2026-08-13,11,-8.673,-13.451,-4.779,0.9987
g0900,2026-08-25,11,-7.895,-12.425,-4.53,1.0422
g0900,2026-09-18,11,-9.503,-14.082,-4.579,1.0336
g0900,2026-09-30,11,-10.729,-15.076,-4.347,1.0751
g0901,2025-09-04,14,-6.319,-14.803,-8.484,0.4967
g0901,2025-09-16,14,-10.349,-17.182,-6.833,0.6869
g0901,2025-09-28,14,-10.883,-16.875,-5.993,0.8041
g0901,2025-10-10,14,-7.92,-14.577,-6.657,0.7103
g0901,2025-10-22,14,-7.25,-16.934,-9.684,0.3884
g0901,2025-11-03,14,-7.37,-15.062,-7.693,0.5815
g0901,2025-11-15,14,-9.325,-14.689,-5.365,0.9011
g0901,2025-11-27,14,-10.754,-21.942,-11.188,0.2828
g0901,2025-12-09,14,-10.954,-19.574,-8.62,0.4832
g0901,2025-12-21,14,-7.138,-18.806,-11.669,0.255
g0901,2026-01-02,14,-8.672,-16.589,-7.918,0.5563
g0901,2026-01-14,14,-7.608,-17.693,-10.085,0.3573
g0901,2026-01-26,14,-9.556,-15.162,-5.606,0.8629
g0901,2026-02-19,14,-8.786,-15.928,-7.141,0.6475
g0901,2026-03-03,14,-11.83,-17.479,-5.649,0.8561
g0901,2026-03-15,14,-12.028,-18.084,-6.056,0.7948
g0901,2026-03-27,14,-10.078,-13.205,-3.127,1.3096
g0901,2026-04-08,14,-7.2,-11.634,-4.434,1.0594
g0901,2026-04-20,14,-11.26,-15.754,-4.494,1.0487
g0901,2026-05-02,14,-11.688,-17.25,-5.562,0.8698
g0901,2026-05-14,14,-13.26,-20.507,-7.248,0.6343
g0901,2026-05-26,14,-11.832,-20.065,-8.233,0.5224
g0901,2026-06-07,14,-10.896,-18.316,-7.42,0.6134
g0901,2026-06-19,14,-9.553,-17.028,-7.475,0.6069
g0901,2026-06-26,14,-11.952,-17.794,-5.843,0.8266
g0901,2026-07-08,14,-13.289,-19.416,-6.127,0.7844
g0901,2026-07-20,14,-10.307,-19.044,-8.737,0.4719
g0901,2026-08-01,14,-10.919,-17.218,-6.3,0.7597
g0901,2026-08-13,14,-9.812,-16.888,-7.076,0.6556
g0901,2026-08-25,14,-10.845,-18.854,-8.009,0.5463
g0901,2026-09-18,14,-7.632,-13.819,-6.186,0.7759
g0901,2026-09-30,14,-6.014,-17.256,-11.242,0.2795
g0902,2025-09-04,139,-9.24,-14.1,-4.86,0.9848
g0902,2025-09-16,139,-8.645,-13.359,-4.714,1.01
g0902,2025-09-28,139,-9.948,-16.049,-6.102,0.7881
g0902,2025-10-10,139,-7.407,-15.004,-7.597,0.5926
g0902,2025-10-22,139,-11.639,-20.294,-8.655,0.4798
g0902,2025-11-03,139,-11.072,-19.931,-8.86,0.4603
g0902,2025-11-15,139,-8.524,-17.887,-9.363,0.4152
g0902,2025-11-27,139,-9.594,-18.404,-8.81,0.4649
g0902,2025-12-09,139,-7.809,-15.688,-7.879,0.5605
g0902,2025-12-21,139,-7.289,-14.069,-6.78,0.6939
g0902,2026-01-02,139,-7.977,-13.324,-5.347,0.9039
g0902,2026-01-14,139,-9.605,-14.43,-4.825,0.9908
g0902,2026-01-26,139,-8.962,-14.266,-5.304,0.9108
g0902,2026-02-19,139,-8.97,-11.737,-2.766,1.3837
g0902,2026-03-03,139,-7.854,-11.815,-3.961,1.1463
g0902,2026-03-15,139,-9.339,-11.915,-2.576,1.4236
g0902,2026-03-27,139,-10.25,-16.476,-6.226,0.7701
g0902,2026-04-08,139,-9.678,-17.815,-8.136,0.5326
g0902,2026-04-20,139,-13.858,-21.923,-8.064,0.5403
g0902,2026-05-02,139,-11.979,-21.138,-9.159,0.4329
g0902,2026-05-14,139,-6.305,-17.126,-10.821,0.3058
g0902,2026-05-26,139,-11.626,-19.651,-8.025,0.5445
g0902,2026-06-07,139,-10.666,-18.77,-8.104,0.536
g0902,2026-06-19,139,-7.306,-16.91,-9.604,0.3949
g0902,2026-06-26,139,-10.024,-18.35,-8.327,0.5126
g0902,2026-07-08,139,-9.639,-17.034,-7.395,0.6164
g0902,2026-07-20,139,-9.244,-16.737,-7.493,0.6047
g0902,2026-08-01,139,-9.695,-16.089,-6.394,0.7464
g0902,2026-08-13,139,-7.429,-15.387,-7.958,0.5518
g0902,2026-08-25,139,-9.397,-13.828,-4.431,1.0598
g0902,2026-09-18,139,-7.159,-13.467,-6.308,0.7585
g0902,2026-09-30,139,-10.242,-17.588,-7.346,0.6223
g0903,2025-09-04,34,-5.5,-12.302,-6.802,0.6911
g0903,2025-09-16,34,-5.374,-13.587,-8.214,0.5244
g0903,2025-09-28,34,-6.837,-13.35,-6.513,0.7299
g0903,2025-10-10,34,-7.265,-12.736,-5.471,0.884
g0903,2025-10-22,34,-7.719,-15.51,-7.791,0.5704
g0903,2025-11-03,34,-5.878,-14.982,-9.104,0.4378
g0903,2025-11-15,34,-11.135,-20.244,-9.109,0.4374
g0903,2025-11-27,34,-10.394,-20.176,-9.781,0.3806
g0903,2025-12-09,34,-7.989,-17.19,-9.201,0.4292
g0903,2025-12-21,34,-9.594,-16.323,-6.729,0.7007
g0903,2026-01-02,34,-9.45,-15.278,-5.827,0.8289
g0903,2026-01-14,34,-10.462,-16.755,-6.293,0.7606
g0903,2026-01-26,34,-10.558,-15.338,-4.78,0.9985
g0903,2026-02-19,34,-10.488,-16.578,-6.09,0.7898
g0903,2026-03-03,34,-11.939,-16.003,-4.064,1.127
g0903,2026-03-15,34,-10.42,-15.847,-5.426,0.8912
g0903,2026-03-27,34,-9.953,-14.869,-4.917,0.9751
g0903,2026-04-08,34,-9.178,-12.073,-2.895,1.3571
g0903,2026-04-20,34,-11.31,-16.849,-5.54,0.8733
g0903,2026-05-02,34,-11.516,-19.484,-7.968,0.5507
g0903,2026-05-14,34,-13.368,-20.439,-7.071,0.6563
g0903,2026-05-26,34,-12.42,-19.974,-7.554,0.5976
g0903,2026-06-07,34,-10.703,-19.933,-9.23,0.4267
g0903,2026-06-19,34,-7.215,-17.02,-9.805,0.3787
g0903,2026-06-26,34,-11.796,-19.908,-8.112,0.5352
g0903,2026-07-08,34,-8.902,-19.506,-10.604,0.3202
g0903,2026-07-20,34,-12.114,-22.88,-10.766,0.3094
g0903,2026-08-01,34,-9.563,-21.318,-11.755,0.2503
g0903,2026-08-13,34,-7.17,-13.236,-6.065,0.7935
g0903,2026-08-25,34,-7.905,-11.765,-3.86,1.1655
g0903,2026-09-18,34,-7.705,-13.093,-5.388,0.8973
g0903,2026-09-30,34,-9.522,-14.347,-4.825,0.9908
g0904,2025-09-04,17,-6.688,-12.004,-5.316,0.9089
g0904,2025-09-16,17,-6.848,-12.509,-5.662,0.8542
g0904,2025-09-28,17,-9.507,-13.631,-4.124,1.1158
g0904,2025-10-10,17,-8.351,-14.319,-5.968,0.8078
g0904,2025-10-22,17,-9.504,-16.635,-7.131,0.6488
g0904,2025-11-03,17,-7.367,-18.611,-11.243,0.2794
g0904,2025-11-15,17,-6.354,-17.346,-10.992,0.2948
g0904,2025-11-27,17,-9.177,-16.461,-7.284,0.6299
g0904,2025-12-09,17,-8.853,-16.038,-7.185,0.642
g0904,2025-12-21,17,-9.442,-15.549,-6.106,0.7874
g0904,2026-01-02,17,-8.642,-13.967,-5.326,0.9073
g0904,2026-01-14,17,-8.739,-14.321,-5.582,0.8665
g0904,2026-01-26,17,-8.998,-17.704,-8.706,0.4749
g0904,2026-02-19,17,-9.369,-15.828,-6.458,0.7374
g0904,2026-03-03,17,-7.445,-18.345,-10.9,0.3007
g0904,2026-03-15,17,-7.555,-15.988,-8.434,0.5018
g0904,2026-03-27,17,-8.696,-14.138,-5.442,0.8886
g0904,2026-04-08,17,-7.326,-12.251,-4.925,0.9737
g0904,2026-04-20,17,-10.619,-16.321,-5.702,0.848
g0904,2026-05-02,17,-8.686,-15.155,-6.469,0.7359
g0904,2026-05-14,17,-7.89,-15.562,-7.672,0.5839
g0904,2026-05-26,17,-9.182,-16.61,-7.428,0.6124
g0904,2026-06-07,17,-7.414,-14.51,-7.096,0.6532
g0904,2026-06-19,17,-8.728,-14.844,-6.115,0.7861
g0904,2026-06-26,17,-9.288,-15.617,-6.329,0.7555
g0904,2026-07-08,17,-8.99,-15.992,-7.002,0.6651
g0904,2026-07-20,17,-8.009,-16.254,-8.245,0.5211
g0904,2026-08-01,17,-9.544,-17.299,-7.755,0.5744
g0904,2026-08-13,17,-8.697,-16.052,-7.355,0.6212
g0904,2026-08-25,17,-8.539,-14.902,-6.363,0.7507
g0904,2026-09-18,17,-5.731,-12.375,-6.644,0.7121
g0904,2026-09-30,17,-9.387,-14.623,-5.236,0.922
g0905,2025-09-04,134,-6.734,-13.177,-6.444,0.7395
g0905,2025-09-16,134,-7.927,-12.927,-4.999,0.9611
g0905,2025-09-28,134,-7.552,-13.035,-5.483,0.8822
g0905,2025-10-10,134,-6.416,-13.774,-7.359,0.6208
g0905,2025-10-22,134,-9.043,-14.582,-5.54,0.8732
g0905,2025-11-03,134,-6.876,-15.515,-8.64,0.4813
g0905,2025-11-15,134,-9.524,-18.058,-8.534,0.4917
g0905,2025-11-27,134,-9.752,-19.164,-9.412,0.4109
g0905,2025-12-09,134,-8.231,-18.13,-9.899,0.3714
g0905,2025-12-21,134,-9.099,-16.604,-7.505,0.6033
g0905,2026-01-02,134,-8.334,-14.456,-6.122,0.7852
g0905,2026-01-14,134,-9.588,-15.436,-5.849,0.8256
g0905,2026-01-26,134,-9.849,-15.78,-5.931,0.8133
g0905,2026-02-19,134,-11.23,-17.593,-6.363,0.7507
g0905,2026-03-03,134,-11.8,-17.958,-6.158,0.7799
g0905,2026-03-15,134,-8.657,-13.818,-5.161,0.9342
g0905,2026-03-27,134,-7.728,-13.323,-5.595,0.8645
g0905,2026-04-08,134,-7.463,-11.051,-3.588,1.2178
g0905,2026-04-20,134,-11.528,-16.923,-5.395,0.8962
g0905,2026-05-02,134,-11.339,-17.464,-6.125,0.7848
g0905,2026-05-14,134,-10.622,-18.894,-8.272,0.5183
g0905,2026-05-26,134,-11.056,-20.207,-9.151,0.4336
g0905,2026-06-07,134,-12.246,-20.697,-8.451,0.5
g0905,2026-06-19,134,-9.473,-18.654,-9.181,0.431
g0905,2026-06-26,134,-10.658,-17.754,-7.096,0.6531
g0905,2026-07-08,134,-9.116,-18.333,-9.217,0.4278
g0905,2026-07-20,134,-11.68,-17.948,-6.268,0.7642
g0905,2026-08-01,134,-9.326,-15.47,-6.144,0.7819
g0905,2026-08-13,134,-8.403,-13.954,-5.551,0.8714
g0905,2026-08-25,134,-9.309,-15.111,-5.802,0.8328
g0905,2026-09-18,134,-7.262,-14.138,-6.875,0.6814
g0905,2026-09-30,134,-9.019,-15.89,-6.871,0.682
g0906,2025-09-04,13,-8.204,-14.511,-6.307,0.7586
g0906,2025-09-16,13,-8.615,-13.675,-5.06,0.9509
g0906,2025-09-28,13,-8.158,-15.17,-7.012,0.6639
g0906,2025-10-10,13,-6.689,-16.521,-9.832,0.3766
g0906,2025-10-22,13,-6.28,-15.111,-8.83,0.463
g0906,2025-11-03,13,-7.882,-18.903,-11.021,0.293
g0906,2025-11-15,13,-11.472,-20.167,-8.695,0.4759
g0906,2025-11-27,13,-10.28,-18.888,-8.608,0.4844
g0906,2025-12-09,13,-9.13,-16.993,-7.863,0.5624
g0906,2025-12-21,13,-10.63,-16.34,-5.71,0.8467
g0906,2026-01-02,13,-11.099,-16.908,-5.808,0.8317
g0906,2026-01-14,13,-11.011,-17.748,-6.737,0.6996
g0906,2026-01-26,13,-11.675,-17.14,-5.465,0.885
g0906,2026-02-19,13,-12.321,-18.66,-6.339,0.7541
g0906,2026-03-03,13,-8.983,-16.111,-7.127,0.6492
g0906,2026-03-15,13,-8.369,-13.081,-4.711,1.0104
g0906,2026-03-27,13,-6.182,-11.491,-5.308,0.9101
g0906,2026-04-08,13,-8.327,-12.512,-4.185,1.1046
g0906,2026-04-20,13,-9.736,-17.766,-8.03,0.5439
g0906,2026-05-02,13,-10.236,-20.795,-10.559,0.3233
g0906,2026-05-14,13,-10.301,-19.867,-9.566,0.398
g0906,2026-05-26,13,-11.398,-19.543,-8.145,0.5316
g0906,2026-06-07,13,-8.785,-18.84,-10.055,0.3594
g0906,2026-06-19,13,-6.237,-16.169,-9.932,0.3688
g0906,2026-06-26,13,-8.967,-19.425,-10.458,0.3302
g0906,2026-07-08,13,-6.622,-17.355,-10.733,0.3116
g0906,2026-07-20,13,-11.129,-16.535,-5.406,0.8944
g0906,2026-08-01,13,-8.361,-16.019,-7.658,0.5855
g0906,2026-08-13,13,-8.781,-12.919,-4.138,1.1133
g0906,2026-08-25,13,-7.954,-14.87,-6.916,0.6762
g0906,2026-09-18,13,-2.525,-14.236,-11.712,0.2527
g0906,2026-09-30,13,-7.174,-15.373,-8.199,0.526
g0907,2025-09-04,15,-9.839,-15.125,-5.285,0.9139
g0907,2025-09-16,15,-11.095,-19.555,-8.46,0.4991
g0907,2025-09-28,15,-11.958,-15.091,-3.133,1.3084
g0907,2025-10-10,15,-7.909,-15.461,-7.552,0.5978
g0907,2025-10-22,15,-6.912,-14.689,-7.777,0.5719
g0907,2025-11-03,15,-10.173,-15.695,-5.522,0.876
g0907,2025-11-15,15,-10.104,-18.15,-8.046,0.5423
g0907,2025-11-27,15,-11.823,-23.402,-11.58,0.2599
g0907,2025-12-09,15,-12.404,-23.581,-11.177,0.2834
g0907,2025-12-21,15,-10.643,-17.628,-6.985,0.6673
g0907,2026-01-02,15,-8.764,-18.112,-9.349,0.4163
g0907,2026-01-14,15,-11.342,-16.4,-5.058,0.9513
g0907,2026-01-26,15,-11.554,-18.337,-6.783,0.6935
g0907,2026-02-19,15,-11.991,-17.193,-5.201,0.9276
g0907,2026-03-03,15,-12.705,-17.345,-4.64,1.0228
g0907,2026-03-15,15,-10.06,-14.27,-4.21,1.1001
g0907,2026-03-27,15,-9.85,-16.396,-6.546,0.7253
g0907,2026-04-08,15,-8.262,-11.414,-3.151,1.3046
g0907,2026-04-20,15,-12.346,-18.453,-6.107,0.7874
g0907,2026-05-02,15,-11.159,-20.278,-9.119,0.4365
g0907,2026-05-14,15,-12.175,-22.566,-10.391,0.3349
g0907,2026-05-26,15,-12.541,-20.037,-7.496,0.6044
g0907,2026-06-07,15,-11.971,-18.835,-6.864,0.6829
g0907,2026-06-19,15,-9.078,-17.755,-8.678,0.4776
g0907,2026-06-26,15,-11.291,-17.658,-6.367,0.7502
g0907,2026-07-08,15,-11.606,-17.7,-6.094,0.7893
g0907,2026-07-20,15,-10.282,-16.576,-6.294,0.7605
g0907,2026-08-01,15,-12.292,-15.012,-2.72,1.3934
g0907,2026-08-13,15,-8.135,-14.798,-6.663,0.7096
g0907,2026-08-25,15,-10.75,-13.783,-3.033,1.3287
g0907,2026-09-18,15,-9.06,-15.332,-6.272,0.7636
g0907,2026-09-30,15,-10.703,-16.196,-5.493,0.8807
g0908,2025-09-04,52,-8.747,-15.666,-6.92,0.6757
g0908,2025-09-16,52,-9.971,-15.081,-5.109,0.9427
g0908,2025-09-28,52,-9.818,-17.022,-7.204,0.6397
g0908,2025-10-10,52,-10.406,-17.031,-6.625,0.7147
g0908,2025-10-22,52,-10.845,-16.836,-5.991,0.8044
g0908,2025-11-03,52,-9.722,-17.193,-7.471,0.6073
g0908,2025-11-15,52,-10.325,-17.241,-6.916,0.6761
g0908,2025-11-27,52,-10.977,-16.888,-5.911,0.8163
g0908,2025-12-09,52,-11.891,-17.97,-6.079,0.7915
g0908,2025-12-21,52,-11.01,-19.211,-8.201,0.5257
g0908,2026-01-02,52,-11.496,-18.568,-7.073,0.6561
g0908,2026-01-14,52,-11.619,-18.398,-6.779,0.6941
g0908,2026-01-26,52,-10.458,-17.469,-7.011,0.6639
g0908,2026-02-19,52,-11.944,-17.678,-5.734,0.8431
g0908,2026-03-03,52,-11.845,-18.825,-6.981,0.6678
g0908,2026-03-15,52,-11.876,-18.07,-6.195,0.7747
g0908,2026-03-27,52,-10.478,-16.959,-6.481,0.7343
g0908,2026-04-08,52,-11.276,-16.666,-5.39,0.8969
g0908,2026-04-20,52,-11.964,-17.631,-5.667,0.8533
g0908,2026-05-02,52,-11.226,-18.575,-7.349,0.6219
g0908,2026-05-14,52,-11.52,-18.83,-7.31,0.6267
g0908,2026-05-26,52,-11.024,-18.316,-7.292,0.6289
g0908,2026-06-07,52,-10.906,-18.555,-7.649,0.5865
g0908,2026-06-19,52,-10.058,-17.198,-7.14,0.6477
g0908,2026-06-26,52,-11.63,-18.069,-6.439,0.7401
g0908,2026-07-08,52,-11.497,-17.036,-5.539,0.8734
g0908,2026-07-20,52,-11.046,-17.873,-6.827,0.6878
g0908,2026-08-01,52,-10.971,-17.229,-6.257,0.7657
g0908,2026-08-13,52,-9.336,-15.614,-6.277,0.7628
g0908,2026-08-25,52,-10.87,-15.817,-4.947,0.97
g0908,2026-09-18,52,-10.026,-15.338,-5.312,0.9096
g0908,2026-09-30,52,-10.566,-16.182,-5.616,0.8613
g0909,2025-09-04,3,-10.82,-17.672,-6.852,0.6845
g0909,2025-09-16,3,-11.256,-14.626,-3.37,1.2608
g0909,2025-09-28,3,-11.227,-17.554,-6.328,0.7557
g0909,2025-10-10,3,-8.911,-17.631,-8.72,0.4736
g0909,2025-10-22,3,-6.652,-18.444,-11.792,0.2483
g0909,2025-11-03,3,-11.126,-19.513,-8.387,0.5065
g0909,2025-11-15,3,-11.479,-20.696,-9.217,0.4278
g0909,2025-11-27,3,-9.228,-14.088,-4.86,0.9848
g0909,2025-12-09,3,-6.336,-16.547,-10.212,0.3478
g0909,2025-12-21,3,-8.639,-13.262,-4.624,1.0257
g0909,2026-01-02,3,-8.929,-17.855,-8.926,0.4541
g0909,2026-01-14,3,-10.208,-15.935,-5.727,0.8441
g0909,2026-01-26,3,-10.314,-14.183,-3.869,1.1637
g0909,2026-02-19,3,-8.678,-16.097,-7.419,0.6135
g0909,2026-03-03,3,-9.832,-15.63,-5.798,0.8334
g0909,2026-03-15,3,-10.646,-14.264,-3.617,1.2121
g0909,2026-03-27,3,-7.402,-12.529,-5.128,0.9397
g0909,2026-04-08,3,-11.347,-11.817,-0.47,1.8919
g0909,2026-04-20,3,-12.489,-15.312,-2.823,1.3719
g0909,2026-05-02,3,-11.9,-19.919,-8.019,0.5452
g0909,2026-05-14,3,-11.317,-17.771,-6.454,0.738
g0909,2026-05-26,3,-8.403,-13.493,-5.09,0.946
g0909,2026-06-07,3,-8.113,-15.02,-6.907,0.6773
g0909,2026-06-19,3,-6.877,-14.076,-7.199,0.6403
g0909,2026-06-26,3,-8.899,-15.685,-6.787,0.693
g0909,2026-07-08,3,-8.075,-15.376,-7.301,0.6278
g0909,2026-07-20,3,-10.9,-20.267,-9.368,0.4147
g0909,2026-08-01,3,-9.516,-15.991,-6.475,0.7352
g0909,2026-08-13,3,-9.29,-14.211,-4.921,0.9744
g0909,2026-08-25,3,-10.648,-12.476,-1.827,1.5853
g0909,2026-09-18,3,-8.351,-13.777,-5.426,0.8913
g0909,2026-09-30,3,-8.978,-16.009,-7.031,0.6614
