field,date,pixels,VV_db,VH_db,ratio_db,RVI,NDVI_median
g0802,2025-09-16,67,-9.046,-14.942,-5.896,0.8185,0.4726
g0901,2025-09-16,14,-10.349,-17.182,-6.833,0.6869,0.5636
g0907,2025-09-16,15,-11.095,-19.555,-8.46,0.4991,0.4302
g0600,2025-09-16,143,-8.219,-13.524,-5.304,0.9108,0.7662
g0605,2025-09-16,69,-6.33,-13.379,-7.049,0.6591,0.7964
g0904,2025-09-16,17,-6.848,-12.509,-5.662,0.8542,0.6713
g0804,2025-09-16,3,-6.705,-12.562,-5.857,0.8244,0.7222
g0508,2025-09-16,17,-5.701,-14.808,-9.106,0.4376,0.7961
g0408,2025-09-16,31,-8.728,-13.575,-4.847,0.987,0.7619
g0309,2025-09-16,39,-9.43,-16.003,-6.573,0.7217,0.8432
g0808,2025-09-16,35,-8.759,-13.986,-5.227,0.9234,0.7683
g0800,2025-09-16,69,-9.784,-14.568,-4.784,0.9979,0.6797
g0509,2025-09-16,25,-7.289,-17.878,-10.589,0.3212,0.368
g0107,2025-09-16,13,-6.798,-17.119,-10.32,0.34,0.3889
g0705,2025-09-16,44,-7.476,-14.144,-6.667,0.7089,0.7936
g0902,2025-09-16,139,-8.645,-13.359,-4.714,1.01,0.49
g0409,2025-09-16,41,-7.133,-15.331,-8.198,0.5261,0.2242
g0006,2025-09-16,26,-10.038,-13.545,-3.506,1.2338,0.5986
g0307,2025-09-16,47,-9.169,-17.504,-8.335,0.5118,0.1006
g0603,2025-09-16,8,-9.46,-13.139,-3.679,1.2002,0.533
g0604,2025-09-16,217,-7.676,-14.276,-6.6,0.718,0.0601
g0308,2025-09-16,39,-8.713,-14.013,-5.3,0.9116,0.7904
g0706,2025-09-16,77,-9.879,-13.852,-3.973,1.1441,0.8556
g0700,2025-09-16,20,-9.947,-12.52,-2.573,1.4243,0.7428
g0007,2025-09-16,25,-6.807,-14.162,-7.354,0.6213,0.58
g0209,2025-09-16,6,-5.742,-14.685,-8.943,0.4525,0.5438
g0703,2025-09-16,28,-9.332,-15.272,-5.94,0.8119,0.8223
g0900,2025-09-16,11,-6.863,-13.607,-6.744,0.6987,0.6281
g0104,2025-09-16,14,-9.573,-15.145,-5.572,0.8682,0.3093
g0909,2025-09-16,3,-11.256,-14.626,-3.37,1.2608,0.8028
g0201,2025-09-16,6,-4.423,-12.45,-8.027,0.5443,0.6236
g0406,2025-09-16,8,-8.718,-16.908,-8.191,0.5268,0.3323
g0105,2025-09-16,23,-3.337,-13.968,-10.632,0.3183,0.7108
g0809,2025-09-16,43,-9.362,-15.78,-6.418,0.743,0.3581
g0803,2025-09-16,36,-9.157,-14.675,-5.518,0.8767,0.5838
g0501,2025-09-16,4,-13.102,-19.027,-5.925,0.8141,0.1161
g0204,2025-09-16,10,-12.196,-18.308,-6.111,0.7867,0.1581
g0008,2025-09-16,47,-11.918,-15.78,-3.863,1.1649,0.1276
g0608,2025-09-16,30,-10.113,-19.183,-9.07,0.4409,0.1586
g0801,2025-09-16,15,-8.554,-12.996,-4.442,1.058,0.8342
g0106,2025-09-16,63,-8.159,-14.406,-6.247,0.7672,0.2565
g0207,2025-09-16,11,-6.231,-14.565,-8.334,0.5119,-0.0134
g0404,2025-09-16,57,-7.434,-12.49,-5.056,0.9517,0.1201
g0203,2025-09-16,26,-8.866,-13.402,-4.536,1.0412,0.5304
g0505,2025-09-16,70,-7.633,-12.902,-5.269,0.9165,0.7507
g0009,2025-09-16,6,-8.686,-13.317,-4.631,1.0244,0.711
g0004,2025-09-16,9,-10.183,-19.697,-9.514,0.4024,0.1228
g0607,2025-09-16,5,-5.699,-13.111,-7.411,0.6145,0.4439
g0502,2025-09-16,39,-9.547,-14.233,-4.686,1.0148,0.7688
g0903,2025-09-16,34,-5.374,-13.587,-8.214,0.5244,0.5064
g0306,2025-09-16,118,-7.006,-12.552,-5.546,0.8723,0.6706
g0208,2025-09-16,24,-7.689,-13.365,-5.676,0.852,0.3831
g0507,2025-09-16,28,-0.746,-13.74,-12.995,0.1911,0.24
g0300,2025-09-16,9,-8.909,-14.082,-5.172,0.9323,0.6374
g0905,2025-09-16,134,-7.927,-12.927,-4.999,0.9611,0.6777
g0601,2025-09-16,200,-10.202,-16.713,-6.51,0.7303,0.3604
g0101,2025-09-16,23,-9.837,-14.464,-4.627,1.025,0.1337
g0708,2025-09-16,36,-7.622,-14.617,-6.995,0.666,0.547
g0407,2025-09-16,11,-15.472,-17.517,-2.046,1.5374,0.0931
g0405,2025-09-16,374,-6.864,-14.131,-7.267,0.6319,0.6162
g0109,2025-09-16,21,-8.155,-13.141,-4.986,0.9633,0.4329
g0806,2025-09-16,28,-12.457,-18.794,-6.337,0.7544,0.0867
g0609,2025-09-16,59,-9.567,-13.609,-4.042,1.1311,0.1626
g0003,2025-09-16,8,-5.731,-13.716,-7.985,0.5489,0.6058
g0108,2025-09-16,13,-7.885,-13.286,-5.401,0.8952,0.6713
g0908,2025-09-16,52,-9.971,-15.081,-5.109,0.9427,0.3769
g0602,2025-09-16,35,-8.628,-15.778,-7.15,0.6465,0.7936
g0503,2025-09-16,123,-6.436,-14.107,-7.671,0.584,0.6911
g0906,2025-09-16,13,-8.615,-13.675,-5.06,0.9509,0.623
g0704,2025-09-16,78,-9.089,-14.925,-5.836,0.8276,0.1704
g0205,2025-09-16,25,-5.993,-12.33,-6.337,0.7544,0.3831
g0606,2025-09-16,106,-7.853,-12.609,-4.756,1.0026,0.6362
g0709,2025-09-16,15,-8.364,-16.144,-7.78,0.5716,0.151
g0805,2025-09-16,77,-8.972,-16.417,-7.445,0.6105,0.1116
g0702,2025-09-16,24,-6.97,-14.238,-7.269,0.6318,0.0869
g0305,2025-09-16,60,-6.768,-12.577,-5.809,0.8317,0.4001
g0206,2025-09-16,15,-7.475,-11.975,-4.5,1.0475,0.4265
g0909,2025-09-28,3,-11.227,-17.554,-6.328,0.7557,0.8522
g0809,2025-09-28,43,-7.85,-16.251,-8.401,0.5051,0.1039
g0705,2025-09-28,44,-8.395,-13.932,-5.536,0.8737,0.8277
g0601,2025-09-28,200,-10.301,-18.117,-7.815,0.5676,0.3661
g0009,2025-09-28,6,-11.639,-16.83,-5.191,0.9292,0.6286
g0201,2025-09-28,6,-5.984,-9.799,-3.815,1.1739,0.769
g0407,2025-09-28,11,-10.808,-19.49,-8.682,0.4772,0.0489
g0600,2025-09-28,143,-9.143,-14.756,-5.613,0.8617,0.6806
g0602,2025-09-28,35,-9.265,-14.829,-5.564,0.8693,0.8385
g0209,2025-09-28,6,-5.901,-13.174,-7.273,0.6312,0.5565
g0303,2025-09-28,278,-8.381,-13.697,-5.316,0.9089,0.866
g0700,2025-09-28,20,-9.629,-14.801,-5.172,0.9323,0.7908
g0806,2025-09-28,28,-9.336,-20.878,-11.542,0.2621,0.1564
g0505,2025-09-28,70,-9.495,-13.764,-4.27,1.0891,0.8075
g0706,2025-09-28,77,-10.53,-16.057,-5.528,0.8751,0.8136
g0104,2025-09-28,14,-8.701,-18.871,-10.17,0.3509,0.1101
g0203,2025-09-28,26,-9.98,-14.316,-4.336,1.0771,0.6855
g0102,2025-09-28,24,-9.832,-17.266,-7.434,0.6117,0.1647
g0608,2025-09-28,30,-10.838,-18.594,-7.755,0.5744,0.225
g0805,2025-09-28,77,-4.137,-18.591,-14.454,0.1385,0.1562
g0103,2025-09-28,14,-8.213,-15.87,-7.657,0.5856,0.0985
g0202,2025-09-28,5,-8.993,-14.968,-5.975,0.8067,0.7104
g0807,2025-09-28,30,-11.005,-19.467,-8.462,0.4989,0.0951
g0304,2025-09-28,1015,-8.893,-17.409,-8.517,0.4934,0.1004
g0208,2025-09-28,24,-10.108,-18.037,-7.93,0.5549,0.0904
g0306,2025-09-28,118,-7.408,-12.516,-5.108,0.943,0.8841
g0307,2025-09-28,47,-4.41,-18.763,-14.353,0.1416,0.1022
g0908,2025-09-28,52,-9.818,-17.022,-7.204,0.6397,0.3118
g0000,2025-09-28,38,-8.593,-11.823,-3.23,1.2888,0.7774
g0804,2025-09-28,3,-6.824,-13.199,-6.375,0.7491,0.7451
g0207,2025-09-28,11,-9.746,-15.216,-5.47,0.8842,0.1072
g0808,2025-09-28,35,-7.48,-15.465,-7.985,0.5489,0.8464
g0704,2025-09-28,78,2.967,-18.408,-21.375,0.0289,0.1388
g0603,2025-09-28,8,-9.171,-14.311,-5.14,0.9376,0.7394
g0100,2025-09-28,1296,-6.624,-13.064,-6.439,0.7401,0.0978
g0907,2025-09-28,15,-11.958,-15.091,-3.133,1.3084,0.7722
g0008,2025-09-28,47,-10.946,-18.653,-7.707,0.5799,0.1091
g0500,2025-09-28,50,-12.674,-17.574,-4.899,0.978,0.181
g0803,2025-09-28,36,-12.39,-17.493,-5.102,0.9439,0.1791
g0305,2025-09-28,60,-8.804,-14.463,-5.658,0.8547,0.3521
g0905,2025-09-28,134,-7.552,-13.035,-5.483,0.8822,0.6917
g0101,2025-09-28,23,-9.371,-16.351,-6.98,0.6679,0.111
g0107,2025-09-28,13,-9.147,-18.543,-9.396,0.4123,0.0979
g0906,2025-09-28,13,-8.158,-15.17,-7.012,0.6639,0.3167
g0408,2025-09-28,31,-9.078,-14.39,-5.312,0.9095,0.8624
g0702,2025-09-28,24,-8.377,-14.528,-6.152,0.7809,0.2637
g0301,2025-09-28,50,-8.795,-15.843,-7.048,0.6593,0.0689
g0902,2025-09-28,139,-9.948,-16.049,-6.102,0.7881,0.1387
g0707,2025-09-28,70,-4.763,-19.055,-14.292,0.1436,0.107
g0709,2025-09-28,15,-9.93,-21.401,-11.471,0.2661,0.2127
g0005,2025-09-28,13,-10.244,-17.957,-7.713,0.5792,0.0672
g0502,2025-09-28,39,-7.299,-14.167,-6.867,0.6825,0.8385
g0309,2025-09-28,39,-8.263,-14.677,-6.414,0.7436,0.8595
g0800,2025-09-28,69,-7.662,-14.787,-7.125,0.6496,0.6835
g0409,2025-09-28,41,-11.49,-20.688,-9.198,0.4295,0.0516
g0508,2025-09-28,17,-7.476,-16.234,-8.758,0.4699,0.8246
g0605,2025-09-28,69,-6.458,-13.413,-6.955,0.6711,0.8592
g0509,2025-09-28,25,-10.06,-18.21,-8.15,0.5311,0.1117
g0205,2025-09-28,25,-10.038,-17.405,-7.367,0.6198,0.0838
g0504,2025-09-28,47,-9.12,-17.717,-8.597,0.4855,0.1436
g0606,2025-09-28,106,-8.835,-14.244,-5.409,0.894,0.5228
g0003,2025-09-28,8,-7.752,-14.509,-6.757,0.697,0.6245
g0109,2025-09-28,21,-9.091,-16.758,-7.667,0.5844,0.1454
g0405,2025-09-28,374,-6.849,-13.045,-6.196,0.7744,0.865
g0708,2025-09-28,36,-7.559,-15.525,-7.966,0.5509,0.7379
g0300,2025-09-28,9,-12.576,-17.973,-5.397,0.8959,0.7961
g0400,2025-09-28,22,-6.555,-13.719,-7.164,0.6446,0.4964
g0503,2025-09-28,123,-7.467,-14.026,-6.559,0.7236,0.7474
g0507,2025-09-28,28,-0.547,-14.293,-13.745,0.162,0.2228
g0002,2025-09-28,60,-9.346,-18.084,-8.738,0.4718,0.1475
g0701,2025-09-28,69,-8.624,-14.675,-6.051,0.7955,0.806
g0403,2025-09-28,5,-7.211,-15.729,-8.518,0.4933,0.3438
g0903,2025-09-28,34,-6.837,-13.35,-6.513,0.7299,0.6855
g0607,2025-09-28,5,-10.957,-14.661,-3.705,1.1952,0.4378
g0004,2025-09-28,9,-10.815,-18.683,-7.869,0.5617,0.172
g0108,2025-09-28,13,-11.696,-17.306,-5.61,0.8622,0.214
g0206,2025-09-28,15,-9.223,-17.402,-8.179,0.5281,0.1103
g0200,2025-09-28,1768,-2.75,-14.276,-11.526,0.263,0.0914
g0609,2025-09-28,59,-10.924,-17.509,-6.586,0.72,0.203
g0302,2025-09-28,4,-8.782,-12.716,-3.935,1.1513,0.6812
g0901,2025-09-28,14,-10.883,-16.875,-5.993,0.8041,0.5941
g0204,2025-09-28,10,-8.647,-16.064,-7.418,0.6137,0.5019
g0501,2025-09-28,4,-9.298,-16.892,-7.595,0.5928,0.1782
g0105,2025-09-28,23,-6.147,-13.817,-7.67,0.5841,0.915
g0406,2025-09-28,8,-9.012,-15.155,-6.144,0.782,0.3043
g0402,2025-09-28,39,-7.031,-13.903,-6.872,0.6818,0.3868
g0900,2025-09-28,11,-10.004,-16.135,-6.131,0.7839,0.5066
g0802,2025-09-28,67,-9.656,-16.601,-6.945,0.6725,0.3825
g0904,2025-09-28,17,-9.507,-13.631,-4.124,1.1158,0.6099
g0801,2025-09-28,15,-9.348,-15.094,-5.746,0.8412,0.8541
g0106,2025-09-28,63,-9.706,-18.36,-8.654,0.4799,0.0846
g0404,2025-09-28,57,-8.437,-17.374,-8.938,0.453,0.1265
g0007,2025-09-28,25,-10.001,-15.609,-5.608,0.8626,0.5621
g0308,2025-09-28,39,-10.001,-14.98,-4.98,0.9644,0.7947
g0001,2025-09-28,12,-11.636,-17.655,-6.02,0.8001,0.8949
g0006,2025-09-28,26,-12.286,-18.731,-6.445,0.7393,0.0984
g0604,2025-09-28,217,-5.89,-18.907,-13.017,0.1902,0.0827
g0703,2025-09-28,28,-8.654,-14.638,-5.984,0.8054,0.7918
g0108,2025-10-10,13,-8.101,-16.487,-8.387,0.5065,0.2033
g0607,2025-10-10,5,-9.477,-15.896,-6.419,0.7429,0.3716
g0806,2025-10-10,28,-6.553,-15.081,-8.528,0.4923,0.3804
g0109,2025-10-10,21,-7.965,-16.222,-8.257,0.5198,0.2506
g0402,2025-10-10,39,-6.473,-11.378,-4.905,0.9771,0.3692
g0906,2025-10-10,13,-6.689,-16.521,-9.832,0.3766,0.333
g0300,2025-10-10,9,-5.901,-13.545,-7.643,0.5872,0.7414
g0002,2025-10-10,60,-5.426,-15.034,-9.608,0.3946,0.3701
g0305,2025-10-10,60,-7.367,-13.204,-5.838,0.8273,0.3383
g0202,2025-10-10,5,-10.782,-14.261,-3.479,1.2393,0.6247
g0500,2025-10-10,50,-9.58,-16.993,-7.413,0.6143,0.173
g0104,2025-10-10,14,-10.3,-17.521,-7.22,0.6377,0.1494
g0604,2025-10-10,217,-3.671,-14.535,-10.864,0.303,0.371
g0805,2025-10-10,77,-3.86,-15.931,-12.071,0.2338,0.3815
g0708,2025-10-10,36,-9.916,-14.229,-4.313,1.0812,0.5928
g0802,2025-10-10,67,-9.481,-13.892,-4.412,1.0634,0.3687
g0101,2025-10-10,23,-8.929,-15.062,-6.133,0.7835,0.1749
g0706,2025-10-10,77,-8.323,-13.962,-5.639,0.8578,0.7859
g0405,2025-10-10,374,-5.783,-12.645,-6.862,0.6832,0.8397
g0908,2025-10-10,52,-10.406,-17.031,-6.625,0.7147,0.3296
g0105,2025-10-10,23,-6.14,-15.639,-9.499,0.4036,0.787
g0304,2025-10-10,1015,-8.431,-16.476,-8.045,0.5424,0.1161
g0608,2025-10-10,30,-8.205,-14.286,-6.081,0.7911,0.4729
g0103,2025-10-10,14,-9.757,-16.223,-6.465,0.7365,0.1808
g0605,2025-10-10,69,-6.08,-14.142,-8.062,0.5405,0.7578
g0302,2025-10-10,4,-5.326,-15.183,-9.857,0.3747,0.6561
g0200,2025-10-10,1768,-3.211,-13.963,-10.752,0.3103,0.1193
g0800,2025-10-10,69,-7.486,-14.855,-7.369,0.6195,0.5694
g0001,2025-10-10,12,-7.349,-12.399,-5.05,0.9526,0.7728
g0106,2025-10-10,63,-6.128,-15.669,-9.541,0.4001,0.1366
g0804,2025-10-10,3,-3.786,-11.584,-7.799,0.5695,0.7466
g0502,2025-10-10,39,-9.129,-13.429,-4.3,1.0836,0.6864
g0705,2025-10-10,44,-8.385,-14.399,-6.013,0.8011,0.7704
g0107,2025-10-10,13,-8.053,-18.437,-10.384,0.3354,0.1506
g0602,2025-10-10,35,-8.937,-14.136,-5.2,0.9278,0.7345
g0603,2025-10-10,8,-12.816,-19.734,-6.918,0.6759,0.6844
g0504,2025-10-10,47,-9.999,-16.417,-6.418,0.743,0.206
g0801,2025-10-10,15,-8.209,-14.045,-5.836,0.8275,0.6363
g0707,2025-10-10,70,-2.453,-15.992,-13.539,0.1696,0.2491
g0301,2025-10-10,50,-6.779,-15.704,-8.925,0.4542,0.1103
g0403,2025-10-10,5,-6.895,-15.163,-8.268,0.5187,0.2937
g0201,2025-10-10,6,-7.141,-12.8,-5.66,0.8545,0.7951
g0803,2025-10-10,36,-9.788,-17.864,-8.076,0.539,0.2222
g0208,2025-10-10,24,-7.821,-16.589,-8.768,0.4689,0.1886
g0501,2025-10-10,4,-7.934,-16.27,-8.336,0.5117,0.3748
g0102,2025-10-10,24,-7.391,-15.107,-7.716,0.5789,0.3586
g0709,2025-10-10,15,-8.863,-17.941,-9.077,0.4402,0.4037
g0209,2025-10-10,6,-7.601,-15.415,-7.814,0.5678,0.3284
g0606,2025-10-10,106,-8.807,-13.551,-4.744,1.0047,0.4183
g0406,2025-10-10,8,-9.722,-14.844,-5.123,0.9405,0.3427
g0303,2025-10-10,278,-8.628,-14.172,-5.544,0.8725,0.7464
g0901,2025-10-10,14,-7.92,-14.577,-6.657,0.7103,0.6004
g0409,2025-10-10,41,-7.493,-17.289,-9.796,0.3795,0.2526
g0408,2025-10-10,31,-9.463,-14.293,-4.831,0.9898,0.6364
g0307,2025-10-10,47,-2.571,-14.019,-11.449,0.2674,0.3933
g0205,2025-10-10,25,-7.95,-16.267,-8.318,0.5136,0.1625
g0207,2025-10-10,11,-7.498,-15.859,-8.36,0.5092,0.2237
g0600,2025-10-10,143,-8.291,-15.205,-6.914,0.6763,0.3524
g0008,2025-10-10,47,-9.721,-15.817,-6.095,0.789,0.1949
g0808,2025-10-10,35,-7.01,-15.567,-8.557,0.4894,0.5986
g0508,2025-10-10,17,-7.831,-14.814,-6.983,0.6675,0.6105
g0907,2025-10-10,15,-7.909,-15.461,-7.552,0.5978,0.6801
g0009,2025-10-10,6,-9.061,-16.643,-7.582,0.5943,0.2671
g0903,2025-10-10,34,-7.265,-12.736,-5.471,0.884,0.7204
g0203,2025-10-10,26,-7.671,-14.58,-6.909,0.6771,0.5815
g0704,2025-10-10,78,2.383,-15.137,-17.52,0.0696,0.2964
g0004,2025-10-10,9,-6.386,-14.585,-8.199,0.5259,0.3215
g0904,2025-10-10,17,-8.351,-14.319,-5.968,0.8078,0.5572
g0505,2025-10-10,70,-9.091,-15.131,-6.041,0.797,0.5547
g0809,2025-10-10,43,-9.041,-16.654,-7.614,0.5906,0.1848
g0702,2025-10-10,24,-6.594,-12.417,-5.822,0.8296,0.5627
g0005,2025-10-10,13,-6.636,-16.432,-9.796,0.3795,0.1064
g0309,2025-10-10,39,-7.103,-14.111,-7.007,0.6644,0.6076
g0308,2025-10-10,39,-8.33,-14.184,-5.854,0.8248,0.5874
g0000,2025-10-10,38,-7.635,-12.178,-4.544,1.0398,0.772
g0609,2025-10-10,59,-6.796,-11.986,-5.19,0.9295,0.4207
g0900,2025-10-10,11,-9.803,-14.12,-4.317,1.0804,0.3639
g0404,2025-10-10,57,-7.232,-13.808,-6.576,0.7213,0.2158
g0007,2025-10-10,25,-6.705,-14.626,-7.921,0.5559,0.32
g0703,2025-10-10,28,-9.005,-14.244,-5.239,0.9214,0.7437
g0509,2025-10-10,25,-8.848,-17.025,-8.178,0.5282,0.2701
g0902,2025-10-10,139,-7.407,-15.004,-7.597,0.5926,0.1793
g0700,2025-10-10,20,-9.418,-15.221,-5.802,0.8327,0.7063
g0905,2025-10-10,134,-6.416,-13.774,-7.359,0.6208,0.5695
g0909,2025-10-10,3,-8.911,-17.631,-8.72,0.4736,0.6161
g0507,2025-10-10,28,0.861,-13.942,-14.803,0.1281,0.243
g0306,2025-10-10,118,-6.868,-12.299,-5.431,0.8904,0.8237
g0204,2025-10-10,10,-6.994,-14.724,-7.73,0.5772,0.7219
g0701,2025-10-10,69,-9.685,-15.614,-5.929,0.8136,0.5619
g0003,2025-10-10,8,-6.518,-15.226,-8.708,0.4747,0.6012
g0407,2025-10-10,11,-12.336,-18.96,-6.624,0.7148,0.0682
g0601,2025-10-10,200,-9.121,-16.147,-7.026,0.662,0.3635
g0006,2025-10-10,26,-11.476,-19.133,-7.657,0.5856,0.1152
g0100,2025-10-10,1296,-6.08,-12.861,-6.781,0.6937,0.1289
g0807,2025-10-10,30,-10.388,-17.04,-6.653,0.7109,0.1582
g0400,2025-10-10,22,-7.971,-13.215,-5.243,0.9207,0.4297
g0503,2025-10-10,123,-6.898,-14.345,-7.447,0.6102,0.6539
g0206,2025-10-10,15,-7.352,-19.357,-12.005,0.2371,0.1279
g0208,2025-10-22,24,-8.425,-18.276,-9.851,0.3752,0.16
g0509,2025-10-22,25,-6.98,-16.895,-9.915,0.3702,0.5965
g0406,2025-10-22,8,-9.571,-16.465,-6.893,0.6791,0.29
g0407,2025-10-22,11,-7.254,-16.849,-9.595,0.3957,0.1337
g0707,2025-10-22,70,-4.194,-14.551,-10.357,0.3374,0.4527
g0403,2025-10-22,5,-7.418,-18.195,-10.777,0.3087,0.1682
g0300,2025-10-22,9,-8.675,-13.556,-4.882,0.981,0.5991
g0301,2025-10-22,50,-10.339,-18.607,-8.269,0.5187,0.1333
g0303,2025-10-22,278,-10.721,-16.322,-5.602,0.8635,0.2874
g0902,2025-10-22,139,-11.639,-20.294,-8.655,0.4798,0.1263
g0101,2025-10-22,23,-10.107,-18.348,-8.242,0.5215,0.3607
g0701,2025-10-22,69,-10.755,-19.862,-9.107,0.4376,0.2085
g0409,2025-10-22,41,-6.342,-15.551,-9.208,0.4286,0.4781
g0104,2025-10-22,14,-8.943,-17.416,-8.472,0.4979,0.1521
g0908,2025-10-22,52,-10.845,-16.836,-5.991,0.8044,0.2773
g0404,2025-10-22,57,-8.881,-16.055,-7.174,0.6434,0.2245
g0309,2025-10-22,39,-8.797,-16.864,-8.067,0.54,0.2597
g0809,2025-10-22,43,-10.655,-18.237,-7.582,0.5943,0.1322
g0006,2025-10-22,26,-11.184,-22.538,-11.354,0.2729,0.266
g0505,2025-10-22,70,-11.327,-18.209,-6.882,0.6805,0.1913
g0405,2025-10-22,374,-7.099,-14.183,-7.084,0.6547,0.6525
g0200,2025-10-22,1768,-4.828,-14.673,-9.845,0.3756,0.1194
g0002,2025-10-22,60,-8.202,-14.933,-6.731,0.7004,0.6643
g0800,2025-10-22,69,-10.482,-16.354,-5.872,0.8222,0.301
g0703,2025-10-22,28,-8.04,-15.102,-7.062,0.6574,0.5448
g0805,2025-10-22,77,-5.594,-13.97,-8.376,0.5076,0.659
g0806,2025-10-22,28,-7.523,-14.616,-7.093,0.6536,0.6266
g0502,2025-10-22,39,-8.54,-16.266,-7.726,0.5777,0.2918
g0501,2025-10-22,4,-9.171,-13.377,-4.207,1.1006,0.5677
g0209,2025-10-22,6,-8.401,-17.536,-9.135,0.4351,0.4309
g0308,2025-10-22,39,-8.651,-15.993,-7.342,0.6228,0.2669
g0005,2025-10-22,13,-7.852,-19.562,-11.71,0.2528,0.1376
g0609,2025-10-22,59,-8.722,-14.855,-6.133,0.7836,0.6398
g0107,2025-10-22,13,-7.834,-16.275,-8.441,0.501,0.2122
g0306,2025-10-22,118,-7.043,-13.009,-5.966,0.808,0.6989
g0105,2025-10-22,23,-6.921,-12.417,-5.495,0.8802,0.4252
g0003,2025-10-22,8,-8.029,-15.914,-7.885,0.5598,0.49
g0601,2025-10-22,200,-10.828,-18.189,-7.361,0.6205,0.3106
g0700,2025-10-22,20,-8.48,-15.868,-7.387,0.6173,0.1768
g0604,2025-10-22,217,-4.028,-12.102,-8.074,0.5392,0.6717
g0402,2025-10-22,39,-10.405,-17.747,-7.342,0.6228,0.1737
g0900,2025-10-22,11,-6.848,-17.754,-10.906,0.3003,0.1371
g0109,2025-10-22,21,-9.239,-18.104,-8.864,0.4598,0.3032
g0802,2025-10-22,67,-9.581,-16.684,-7.103,0.6523,0.348
g0706,2025-10-22,77,-8.885,-14.85,-5.965,0.8082,0.5925
g0007,2025-10-22,25,-9.559,-18.303,-8.744,0.4712,0.1769
g0504,2025-10-22,47,-10.808,-18.011,-7.203,0.6398,0.1564
g0508,2025-10-22,17,-8.337,-15.752,-7.415,0.614,0.5667
g0803,2025-10-22,36,-11.515,-18.763,-7.248,0.6343,0.2074
g0503,2025-10-22,123,-9.713,-17.123,-7.41,0.6146,0.2281
g0008,2025-10-22,47,-11.028,-17.107,-6.078,0.7915,0.1717
g0808,2025-10-22,35,-8.103,-14.628,-6.524,0.7283,0.697
g0106,2025-10-22,63,-11.619,-20.217,-8.598,0.4854,0.139
g0004,2025-10-22,9,-5.722,-14.274,-8.552,0.4899,0.5917
g0804,2025-10-22,3,-10.19,-13.568,-3.378,1.2593,0.6633
g0108,2025-10-22,13,-11.009,-21.255,-10.246,0.3453,0.1509
g0605,2025-10-22,69,-7.129,-13.455,-6.326,0.756,0.6995
g0607,2025-10-22,5,-7.766,-14.735,-6.969,0.6694,0.4266
g0305,2025-10-22,60,-10.409,-17.851,-7.442,0.6109,0.1342
g0507,2025-10-22,28,-0.628,-14.32,-13.693,0.1639,0.2148
g0203,2025-10-22,26,-11.236,-19.533,-8.297,0.5158,0.275
g0400,2025-10-22,22,-11.605,-17.744,-6.139,0.7827,0.2004
g0705,2025-10-22,44,-7.66,-13.622,-5.962,0.8086,0.6457
g0904,2025-10-22,17,-9.504,-16.635,-7.131,0.6488,0.2718
g0102,2025-10-22,24,-7.752,-16.271,-8.519,0.4932,0.5461
g0009,2025-10-22,6,-9.026,-18.273,-9.247,0.4251,0.2397
g0907,2025-10-22,15,-6.912,-14.689,-7.777,0.5719,0.772
g0000,2025-10-22,38,-7.609,-12.569,-4.96,0.9677,0.6355
g0602,2025-10-22,35,-9.993,-15.357,-5.364,0.9011,0.3299
g0807,2025-10-22,30,-10.993,-17.084,-6.09,0.7898,0.1351
g0903,2025-10-22,34,-7.719,-15.51,-7.791,0.5704,0.3344
g0001,2025-10-22,12,-5.763,-13.13,-7.367,0.6198,0.5592
g0608,2025-10-22,30,-9.577,-14.677,-5.1,0.9443,0.6185
g0304,2025-10-22,1015,-7.198,-17.709,-10.51,0.3266,0.1263
g0302,2025-10-22,4,-8.575,-16.959,-8.383,0.5069,0.4815
g0909,2025-10-22,3,-6.652,-18.444,-11.792,0.2483,0.5914
g0201,2025-10-22,6,-6.624,-14.161,-7.538,0.5995,0.5896
g0704,2025-10-22,78,-0.823,-14.664,-13.842,0.1586,0.5094
g0206,2025-10-22,15,-7.535,-18.957,-11.422,0.2689,0.1932
g0801,2025-10-22,15,-10.428,-15.478,-5.05,0.9527,0.172
g0906,2025-10-22,13,-6.28,-15.111,-8.83,0.463,0.2075
g0901,2025-10-22,14,-7.25,-16.934,-9.684,0.3884,0.4651
g0709,2025-10-22,15,-7.994,-16.388,-8.394,0.5058,0.6696
g0603,2025-10-22,8,-10.026,-17.692,-7.665,0.5846,0.5558
g0408,2025-10-22,31,-10.072,-15.531,-5.46,0.8859,0.5324
g0204,2025-10-22,10,-7.872,-17.561,-9.689,0.388,0.7178
g0606,2025-10-22,106,-9.526,-19.399,-9.873,0.3734,0.1565
g0500,2025-10-22,50,-11.288,-18.432,-7.144,0.6472,0.1827
g0307,2025-10-22,47,-4.641,-14.417,-9.776,0.3811,0.6804
g0202,2025-10-22,5,-10.567,-14.097,-3.53,1.2291,0.5236
g0100,2025-10-22,1296,-6.698,-13.308,-6.61,0.7166,0.1277
g0600,2025-10-22,143,-8.429,-17.274,-8.844,0.4617,0.1108
g0205,2025-10-22,25,-8.626,-17.734,-9.108,0.4374,0.2006
g0905,2025-10-22,134,-9.043,-14.582,-5.54,0.8732,0.3326
g0702,2025-10-22,24,-7.094,-14.97,-7.876,0.5609,0.648
g0207,2025-10-22,11,-12.546,-18.306,-5.761,0.839,0.1529
g0708,2025-10-22,36,-10.846,-16.063,-5.217,0.925,0.2539
g0103,2025-10-22,14,-7.827,-16.055,-8.228,0.5229,0.2446
g0605,2025-11-03,69,-6.318,-13.13,-6.813,0.6896,0.6868
g0901,2025-11-03,14,-7.37,-15.062,-7.693,0.5815,0.1907
g0800,2025-11-03,69,-9.804,-18.242,-8.438,0.5013,0.3251
g0702,2025-11-03,24,-8.932,-16.434,-7.502,0.6037,0.6237
g0508,2025-11-03,17,-9.501,-14.017,-4.516,1.0447,0.519
g0502,2025-11-03,39,-5.997,-16.016,-10.019,0.3622,0.3
g0806,2025-11-03,28,-8.02,-15.366,-7.346,0.6223,0.772
g0005,2025-11-03,13,-9.19,-21.859,-12.67,0.2052,0.1529
g0003,2025-11-03,8,-9.138,-17.53,-8.392,0.506,0.493
g0701,2025-11-03,69,-9.173,-18.099,-8.926,0.4541,0.2732
g0503,2025-11-03,123,-9.812,-19.251,-9.439,0.4087,0.1291
g0405,2025-11-03,374,-9.837,-18.708,-8.871,0.4592,0.1171
g0400,2025-11-03,22,-10.188,-17.231,-7.043,0.6598,0.2052
g0708,2025-11-03,36,-12.561,-18.762,-6.201,0.7738,0.0954
g0300,2025-11-03,9,-8.083,-17.573,-9.491,0.4043,0.5029
g0507,2025-11-03,28,-1.493,-15.542,-14.049,0.1515,0.2018
g0903,2025-11-03,34,-5.878,-14.982,-9.104,0.4378,0.2856
g0606,2025-11-03,106,-4.584,-15.833,-11.249,0.2791,0.2169
g0108,2025-11-03,13,-6.541,-16.71,-10.17,0.3509,0.2746
g0504,2025-11-03,47,-9.925,-17.545,-7.621,0.5898,0.1569
g0004,2025-11-03,9,-8.531,-13.488,-4.958,0.9682,0.6905
g0905,2025-11-03,134,-6.876,-15.515,-8.64,0.4813,0.1988
g0408,2025-11-03,31,-6.416,-12.591,-6.175,0.7775,0.1659
g0607,2025-11-03,5,-9.19,-15.877,-6.686,0.7064,0.4858
g0909,2025-11-03,3,-11.126,-19.513,-8.387,0.5065,0.3428
g0309,2025-11-03,39,-11.121,-20.095,-8.974,0.4497,0.1255
g0902,2025-11-03,139,-11.072,-19.931,-8.86,0.4603,0.1518
g0301,2025-11-03,50,-10.714,-19.031,-8.317,0.5136,0.1714
g0707,2025-11-03,70,-6.717,-14.337,-7.62,0.5898,0.6703
g0000,2025-11-03,38,-8.375,-12.423,-4.048,1.13,0.6114
g0907,2025-11-03,15,-10.173,-15.695,-5.522,0.876,0.5572
g0107,2025-11-03,13,-6.87,-11.108,-4.238,1.0948,0.4025
g0205,2025-11-03,25,-8.358,-15.824,-7.466,0.6079,0.3707
g0709,2025-11-03,15,-7.925,-16.3,-8.375,0.5077,0.7555
g0900,2025-11-03,11,-7.999,-20.578,-12.579,0.2093,0.1634
g0109,2025-11-03,21,-8.129,-14.372,-6.243,0.7678,0.4752
g0104,2025-11-03,14,-7.189,-17.315,-10.127,0.3541,0.2114
g0809,2025-11-03,43,-5.603,-16.616,-11.013,0.2935,0.2201
g0803,2025-11-03,36,-11.736,-19.401,-7.665,0.5847,0.2307
g0008,2025-11-03,47,-11.084,-17.983,-6.899,0.6783,0.1775
g0201,2025-11-03,6,-3.636,-11.972,-8.336,0.5117,0.602
g0500,2025-11-03,50,-6.362,-16.379,-10.018,0.3623,0.1444
g0305,2025-11-03,60,-3.925,-14.256,-10.331,0.3392,0.1743
g0404,2025-11-03,57,-7.969,-16.136,-8.167,0.5293,0.2623
g0603,2025-11-03,8,-11.611,-16.831,-5.22,0.9245,0.3211
g0206,2025-11-03,15,-12.404,-20.592,-8.188,0.5271,0.26
g0904,2025-11-03,17,-7.367,-18.611,-11.243,0.2794,0.2782
g0307,2025-11-03,47,-6.482,-13.498,-7.016,0.6633,0.7871
g0908,2025-11-03,52,-9.722,-17.193,-7.471,0.6073,0.2502
g0600,2025-11-03,143,-8.165,-18.046,-9.881,0.3728,0.1491
g0103,2025-11-03,14,-8.312,-15.738,-7.426,0.6127,0.35
g0805,2025-11-03,77,-7.038,-13.647,-6.609,0.7168,0.7893
g0808,2025-11-03,35,-8.337,-15.2,-6.862,0.6831,0.6998
g0807,2025-11-03,30,-10.232,-17.059,-6.828,0.6877,0.2125
g0304,2025-11-03,1015,-8.552,-18.089,-9.538,0.4004,0.1233
g0203,2025-11-03,26,-7.726,-17.086,-9.36,0.4154,0.32
g0804,2025-11-03,3,-6.531,-14.85,-8.319,0.5135,0.6124
g0608,2025-11-03,30,-9.027,-13.659,-4.632,1.0243,0.6384
g0704,2025-11-03,78,-5.458,-14.27,-8.812,0.4648,0.7189
g0306,2025-11-03,118,-6.824,-14.289,-7.466,0.608,0.6626
g0407,2025-11-03,11,-11.604,-14.486,-2.882,1.3597,0.1279
g0705,2025-11-03,44,-8.082,-16.027,-7.945,0.5532,0.4721
g0602,2025-11-03,35,-11.626,-19.561,-7.934,0.5544,0.1767
g0208,2025-11-03,24,-6.284,-15.955,-9.671,0.3895,0.2606
g0009,2025-11-03,6,-9.442,-16.411,-6.969,0.6694,0.3327
g0303,2025-11-03,278,-11.882,-20.128,-8.246,0.521,0.1117
g0505,2025-11-03,70,-8.464,-16.8,-8.336,0.5116,0.2492
g0100,2025-11-03,1296,-6.8,-13.07,-6.27,0.7639,0.1224
g0402,2025-11-03,39,-7.77,-16.098,-8.328,0.5126,0.1764
g0106,2025-11-03,63,-11.941,-20.348,-8.407,0.5045,0.1568
g0006,2025-11-03,26,-11.554,-18.576,-7.022,0.6626,0.3769
g0609,2025-11-03,59,-9.119,-13.112,-3.992,1.1404,0.7107
g0601,2025-11-03,200,-6.519,-15.897,-9.378,0.4138,0.3078
g0200,2025-11-03,1768,-4.058,-14.36,-10.302,0.3413,0.1162
g0501,2025-11-03,4,-9.855,-15.096,-5.241,0.9211,0.7147
g0204,2025-11-03,10,-10.888,-15.486,-4.598,1.0302,0.7705
g0801,2025-11-03,15,-8.092,-16.231,-8.139,0.5322,0.2396
g0906,2025-11-03,13,-7.882,-18.903,-11.021,0.293,0.2052
g0101,2025-11-03,23,-6.846,-17.058,-10.211,0.3479,0.5801
g0302,2025-11-03,4,-8.045,-15.46,-7.415,0.614,0.4455
g0403,2025-11-03,5,-9.776,-17.735,-7.959,0.5516,0.1754
g0001,2025-11-03,12,-8.529,-14.726,-6.197,0.7743,0.3679
g0002,2025-11-03,60,-7.598,-15.641,-8.043,0.5426,0.7192
g0207,2025-11-03,11,-10.886,-19.792,-8.906,0.4559,0.1743
g0102,2025-11-03,24,-9.694,-14.39,-4.696,1.013,0.6874
g0700,2025-11-03,20,-5.017,-16.742,-11.725,0.2519,0.1672
g0308,2025-11-03,39,-10.3,-16.653,-6.353,0.7521,0.3244
g0209,2025-11-03,6,-9.513,-17.657,-8.144,0.5318,0.2119
g0604,2025-11-03,217,-5.643,-13.138,-7.494,0.6046,0.8192
g0706,2025-11-03,77,-7.818,-15.59,-7.773,0.5724,0.4453
g0105,2025-11-03,23,-5.963,-13.172,-7.21,0.639,0.3281
g0202,2025-11-03,5,-11.114,-17.186,-6.072,0.7925,0.5113
g0802,2025-11-03,67,-11.485,-18.272,-6.787,0.693,0.3226
g0007,2025-11-03,25,-10.28,-17.558,-7.278,0.6306,0.2026
g0703,2025-11-03,28,-10.477,-17.542,-7.066,0.657,0.1877
g0406,2025-11-03,8,-12.814,-16.353,-3.539,1.2275,0.2882
g0509,2025-11-03,25,-6.056,-15.24,-9.185,0.4306,0.7309
g0409,2025-11-03,41,-8.054,-13.988,-5.934,0.8128,0.739
g0609,2025-11-15,59,-8.297,-15.209,-6.912,0.6767,0.6794
g0202,2025-11-15,5,-10.854,-17.679,-6.825,0.688,0.4274
g0704,2025-11-15,78,-6.969,-15.249,-8.28,0.5175,0.7816
g0206,2025-11-15,15,-9.762,-14.649,-4.887,0.9802,0.5263
g0705,2025-11-15,44,-8.704,-15.562,-6.858,0.6837,0.1559
g0700,2025-11-15,20,-8.545,-15.718,-7.172,0.6436,0.1874
g0204,2025-11-15,10,-7.848,-15.551,-7.703,0.5803,0.3771
g0200,2025-11-15,1768,-3.515,-14.164,-10.649,0.3172,0.1008
g0607,2025-11-15,5,-7.597,-15.277,-7.679,0.5831,0.4124
g0702,2025-11-15,24,-9.184,-14.135,-4.951,0.9693,0.3716
g0502,2025-11-15,39,-10.048,-17.99,-7.942,0.5536,0.1356
g0403,2025-11-15,5,-7.976,-15.842,-7.866,0.562,0.2019
g0209,2025-11-15,6,-9.319,-19.703,-10.384,0.3355,0.1974
g0706,2025-11-15,77,-10.021,-17.756,-7.734,0.5768,0.1339
g0909,2025-11-15,3,-11.479,-20.696,-9.217,0.4278,0.2401
g0703,2025-11-15,28,-10.25,-18.689,-8.439,0.5013,0.179
g0906,2025-11-15,13,-11.472,-20.167,-8.695,0.4759,0.1483
g0707,2025-11-15,70,-5.838,-14.387,-8.549,0.4902,0.6769
g0201,2025-11-15,6,-5.008,-12.845,-7.837,0.5652,0.516
g0002,2025-11-15,60,-8.413,-15.088,-6.675,0.7079,0.7767
g0203,2025-11-15,26,-11.291,-21.025,-9.734,0.3844,0.141
g0503,2025-11-15,123,-9.105,-18.585,-9.48,0.4052,0.1563
g0608,2025-11-15,30,-10.473,-18.233,-7.759,0.5739,0.1509
g0208,2025-11-15,24,-10.499,-19.524,-9.025,0.445,0.1521
g0207,2025-11-15,11,-7.105,-16.459,-9.354,0.4159,0.2429
g0404,2025-11-15,57,-8.96,-17.73,-8.769,0.4688,0.148
g0205,2025-11-15,25,-9.163,-16.267,-7.104,0.6522,0.5505
g0303,2025-11-15,278,-6.444,-20.675,-14.231,0.1455,0.107
g0908,2025-11-15,52,-10.325,-17.241,-6.916,0.6761,0.2026
g0007,2025-11-15,25,-9.457,-18.401,-8.944,0.4524,0.2111
g0804,2025-11-15,3,-9.435,-11.891,-2.456,1.4491,0.6172
g0304,2025-11-15,1015,-8.838,-18.459,-9.621,0.3935,0.1057
g0103,2025-11-15,14,-7.383,-13.049,-5.666,0.8536,0.5467
g0603,2025-11-15,8,-8.287,-14.272,-5.985,0.8053,0.2491
g0900,2025-11-15,11,-11.345,-20.803,-9.458,0.407,0.1241
g0308,2025-11-15,39,-9.226,-18.517,-9.29,0.4214,0.1506
g0509,2025-11-15,25,-8.576,-16.19,-7.613,0.5907,0.6848
g0803,2025-11-15,36,-8.558,-17.752,-9.194,0.4298,0.1603
g0807,2025-11-15,30,-10.63,-17.013,-6.383,0.748,0.4729
g0104,2025-11-15,14,-5.961,-16.868,-10.907,0.3002,0.2362
g0701,2025-11-15,69,-10.798,-19.934,-9.136,0.435,0.1209
g0406,2025-11-15,8,-11.417,-14.963,-3.546,1.226,0.2384
g0802,2025-11-15,67,-11.143,-18.325,-7.182,0.6424,0.282
g0105,2025-11-15,23,-6.698,-14.415,-7.717,0.5787,0.2148
g0006,2025-11-15,26,-9.845,-17.924,-8.079,0.5387,0.614
g0604,2025-11-15,217,-7.381,-14.315,-6.934,0.6739,0.7921
g0409,2025-11-15,41,-7.708,-14.3,-6.592,0.7191,0.7166
g0907,2025-11-15,15,-10.104,-18.15,-8.046,0.5423,0.1539
g0505,2025-11-15,70,-10.566,-20.048,-9.482,0.405,0.1414
g0008,2025-11-15,47,-11.255,-19.35,-8.094,0.537,0.1637
g0100,2025-11-15,1296,-5.262,-13.074,-7.812,0.568,0.106
g0407,2025-11-15,11,-12.455,-18.677,-6.222,0.7707,0.028
g0601,2025-11-15,200,-12.763,-21.377,-8.614,0.4838,0.1139
g0009,2025-11-15,6,-9.393,-17.222,-7.829,0.5661,0.449
g0109,2025-11-15,21,-7.539,-15.984,-8.446,0.5005,0.7584
g0806,2025-11-15,28,-9.407,-18.23,-8.823,0.4637,0.2027
g0904,2025-11-15,17,-6.354,-17.346,-10.992,0.2948,0.1226
g0101,2025-11-15,23,-9.133,-16.171,-7.038,0.6605,0.7901
g0809,2025-11-15,43,-11.888,-21.719,-9.831,0.3767,0.143
g0600,2025-11-15,143,-8.932,-19.462,-10.53,0.3252,0.4642
g0808,2025-11-15,35,-8.777,-15.798,-7.02,0.6628,0.6342
g0500,2025-11-15,50,-10.396,-19.14,-8.743,0.4713,0.1203
g0305,2025-11-15,60,-10.962,-18.797,-7.836,0.5654,0.1139
g0001,2025-11-15,12,-8.66,-16.545,-7.886,0.5598,0.1554
g0805,2025-11-15,77,-8.818,-15.004,-6.186,0.776,0.7694
g0307,2025-11-15,47,-6.635,-12.873,-6.238,0.7685,0.7653
g0102,2025-11-15,24,-9.886,-16.265,-6.379,0.7485,0.2063
g0602,2025-11-15,35,-13.257,-23.101,-9.844,0.3757,0.1712
g0402,2025-11-15,39,-8.537,-15.982,-7.445,0.6105,0.1684
g0000,2025-11-15,38,-8.001,-13.563,-5.561,0.8699,0.5162
g0306,2025-11-15,118,-9.92,-16.215,-6.295,0.7604,0.2814
g0106,2025-11-15,63,-13.174,-20.981,-7.807,0.5686,0.2347
g0605,2025-11-15,69,-7.493,-14.607,-7.114,0.6509,0.6145
g0903,2025-11-15,34,-11.135,-20.244,-9.109,0.4374,0.1239
g0606,2025-11-15,106,-10.735,-20.756,-10.022,0.362,0.14
g0905,2025-11-15,134,-9.524,-18.058,-8.534,0.4917,0.1572
g0108,2025-11-15,13,-7.742,-14.796,-7.054,0.6584,0.399
g0400,2025-11-15,22,-10.867,-19.464,-8.597,0.4855,0.129
g0501,2025-11-15,4,-11.262,-15.393,-4.131,1.1146,0.5092
g0405,2025-11-15,374,-9.875,-18.469,-8.594,0.4857,0.1279
g0709,2025-11-15,15,-8.885,-20.119,-11.234,0.28,0.6572
g0801,2025-11-15,15,-12.211,-20.195,-7.984,0.549,0.2505
g0309,2025-11-15,39,-8.253,-19.071,-10.817,0.306,0.2443
g0408,2025-11-15,31,-7.67,-15.829,-8.159,0.5301,0.1633
g0004,2025-11-15,9,-6.339,-14.036,-7.697,0.581,0.7095
g0902,2025-11-15,139,-8.524,-17.887,-9.363,0.4152,0.2563
g0300,2025-11-15,9,-6.292,-17.039,-10.747,0.3106,0.1931
g0005,2025-11-15,13,-10.424,-20.166,-9.742,0.3837,0.1543
g0504,2025-11-15,47,-10.435,-17.12,-6.686,0.7065,0.1415
g0302,2025-11-15,4,-9.54,-17.837,-8.297,0.5157,0.4299
g0107,2025-11-15,13,-8.893,-17.3,-8.407,0.5044,0.178
g0507,2025-11-15,28,0.198,-15.982,-16.181,0.0941,0.1886
g0003,2025-11-15,8,-7.992,-15.356,-7.364,0.6202,0.437
g0301,2025-11-15,50,-7.602,-14.879,-7.277,0.6307,0.2743
g0508,2025-11-15,17,-8.356,-14.395,-6.039,0.7972,0.312
g0708,2025-11-15,36,-11.509,-18.856,-7.347,0.6222,0.1441
g0901,2025-11-15,14,-9.325,-14.689,-5.365,0.9011,0.1434
g0800,2025-11-15,69,-9.325,-18.4,-9.075,0.4404,0.1306
g0906,2025-11-27,13,-10.28,-18.888,-8.608,0.4844,0.2652
g0808,2025-11-27,35,-9.473,-15.272,-5.799,0.8331,0.6892
g0901,2025-11-27,14,-10.754,-21.942,-11.188,0.2828,0.1663
g0903,2025-11-27,34,-10.394,-20.176,-9.781,0.3806,0.2105
g0408,2025-11-27,31,-9.435,-17.07,-7.635,0.5882,0.2157
g0205,2025-11-27,25,-9.121,-14.777,-5.656,0.8551,0.7649
g0400,2025-11-27,22,-11.64,-19.825,-8.185,0.5275,0.1955
g0600,2025-11-27,143,-5.939,-13.277,-7.338,0.6233,0.8136
g0003,2025-11-27,8,-9.203,-15.677,-6.474,0.7352,0.5377
g0009,2025-11-27,6,-7.658,-15.522,-7.864,0.5622,0.6269
g0909,2025-11-27,3,-9.228,-14.088,-4.86,0.9848,0.4021
g0407,2025-11-27,11,-9.131,-16.493,-7.362,0.6204,0.2584
g0207,2025-11-27,11,-8.695,-15.648,-6.953,0.6713,0.3959
g0306,2025-11-27,118,-9.15,-17.577,-8.427,0.5024,0.1489
g0203,2025-11-27,26,-12.044,-20.072,-8.028,0.5442,0.2034
g0307,2025-11-27,47,-6.899,-16.021,-9.122,0.4362,0.9189
g0505,2025-11-27,70,-9.584,-19.311,-9.728,0.3849,0.2298
g0004,2025-11-27,9,-5.656,-12.989,-7.332,0.624,0.8209
g0206,2025-11-27,15,-7.207,-15.563,-8.356,0.5097,0.8463
g0702,2025-11-27,24,-6.432,-20.76,-14.328,0.1424,0.1736
g0006,2025-11-27,26,-8.895,-15.194,-6.299,0.7598,0.7836
g0908,2025-11-27,52,-10.977,-16.888,-5.911,0.8163,0.2085
g0005,2025-11-27,13,-7.816,-17.089,-9.273,0.4229,0.2155
g0503,2025-11-27,123,-11.762,-19.821,-8.06,0.5408,0.1385
g0700,2025-11-27,20,-9.0,-17.137,-8.137,0.5325,0.3735
g0508,2025-11-27,17,-7.782,-16.522,-8.74,0.4716,0.2586
g0902,2025-11-27,139,-9.594,-18.404,-8.81,0.4649,0.3661
g0204,2025-11-27,10,-8.815,-18.923,-10.108,0.3555,0.2574
g0409,2025-11-27,41,-9.911,-18.727,-8.816,0.4644,0.2329
g0404,2025-11-27,57,-9.179,-19.621,-10.441,0.3314,0.1483
g0308,2025-11-27,39,-8.705,-18.097,-9.392,0.4126,0.2006
g0000,2025-11-27,38,-6.973,-13.488,-6.516,0.7295,0.7289
g0309,2025-11-27,39,-9.636,-20.161,-10.525,0.3256,0.3843
g0907,2025-11-27,15,-11.823,-23.402,-11.58,0.2599,0.1818
g0002,2025-11-27,60,-9.232,-15.663,-6.431,0.7413,0.8311
g0007,2025-11-27,25,-10.385,-16.953,-6.567,0.7224,0.2519
g0001,2025-11-27,12,-6.903,-16.174,-9.271,0.4231,0.1837
g0507,2025-11-27,28,-0.106,-14.474,-14.368,0.1411,0.1877
g0703,2025-11-27,28,-8.89,-17.556,-8.665,0.4788,0.2137
g0509,2025-11-27,25,-8.496,-15.019,-6.524,0.7284,0.7902
g0809,2025-11-27,43,-11.386,-20.997,-9.611,0.3944,0.212
g0008,2025-11-27,47,-11.669,-18.554,-6.885,0.6802,0.1672
g0900,2025-11-27,11,-7.105,-16.634,-9.529,0.4011,0.3624
g0109,2025-11-27,21,-7.537,-12.776,-5.239,0.9213,0.8176
g0806,2025-11-27,28,-12.371,-18.745,-6.374,0.7491,0.2353
g0704,2025-11-27,78,-8.401,-15.631,-7.23,0.6364,0.8293
g0201,2025-11-27,6,-4.958,-13.71,-8.752,0.4704,0.6453
g0905,2025-11-27,134,-9.752,-19.164,-9.412,0.4109,0.214
g0803,2025-11-27,36,-9.727,-20.66,-10.933,0.2986,0.1874
g0807,2025-11-27,30,-7.538,-15.127,-7.589,0.5934,0.7123
g0104,2025-11-27,14,-9.139,-17.549,-8.41,0.5041,0.4052
g0406,2025-11-27,8,-12.165,-17.214,-5.049,0.9528,0.2708
g0802,2025-11-27,67,-12.33,-20.345,-8.014,0.5457,0.2758
g0105,2025-11-27,23,-6.693,-15.109,-8.417,0.5035,0.2355
g0706,2025-11-27,77,-10.538,-21.487,-10.948,0.2976,0.1496
g0604,2025-11-27,217,-7.785,-14.868,-7.083,0.6548,0.8856
g0209,2025-11-27,6,-7.741,-18.541,-10.8,0.3071,0.2739
g0504,2025-11-27,47,-7.68,-17.682,-10.002,0.3635,0.1463
g0502,2025-11-27,39,-10.821,-17.32,-6.499,0.7319,0.2028
g0302,2025-11-27,4,-8.781,-18.221,-9.44,0.4086,0.501
g0603,2025-11-27,8,-8.346,-15.969,-7.623,0.5896,0.2481
g0801,2025-11-27,15,-6.832,-15.425,-8.594,0.4858,0.4118
g0200,2025-11-27,1768,-3.955,-14.338,-10.383,0.3355,0.1062
g0106,2025-11-27,63,-12.525,-19.718,-7.193,0.6411,0.3667
g0501,2025-11-27,4,-7.223,-16.394,-9.17,0.4319,0.3706
g0800,2025-11-27,69,-10.586,-18.725,-8.139,0.5323,0.181
g0605,2025-11-27,69,-7.321,-14.275,-6.954,0.6713,0.6572
g0107,2025-11-27,13,-9.836,-19.869,-10.032,0.3612,0.2237
g0301,2025-11-27,50,-9.218,-15.93,-6.711,0.703,0.4138
g0709,2025-11-27,15,-8.658,-15.591,-6.932,0.674,0.2958
g0707,2025-11-27,70,-8.509,-16.293,-7.784,0.5712,0.2265
g0108,2025-11-27,13,-9.69,-16.826,-7.136,0.6482,0.7828
g0606,2025-11-27,106,-10.836,-21.42,-10.584,0.3215,0.1701
g0405,2025-11-27,374,-12.849,-21.429,-8.58,0.4872,0.1487
g0300,2025-11-27,9,-9.383,-16.79,-7.407,0.615,0.1827
g0708,2025-11-27,36,-8.872,-16.957,-8.086,0.538,0.3502
g0607,2025-11-27,5,-7.771,-17.179,-9.408,0.4113,0.5543
g0403,2025-11-27,5,-11.203,-14.557,-3.354,1.264,0.3718
g0303,2025-11-27,278,-8.459,-21.056,-12.597,0.2085,0.1574
g0804,2025-11-27,3,-9.192,-13.483,-4.291,1.0852,0.6373
g0609,2025-11-27,59,-9.654,-16.441,-6.787,0.693,0.7502
g0100,2025-11-27,1296,-6.325,-13.026,-6.702,0.7043,0.1164
g0601,2025-11-27,200,-13.045,-22.146,-9.101,0.4381,0.148
g0101,2025-11-27,23,-9.234,-16.622,-7.389,0.6172,0.8449
g0202,2025-11-27,5,-10.38,-15.262,-4.883,0.9809,0.4876
g0305,2025-11-27,60,-10.807,-20.056,-9.249,0.425,0.1857
g0805,2025-11-27,77,-13.134,-22.192,-9.058,0.442,0.1382
g0904,2025-11-27,17,-9.177,-16.461,-7.284,0.6299,0.1911
g0102,2025-11-27,24,-10.956,-19.408,-8.452,0.4999,0.1866
g0103,2025-11-27,14,-7.54,-11.581,-4.041,1.1313,0.7882
g0500,2025-11-27,50,-5.764,-20.435,-14.671,0.132,0.1143
g0602,2025-11-27,35,-12.968,-21.306,-8.338,0.5115,0.2775
g0402,2025-11-27,39,-9.598,-18.236,-8.638,0.4814,0.2701
g0705,2025-11-27,44,-9.782,-18.35,-8.568,0.4883,0.1608
g0701,2025-11-27,69,-11.113,-20.957,-9.845,0.3756,0.1834
g0304,2025-11-27,1015,-7.36,-18.604,-11.244,0.2794,0.1213
g0208,2025-11-27,24,-10.714,-20.302,-9.588,0.3962,0.2131
g0608,2025-11-27,30,-7.678,-17.673,-9.995,0.364,0.1899
g0605,2025-12-09,69,-8.532,-15.597,-7.064,0.6572,0.6216
g0601,2025-12-09,200,-13.27,-22.603,-9.334,0.4176,0.1733
g0301,2025-12-09,50,-11.051,-16.156,-5.105,0.9435,0.4836
g0603,2025-12-09,8,-7.942,-15.146,-7.204,0.6397,0.2915
g0608,2025-12-09,30,-9.8,-18.166,-8.366,0.5086,0.2608
g0600,2025-12-09,143,-6.283,-14.384,-8.102,0.5363,0.8895
g0306,2025-12-09,118,-11.119,-19.612,-8.493,0.4958,0.1172
g0304,2025-12-09,1015,-8.391,-18.507,-10.116,0.3549,0.1
g0606,2025-12-09,106,-9.86,-20.559,-10.7,0.3138,0.1861
g0908,2025-12-09,52,-11.891,-17.97,-6.079,0.7915,0.1726
g0609,2025-12-09,59,-12.364,-20.77,-8.406,0.5046,0.3138
g0300,2025-12-09,9,-11.098,-19.22,-8.122,0.5341,0.1916
g0400,2025-12-09,22,-7.408,-17.561,-10.153,0.3522,0.2929
g0905,2025-12-09,134,-8.231,-18.13,-9.899,0.3714,0.3136
g0207,2025-12-09,11,-9.27,-18.097,-8.826,0.4634,0.4359
g0507,2025-12-09,28,0.159,-15.416,-15.574,0.1078,0.1447
g0403,2025-12-09,5,-7.59,-17.001,-9.411,0.411,0.4049
g0305,2025-12-09,60,-7.407,-14.929,-7.523,0.6013,0.3374
g0503,2025-12-09,123,-10.349,-20.003,-9.654,0.3908,0.1678
g0402,2025-12-09,39,-9.892,-18.337,-8.445,0.5006,0.3002
g0206,2025-12-09,15,-10.655,-16.815,-6.16,0.7797,0.8744
g0700,2025-12-09,20,-6.963,-16.686,-9.723,0.3852,0.5122
g0604,2025-12-09,217,-7.205,-14.234,-7.029,0.6617,0.8522
g0504,2025-12-09,47,-8.191,-18.209,-10.018,0.3623,0.1777
g0602,2025-12-09,35,-10.42,-17.761,-7.341,0.6229,0.4951
g0209,2025-12-09,6,-10.105,-15.677,-5.573,0.868,0.3643
g0208,2025-12-09,24,-9.429,-14.576,-5.147,0.9365,0.2857
g0509,2025-12-09,25,-9.407,-18.51,-9.103,0.4379,0.1518
g0307,2025-12-09,47,-8.071,-14.363,-6.292,0.7607,0.8439
g0508,2025-12-09,17,-9.188,-16.786,-7.598,0.5924,0.1467
g0607,2025-12-09,5,-5.863,-15.044,-9.182,0.4309,0.5362
g0505,2025-12-09,70,-6.54,-14.813,-8.272,0.5183,0.4356
g0308,2025-12-09,39,-6.921,-15.136,-8.215,0.5243,0.2992
g0303,2025-12-09,278,-7.541,-20.147,-12.607,0.2081,0.192
g0309,2025-12-09,39,-7.41,-17.441,-10.031,0.3613,0.5888
g0001,2025-12-09,12,-9.911,-18.38,-8.469,0.4982,0.1682
g0302,2025-12-09,4,-9.951,-18.904,-8.952,0.4516,0.437
g0705,2025-12-09,44,-8.828,-16.171,-7.344,0.6226,0.1716
g0405,2025-12-09,374,-11.538,-20.838,-9.301,0.4205,0.1045
g0809,2025-12-09,43,-9.008,-18.14,-9.133,0.4353,0.3371
g0803,2025-12-09,36,-5.511,-17.384,-11.873,0.244,0.2511
g0200,2025-12-09,1768,-3.692,-14.235,-10.543,0.3243,0.0956
g0901,2025-12-09,14,-10.954,-19.574,-8.62,0.4832,0.1885
g0006,2025-12-09,26,-12.941,-15.556,-2.616,1.4153,0.825
g0806,2025-12-09,28,-8.218,-17.859,-9.641,0.3919,0.2614
g0709,2025-12-09,15,-11.49,-19.398,-7.908,0.5573,0.1872
g0707,2025-12-09,70,-11.683,-20.479,-8.796,0.4663,0.1448
g0203,2025-12-09,26,-12.778,-19.84,-7.062,0.6575,0.2377
g0103,2025-12-09,14,-7.387,-14.828,-7.441,0.6109,0.7742
g0404,2025-12-09,57,-8.69,-19.833,-11.142,0.2855,0.1576
g0704,2025-12-09,78,-0.866,-15.763,-14.897,0.1255,0.7793
g0904,2025-12-09,17,-8.853,-16.038,-7.185,0.642,0.2602
g0201,2025-12-09,6,-5.849,-15.199,-9.35,0.4162,0.5713
g0108,2025-12-09,13,-8.546,-16.334,-7.788,0.5707,0.8852
g0101,2025-12-09,23,-8.899,-16.151,-7.252,0.6338,0.7745
g0804,2025-12-09,3,-6.487,-16.38,-9.892,0.3719,0.6842
g0409,2025-12-09,41,-11.193,-18.927,-7.733,0.5769,0.1538
g0008,2025-12-09,47,-10.886,-17.61,-6.725,0.7013,0.1491
g0900,2025-12-09,11,-8.686,-15.178,-6.491,0.7329,0.689
g0007,2025-12-09,25,-10.021,-17.351,-7.329,0.6243,0.2106
g0805,2025-12-09,77,-12.633,-22.327,-9.694,0.3876,0.1112
g0909,2025-12-09,3,-6.336,-16.547,-10.212,0.3478,0.5243
g0500,2025-12-09,50,-6.825,-21.968,-15.143,0.1188,0.1022
g0907,2025-12-09,15,-12.404,-23.581,-11.177,0.2834,0.2151
g0202,2025-12-09,5,-10.375,-17.398,-7.023,0.6624,0.466
g0708,2025-12-09,36,-11.771,-16.753,-4.981,0.9642,0.5393
g0102,2025-12-09,24,-11.893,-19.491,-7.598,0.5925,0.1901
g0109,2025-12-09,21,-10.591,-15.236,-4.645,1.022,0.8319
g0808,2025-12-09,35,-8.598,-17.351,-8.753,0.4704,0.6745
g0204,2025-12-09,10,-11.521,-19.29,-7.77,0.5728,0.1893
g0703,2025-12-09,28,-9.04,-19.7,-10.66,0.3164,0.2429
g0000,2025-12-09,38,-8.834,-14.75,-5.916,0.8155,0.65
g0408,2025-12-09,31,-6.569,-13.548,-6.979,0.6681,0.2999
g0906,2025-12-09,13,-9.13,-16.993,-7.863,0.5624,0.4911
g0702,2025-12-09,24,-5.138,-20.514,-15.375,0.1127,0.1579
g0501,2025-12-09,4,-9.394,-18.865,-9.47,0.406,0.1843
g0807,2025-12-09,30,-6.19,-15.028,-8.838,0.4623,0.7839
g0406,2025-12-09,8,-8.582,-18.682,-10.1,0.3561,0.2405
g0903,2025-12-09,34,-7.989,-17.19,-9.201,0.4292,0.4334
g0004,2025-12-09,9,-6.22,-14.755,-8.536,0.4915,0.7113
g0105,2025-12-09,23,-9.056,-14.503,-5.448,0.8878,0.157
g0106,2025-12-09,63,-8.152,-14.843,-6.691,0.7058,0.4523
g0706,2025-12-09,77,-11.329,-21.166,-9.837,0.3762,0.1891
g0002,2025-12-09,60,-8.943,-15.592,-6.649,0.7115,0.7537
g0800,2025-12-09,69,-7.157,-15.915,-8.758,0.4699,0.2385
g0100,2025-12-09,1296,-6.805,-13.197,-6.392,0.7467,0.0995
g0009,2025-12-09,6,-8.589,-18.301,-9.712,0.3862,0.7112
g0701,2025-12-09,69,-10.66,-19.189,-8.528,0.4923,0.2316
g0502,2025-12-09,39,-9.902,-18.528,-8.626,0.4826,0.2645
g0104,2025-12-09,14,-10.098,-15.882,-5.784,0.8354,0.4904
g0107,2025-12-09,13,-11.204,-19.188,-7.984,0.549,0.2669
g0902,2025-12-09,139,-7.809,-15.688,-7.879,0.5605,0.5677
g0801,2025-12-09,15,-8.502,-16.577,-8.075,0.5392,0.5496
g0005,2025-12-09,13,-10.827,-19.434,-8.607,0.4845,0.1794
g0407,2025-12-09,11,-9.401,-18.339,-8.937,0.453,0.2784
g0003,2025-12-09,8,-9.112,-13.88,-4.768,1.0006,0.5039
g0802,2025-12-09,67,-11.404,-19.981,-8.577,0.4874,0.2463
g0205,2025-12-09,25,-10.626,-15.839,-5.213,0.9257,0.8325
g0405,2026-03-03,374,-10.543,-19.054,-8.511,0.494,0.2469
g0501,2026-03-03,4,-9.898,-16.316,-6.417,0.7431,0.8154
g0708,2026-03-03,36,-12.536,-17.442,-4.906,0.9768,0.7503
g0709,2026-03-03,15,-0.598,-18.66,-18.063,0.0615,0.8545
g0001,2026-03-03,12,-10.582,-12.316,-1.734,1.606,0.8179
g0105,2026-03-03,23,-12.632,-16.415,-3.782,1.1803,0.794
g0107,2026-03-03,13,-6.661,-15.631,-8.97,0.4501,0.7885
g0800,2026-03-03,69,-11.271,-15.125,-3.853,1.1667,0.7705
g0801,2026-03-03,15,-9.832,-15.88,-6.049,0.7959,0.8549
g0106,2026-03-03,63,-12.161,-18.078,-5.917,0.8153,0.7963
g0909,2026-03-03,3,-9.832,-15.63,-5.798,0.8334,0.5325
g0507,2026-03-03,28,-0.226,-15.176,-14.95,0.124,0.0992
g0104,2026-03-03,14,-12.801,-17.121,-4.32,1.0799,0.45
g0003,2026-03-03,8,-8.789,-18.425,-9.635,0.3924,0.2793
g0903,2026-03-03,34,-11.939,-16.003,-4.064,1.127,0.86
g0004,2026-03-03,9,-8.985,-15.733,-6.748,0.6981,0.1358
g0902,2026-03-03,139,-7.854,-11.815,-3.961,1.1463,0.7488
g0905,2026-03-03,134,-11.8,-17.958,-6.158,0.7799,0.8518
g0005,2026-03-03,13,-11.713,-14.503,-2.789,1.3789,0.341
g0908,2026-03-03,52,-11.845,-18.825,-6.981,0.6678,0.2771
g0901,2026-03-03,14,-11.83,-17.479,-5.649,0.8561,0.8064
g0006,2026-03-03,26,-13.222,-18.702,-5.48,0.8827,0.6295
g0900,2026-03-03,11,-8.95,-11.55,-2.6,1.4185,0.6883
g0007,2026-03-03,25,-12.236,-16.659,-4.423,1.0612,0.8694
g0809,2026-03-03,43,-10.466,-17.523,-7.057,0.6581,0.8583
g0409,2026-03-03,41,-8.61,-16.351,-7.741,0.576,0.8728
g0407,2026-03-03,11,-12.564,-14.497,-1.933,1.5621,0.7207
g0008,2026-03-03,47,-10.979,-17.16,-6.181,0.7766,0.1422
g0808,2026-03-03,35,-11.042,-17.783,-6.741,0.6991,0.3751
g0009,2026-03-03,6,-9.063,-15.128,-6.064,0.7936,0.6566
g0807,2026-03-03,30,-9.207,-17.187,-7.98,0.5494,0.2413
g0100,2026-03-03,1296,-6.687,-13.015,-6.328,0.7557,0.0749
g0806,2026-03-03,28,-8.555,-16.93,-8.375,0.5077,0.8775
g0101,2026-03-03,23,-10.547,-16.408,-5.861,0.8238,0.8481
g0102,2026-03-03,24,-10.825,-15.275,-4.45,1.0566,0.8276
g0804,2026-03-03,3,-8.053,-15.404,-7.351,0.6217,0.6996
g0500,2026-03-03,50,-10.109,-19.41,-9.302,0.4204,0.1374
g0406,2026-03-03,8,-11.605,-18.303,-6.698,0.7048,0.249
g0103,2026-03-03,14,-12.35,-15.378,-3.028,1.3297,0.7817
g0803,2026-03-03,36,-11.267,-15.906,-4.639,1.023,0.747
g0000,2026-03-03,38,-8.985,-14.208,-5.224,0.9239,0.6421
g0907,2026-03-03,15,-12.705,-17.345,-4.64,1.0228,0.8873
g0802,2026-03-03,67,-11.63,-19.406,-7.775,0.5722,0.2208
g0805,2026-03-03,77,-12.313,-17.621,-5.308,0.9102,0.8622
g0408,2026-03-03,31,-10.887,-16.911,-6.024,0.7994,0.8496
g0904,2026-03-03,17,-7.445,-18.345,-10.9,0.3007,0.7914
g0504,2026-03-03,47,-10.189,-16.413,-6.224,0.7704,0.7656
g0701,2026-03-03,69,-11.266,-15.692,-4.426,1.0608,0.8653
g0306,2026-03-03,118,-10.277,-15.989,-5.712,0.8465,0.2728
g0601,2026-03-03,200,-12.065,-16.023,-3.959,1.1468,0.8176
g0206,2026-03-03,15,-11.412,-14.502,-3.089,1.3172,0.8384
g0700,2026-03-03,20,-8.556,-18.661,-10.104,0.3558,0.7857
g0207,2026-03-03,11,-8.382,-15.421,-7.04,0.6603,0.7021
g0503,2026-03-03,123,-10.694,-17.058,-6.364,0.7506,0.8018
g0305,2026-03-03,60,-12.589,-17.083,-4.494,1.0486,0.7496
g0609,2026-03-03,59,-10.779,-16.473,-5.695,0.8491,0.8829
g0602,2026-03-03,35,-14.575,-17.405,-2.83,1.3705,0.8177
g0403,2026-03-03,5,-12.073,-15.869,-3.795,1.1778,0.7996
g0702,2026-03-03,24,-8.799,-15.221,-6.421,0.7426,0.7858
g0208,2026-03-03,24,-11.948,-17.437,-5.49,0.8811,0.7619
g0108,2026-03-03,13,-9.189,-16.715,-7.526,0.6009,0.7236
g0304,2026-03-03,1015,-9.22,-17.815,-8.595,0.4856,0.1003
g0209,2026-03-03,6,-10.489,-16.301,-5.812,0.8312,0.7389
g0607,2026-03-03,5,-11.713,-16.218,-4.505,1.0466,0.8527
g0603,2026-03-03,8,-11.955,-15.788,-3.833,1.1705,0.7938
g0402,2026-03-03,39,-11.338,-16.976,-5.638,0.8579,0.8023
g0300,2026-03-03,9,-10.595,-15.388,-4.793,0.9963,0.7581
g0606,2026-03-03,106,-13.434,-16.582,-3.147,1.3055,0.8507
g0301,2026-03-03,50,-11.688,-18.824,-7.136,0.6482,0.6778
g0605,2026-03-03,69,-8.697,-14.794,-6.097,0.7888,0.2605
g0302,2026-03-03,4,-10.777,-15.244,-4.467,1.0534,0.304
g0604,2026-03-03,217,-5.012,-20.238,-15.226,0.1166,0.2232
g0608,2026-03-03,30,-11.69,-17.387,-5.696,0.8489,0.278
g0204,2026-03-03,10,-9.584,-16.363,-6.779,0.6941,0.8155
g0205,2026-03-03,25,-8.382,-14.732,-6.35,0.7525,0.8444
g0600,2026-03-03,143,-6.431,-11.099,-4.668,1.0179,0.7203
g0400,2026-03-03,22,-12.203,-15.088,-2.886,1.359,0.8025
g0707,2026-03-03,70,-10.342,-16.899,-6.558,0.7238,0.8649
g0906,2026-03-03,13,-8.983,-16.111,-7.127,0.6492,0.8523
g0002,2026-03-03,60,-10.718,-15.695,-4.978,0.9648,0.8629
g0109,2026-03-03,21,-8.094,-15.204,-7.11,0.6514,0.8397
g0309,2026-03-03,39,-9.531,-14.301,-4.771,1.0001,0.7938
g0200,2026-03-03,1768,-4.279,-14.083,-9.804,0.3788,0.0591
g0706,2026-03-03,77,-10.906,-16.462,-5.555,0.8708,0.834
g0505,2026-03-03,70,-12.71,-17.094,-4.384,1.0684,0.8412
g0201,2026-03-03,6,-7.488,-14.968,-7.48,0.6063,0.5251
g0502,2026-03-03,39,-12.91,-16.549,-3.639,1.2079,0.8392
g0508,2026-03-03,17,-8.643,-16.957,-8.314,0.5139,0.2352
g0705,2026-03-03,44,-11.837,-15.869,-4.032,1.1329,0.8823
g0509,2026-03-03,25,-11.475,-18.588,-7.113,0.651,0.8892
g0703,2026-03-03,28,-11.684,-16.888,-5.204,0.9271,0.8591
g0203,2026-03-03,26,-9.796,-14.845,-5.049,0.9528,0.8305
g0307,2026-03-03,47,-3.847,-18.899,-15.053,0.1212,0.1608
g0404,2026-03-03,57,-12.383,-17.579,-5.196,0.9284,0.7723
g0704,2026-03-03,78,-9.922,-17.091,-7.169,0.6441,0.8559
g0202,2026-03-03,5,-13.187,-17.862,-4.676,1.0166,0.5571
g0303,2026-03-03,278,-10.983,-17.224,-6.241,0.768,0.8429
g0308,2026-03-03,39,-10.835,-16.961,-6.125,0.7847,0.7556
g0400,2026-03-27,22,-8.222,-11.8,-3.579,1.2196,0.4106
g0708,2026-03-27,36,-8.992,-15.164,-6.172,0.7779,0.3472
g0807,2026-03-27,30,-8.728,-16.929,-8.201,0.5257,0.0896
g0502,2026-03-27,39,-10.087,-13.642,-3.554,1.2244,0.5728
g0404,2026-03-27,57,-10.398,-15.121,-4.722,1.0085,0.6236
g0505,2026-03-27,70,-9.877,-13.474,-3.597,1.2161,0.4895
g0106,2026-03-27,63,-10.095,-14.153,-4.058,1.1282,0.4974
g0304,2026-03-27,1015,-8.278,-17.504,-9.226,0.427,0.0672
g0602,2026-03-27,35,-9.138,-13.603,-4.465,1.0537,0.3651
g0009,2026-03-27,6,-8.585,-16.248,-7.663,0.5849,0.7507
g0900,2026-03-27,11,-8.093,-16.019,-7.925,0.5554,0.056
g0709,2026-03-27,15,-2.456,-16.051,-13.595,0.1675,0.7788
g0906,2026-03-27,13,-6.182,-11.491,-5.308,0.9101,0.4957
g0800,2026-03-27,69,-8.516,-14.048,-5.532,0.8744,0.4899
g0806,2026-03-27,28,-6.252,-14.927,-8.675,0.4779,0.7398
g0603,2026-03-27,8,-11.475,-16.114,-4.639,1.023,0.6002
g0303,2026-03-27,278,-6.902,-18.056,-11.154,0.2848,0.0694
g0107,2026-03-27,13,-4.168,-13.946,-9.779,0.3808,0.607
g0100,2026-03-27,1296,-5.577,-12.369,-6.793,0.6923,0.0617
g0805,2026-03-27,77,-8.899,-13.668,-4.768,1.0005,0.7933
g0002,2026-03-27,60,-10.32,-15.959,-5.639,0.8576,0.8745
g0803,2026-03-27,36,-9.097,-15.401,-6.304,0.759,0.4428
g0007,2026-03-27,25,-9.733,-14.935,-5.202,0.9275,0.6799
g0508,2026-03-27,17,-4.016,-13.525,-9.51,0.4027,0.751
g0103,2026-03-27,14,-8.909,-14.216,-5.307,0.9103,0.8436
g0008,2026-03-27,47,-9.66,-16.117,-6.456,0.7377,0.1569
g0308,2026-03-27,39,-8.601,-13.828,-5.227,0.9234,0.4278
g0102,2026-03-27,24,-10.399,-14.239,-3.84,1.1692,0.6827
g0808,2026-03-27,35,-8.733,-14.627,-5.894,0.8188,0.623
g0307,2026-03-27,47,-5.346,-12.941,-7.595,0.5928,0.7427
g0509,2026-03-27,25,-10.488,-15.314,-4.826,0.9905,0.8724
g0909,2026-03-27,3,-7.402,-12.529,-5.128,0.9397,0.1516
g0804,2026-03-27,3,-6.85,-11.713,-4.863,0.9843,0.7844
g0503,2026-03-27,123,-9.364,-15.183,-5.819,0.8301,0.587
g0403,2026-03-27,5,-8.13,-13.5,-5.37,0.9002,0.5036
g0809,2026-03-27,43,-8.241,-12.635,-4.393,1.0666,0.5641
g0104,2026-03-27,14,-9.921,-17.86,-7.939,0.5539,0.1367
g0600,2026-03-27,143,-8.502,-12.381,-3.88,1.1617,0.1673
g0101,2026-03-27,23,-10.435,-15.677,-5.241,0.921,0.9137
g0402,2026-03-27,39,-9.875,-15.917,-6.042,0.7968,0.4246
g0801,2026-03-27,15,-9.164,-13.163,-3.999,1.1392,0.9036
g0504,2026-03-27,47,-10.459,-15.739,-5.28,0.9147,0.5066
g0105,2026-03-27,23,-10.344,-13.389,-3.045,1.3262,0.7073
g0507,2026-03-27,28,2.9,-13.46,-16.36,0.0904,0.1111
g0305,2026-03-27,60,-9.085,-13.773,-4.689,1.0143,0.3699
g0309,2026-03-27,39,-9.382,-12.96,-3.578,1.2198,0.756
g0601,2026-03-27,200,-9.761,-13.372,-3.611,1.2134,0.6516
g0000,2026-03-27,38,-7.246,-11.818,-4.572,1.0348,0.7391
g0907,2026-03-27,15,-9.85,-16.396,-6.546,0.7253,0.6718
g0306,2026-03-27,118,-8.298,-13.773,-5.475,0.8835,0.806
g0802,2026-03-27,67,-9.954,-16.809,-6.855,0.6841,0.1744
g0006,2026-03-27,26,-11.304,-14.972,-3.668,1.2023,0.9112
g0405,2026-03-27,374,-6.97,-13.021,-6.051,0.7956,0.8743
g0204,2026-03-27,10,-10.823,-16.496,-5.674,0.8524,0.6965
g0702,2026-03-27,24,-8.843,-15.668,-6.825,0.688,0.6488
g0608,2026-03-27,30,-9.542,-16.22,-6.678,0.7075,0.0749
g0606,2026-03-27,106,-9.469,-14.226,-4.757,1.0025,0.5404
g0500,2026-03-27,50,-9.556,-18.222,-8.666,0.4787,0.0737
g0406,2026-03-27,8,-9.329,-14.528,-5.199,0.928,0.2698
g0904,2026-03-27,17,-8.696,-14.138,-5.442,0.8886,0.4261
g0609,2026-03-27,59,-11.008,-14.823,-3.815,1.174,0.8949
g0705,2026-03-27,44,-8.136,-15.075,-6.939,0.6732,0.679
g0207,2026-03-27,11,-10.688,-17.138,-6.45,0.7386,0.3251
g0201,2026-03-27,6,-6.67,-14.657,-7.987,0.5487,0.6182
g0203,2026-03-27,26,-10.326,-15.022,-4.697,1.0129,0.7489
g0209,2026-03-27,6,-8.765,-12.647,-3.882,1.1613,0.5114
g0607,2026-03-27,5,-9.286,-14.095,-4.81,0.9934,0.8795
g0407,2026-03-27,11,-8.366,-14.589,-6.223,0.7706,0.5507
g0501,2026-03-27,4,-8.797,-17.287,-8.49,0.4961,0.8355
g0905,2026-03-27,134,-7.728,-13.323,-5.595,0.8645,0.529
g0908,2026-03-27,52,-10.478,-16.959,-6.481,0.7343,0.2113
g0704,2026-03-27,78,-11.571,-15.106,-3.535,1.2282,0.8821
g0409,2026-03-27,41,-9.431,-17.128,-7.697,0.581,0.1721
g0004,2026-03-27,9,-8.445,-13.091,-4.646,1.0218,0.5364
g0902,2026-03-27,139,-10.25,-16.476,-6.226,0.7701,0.2326
g0703,2026-03-27,28,-9.076,-13.296,-4.22,1.0981,0.5991
g0202,2026-03-27,5,-10.918,-14.075,-3.156,1.3037,0.6241
g0208,2026-03-27,24,-11.407,-17.234,-5.827,0.829,0.3923
g0200,2026-03-27,1768,-2.495,-13.791,-11.296,0.2763,0.0563
g0706,2026-03-27,77,-10.388,-13.403,-3.016,1.3322,0.5659
g0300,2026-03-27,9,-9.209,-15.643,-6.434,0.7408,0.5088
g0005,2026-03-27,13,-10.669,-16.754,-6.085,0.7905,0.2105
g0108,2026-03-27,13,-9.463,-15.431,-5.968,0.8078,0.9063
g0408,2026-03-27,31,-8.152,-14.442,-6.289,0.7611,0.1845
g0302,2026-03-27,4,-9.928,-18.96,-9.032,0.4444,0.4182
g0604,2026-03-27,217,-3.01,-11.698,-8.688,0.4766,0.7914
g0205,2026-03-27,25,-8.243,-15.361,-7.119,0.6503,0.9045
g0700,2026-03-27,20,-7.516,-14.23,-6.715,0.7026,0.5095
g0707,2026-03-27,70,-10.681,-16.131,-5.45,0.8873,0.841
g0109,2026-03-27,21,-9.717,-14.427,-4.71,1.0106,0.8644
g0901,2026-03-27,14,-10.078,-13.205,-3.127,1.3096,0.4201
g0301,2026-03-27,50,-8.258,-16.296,-8.038,0.5431,0.0913
g0605,2026-03-27,69,-8.342,-15.533,-7.191,0.6414,0.2559
g0206,2026-03-27,15,-10.553,-16.359,-5.806,0.8321,0.7682
g0003,2026-03-27,8,-9.055,-14.45,-5.395,0.8961,0.3472
g0001,2026-03-27,12,-10.178,-15.011,-4.833,0.9894,0.6322
g0903,2026-03-27,34,-9.953,-14.869,-4.917,0.9751,0.5436
g0701,2026-03-27,69,-7.601,-12.262,-4.661,1.0192,0.6127
g0804,2026-04-08,3,-6.504,-13.391,-6.887,0.6799,0.6502
g0400,2026-04-08,22,-7.036,-12.315,-5.279,0.9149,0.1792
g0608,2026-04-08,30,-8.358,-16.938,-8.58,0.4871,0.116
g0703,2026-04-08,28,-8.618,-12.644,-4.025,1.1342,0.2133
g0507,2026-04-08,28,4.953,-13.739,-18.692,0.0533,0.1578
g0205,2026-04-08,25,-7.425,-12.332,-4.907,0.9767,0.8374
g0505,2026-04-08,70,-6.636,-10.777,-4.141,1.1126,0.1699
g0702,2026-04-08,24,-7.392,-12.451,-5.06,0.951,0.3295
g0803,2026-04-08,36,-7.204,-10.94,-3.736,1.1891,0.1811
g0101,2026-04-08,23,-8.685,-13.072,-4.387,1.0678,0.8006
g0700,2026-04-08,20,-6.432,-11.987,-5.555,0.8709,0.1923
g0309,2026-04-08,39,-7.722,-12.485,-4.764,1.0013,0.6005
g0909,2026-04-08,3,-11.347,-11.817,-0.47,1.8919,0.2201
g0102,2026-04-08,24,-6.858,-11.698,-4.84,0.9882,0.284
g0508,2026-04-08,17,-5.016,-14.768,-9.752,0.3829,0.6279
g0204,2026-04-08,10,-8.816,-12.207,-3.39,1.2567,0.2959
g0701,2026-04-08,69,-6.524,-10.641,-4.117,1.1171,0.1866
g0203,2026-04-08,26,-6.965,-11.69,-4.724,1.0081,0.416
g0308,2026-04-08,39,-6.47,-10.405,-3.935,1.1513,0.1971
g0805,2026-04-08,77,-6.105,-10.637,-4.533,1.0417,0.2934
g0207,2026-04-08,11,-6.905,-10.9,-3.994,1.14,0.3271
g0609,2026-04-08,59,-8.585,-12.869,-4.284,1.0864,0.4886
g0206,2026-04-08,15,-9.078,-12.147,-3.068,1.3215,0.7512
g0100,2026-04-08,1296,-4.619,-11.839,-7.22,0.6377,0.0993
g0103,2026-04-08,14,-7.752,-11.567,-3.815,1.1739,0.7195
g0104,2026-04-08,14,-9.884,-16.666,-6.782,0.6936,0.1777
g0208,2026-04-08,24,-6.371,-12.32,-5.949,0.8105,0.1833
g0304,2026-04-08,1015,-7.135,-16.264,-9.129,0.4356,0.0965
g0706,2026-04-08,77,-8.805,-10.839,-2.034,1.54,0.1919
g0605,2026-04-08,69,-7.006,-10.898,-3.892,1.1593,0.2461
g0602,2026-04-08,35,-7.094,-11.264,-4.171,1.1073,0.1747
g0000,2026-04-08,38,-7.342,-12.511,-5.168,0.933,0.6504
g0907,2026-04-08,15,-8.262,-11.414,-3.151,1.3046,0.2091
g0709,2026-04-08,15,-0.663,-14.521,-13.858,0.158,0.3406
g0301,2026-04-08,50,-7.27,-14.826,-7.555,0.5974,0.1374
g0109,2026-04-08,21,-9.172,-13.706,-4.534,1.0416,0.6768
g0107,2026-04-08,13,-7.325,-11.27,-3.945,1.1492,0.2448
g0707,2026-04-08,70,-8.17,-11.061,-2.89,1.358,0.3259
g0303,2026-04-08,278,-5.761,-16.496,-10.735,0.3114,0.0897
g0604,2026-04-08,217,-5.569,-12.221,-6.653,0.7109,0.8364
g0302,2026-04-08,4,-9.241,-14.035,-4.794,0.9961,0.4746
g0108,2026-04-08,13,-8.174,-13.21,-5.036,0.955,0.8195
g0603,2026-04-08,8,-9.426,-14.515,-5.089,0.9461,0.2843
g0708,2026-04-08,36,-8.921,-15.174,-6.254,0.7662,0.202
g0106,2026-04-08,63,-7.32,-11.009,-3.689,1.1982,0.2023
g0002,2026-04-08,60,-9.3,-13.869,-4.569,1.0354,0.5196
g0200,2026-04-08,1768,-0.639,-12.883,-12.244,0.2252,0.0919
g0800,2026-04-08,69,-7.499,-12.788,-5.29,0.9132,0.1889
g0202,2026-04-08,5,-11.184,-15.788,-4.605,1.0291,0.5892
g0509,2026-04-08,25,-8.42,-11.456,-3.035,1.3282,0.5203
g0802,2026-04-08,67,-7.3,-14.565,-7.265,0.6322,0.2128
g0704,2026-04-08,78,-8.508,-11.865,-3.357,1.2633,0.512
g0306,2026-04-08,118,-8.846,-12.878,-4.032,1.133,0.8434
g0904,2026-04-08,17,-7.326,-12.251,-4.925,0.9737,0.1623
g0607,2026-04-08,5,-7.479,-13.19,-5.711,0.8466,0.6987
g0600,2026-04-08,143,-5.805,-12.287,-6.481,0.7342,0.1501
g0307,2026-04-08,47,-6.013,-12.94,-6.927,0.6747,0.7709
g0801,2026-04-08,15,-7.626,-12.963,-5.336,0.9056,0.7855
g0201,2026-04-08,6,-4.754,-10.661,-5.907,0.8168,0.6379
g0105,2026-04-08,23,-8.648,-11.762,-3.114,1.3122,0.5283
g0305,2026-04-08,60,-6.451,-10.469,-4.018,1.1356,0.1611
g0705,2026-04-08,44,-8.631,-12.411,-3.78,1.1807,0.2008
g0601,2026-04-08,200,-7.9,-12.15,-4.25,1.0926,0.321
g0606,2026-04-08,106,-7.162,-9.026,-1.863,1.5774,0.167
g0906,2026-04-08,13,-8.327,-12.512,-4.185,1.1046,0.1933
g0300,2026-04-08,9,-8.012,-13.051,-5.039,0.9545,0.2393
g0209,2026-04-08,6,-7.204,-11.998,-4.794,0.9962,0.2796
g0806,2026-04-08,28,-8.635,-12.831,-4.196,1.1025,0.2431
g0001,2026-04-08,12,-7.406,-11.284,-3.878,1.162,0.234
g0502,2026-04-08,39,-7.711,-12.617,-4.906,0.9769,0.2056
g0902,2026-04-08,139,-9.678,-17.815,-8.136,0.5326,0.2124
g0004,2026-04-08,9,-5.971,-12.703,-6.732,0.7003,0.708
g0405,2026-04-08,374,-8.238,-14.463,-6.225,0.7703,0.8765
g0404,2026-04-08,57,-8.615,-11.002,-2.387,1.4639,0.2269
g0009,2026-04-08,6,-7.159,-15.032,-7.873,0.5612,0.6718
g0406,2026-04-08,8,-5.382,-12.915,-7.533,0.6,0.3201
g0500,2026-04-08,50,-8.784,-15.396,-6.612,0.7164,0.0881
g0809,2026-04-08,43,-8.232,-12.043,-3.811,1.1747,0.173
g0504,2026-04-08,47,-9.23,-13.521,-4.291,1.0852,0.2642
g0005,2026-04-08,13,-8.198,-13.406,-5.207,0.9266,0.2409
g0402,2026-04-08,39,-8.595,-12.216,-3.621,1.2115,0.1933
g0006,2026-04-08,26,-8.013,-13.251,-5.239,0.9214,0.4969
g0908,2026-04-08,52,-11.276,-16.666,-5.39,0.8969,0.2421
g0905,2026-04-08,134,-7.463,-11.051,-3.588,1.2178,0.1899
g0900,2026-04-08,11,-6.856,-17.056,-10.2,0.3487,0.1075
g0807,2026-04-08,30,-7.097,-14.76,-7.663,0.5849,0.3173
g0901,2026-04-08,14,-7.2,-11.634,-4.434,1.0594,0.1878
g0007,2026-04-08,25,-6.3,-12.751,-6.45,0.7386,0.2764
g0501,2026-04-08,4,-9.444,-13.371,-3.927,1.1527,0.461
g0008,2026-04-08,47,-9.753,-15.63,-5.877,0.8214,0.1895
g0003,2026-04-08,8,-8.186,-13.349,-5.163,0.9338,0.3854
g0403,2026-04-08,5,-5.712,-13.878,-8.166,0.5294,0.1966
g0503,2026-04-08,123,-7.196,-11.577,-4.381,1.0689,0.188
g0408,2026-04-08,31,-8.84,-13.125,-4.284,1.0864,0.1726
g0808,2026-04-08,35,-9.664,-15.408,-5.744,0.8415,0.6345
g0903,2026-04-08,34,-9.178,-12.073,-2.895,1.3571,0.1841
g0409,2026-04-08,41,-9.931,-16.649,-6.718,0.7021,0.1392
g0407,2026-04-08,11,-6.037,-12.626,-6.59,0.7194,0.3667
g0907,2026-04-20,15,-12.346,-18.453,-6.107,0.7874,0.1739
g0000,2026-04-20,38,-7.219,-13.455,-6.236,0.7688,0.6176
g0908,2026-04-20,52,-11.964,-17.631,-5.667,0.8533,0.1996
g0503,2026-04-20,123,-12.705,-18.927,-6.223,0.7707,0.1653
g0802,2026-04-20,67,-11.574,-19.64,-8.067,0.54,0.2016
g0006,2026-04-20,26,-12.833,-18.116,-5.283,0.9143,0.5605
g0303,2026-04-20,278,-6.651,-19.031,-12.38,0.2186,0.1737
g0900,2026-04-20,11,-11.21,-21.309,-10.099,0.3562,0.0884
g0708,2026-04-20,36,-12.609,-18.672,-6.064,0.7937,0.2485
g0403,2026-04-20,5,-8.545,-14.346,-5.801,0.8328,0.19
g0107,2026-04-20,13,-8.631,-13.236,-4.604,1.0291,0.2122
g0105,2026-04-20,23,-11.04,-17.945,-6.905,0.6776,0.1798
g0709,2026-04-20,15,-6.525,-18.348,-11.823,0.2467,0.2038
g0801,2026-04-20,15,-10.361,-16.33,-5.97,0.8075,0.7712
g0305,2026-04-20,60,-10.625,-15.41,-4.785,0.9976,0.1636
g0007,2026-04-20,25,-9.481,-14.169,-4.687,1.0145,0.2135
g0002,2026-04-20,60,-8.983,-15.304,-6.321,0.7567,0.2312
g0800,2026-04-20,69,-12.17,-18.025,-5.855,0.8247,0.1741
g0906,2026-04-20,13,-9.736,-17.766,-8.03,0.5439,0.1914
g0502,2026-04-20,39,-10.613,-17.204,-6.59,0.7193,0.1601
g0905,2026-04-20,134,-11.528,-16.923,-5.395,0.8962,0.2131
g0404,2026-04-20,57,-9.984,-18.091,-8.107,0.5357,0.1924
g0306,2026-04-20,118,-9.27,-15.744,-6.474,0.7352,0.8125
g0106,2026-04-20,63,-10.423,-15.412,-4.989,0.9629,0.1987
g0304,2026-04-20,1015,-10.124,-18.783,-8.659,0.4794,0.0941
g0809,2026-04-20,43,-10.568,-18.792,-8.223,0.5234,0.1803
g0602,2026-04-20,35,-11.533,-19.259,-7.726,0.5777,0.1713
g0104,2026-04-20,14,-10.977,-18.49,-7.513,0.6024,0.1428
g0808,2026-04-20,35,-11.248,-14.88,-3.632,1.2092,0.6177
g0806,2026-04-20,28,-11.327,-18.115,-6.788,0.6928,0.1731
g0301,2026-04-20,50,-10.285,-17.432,-7.147,0.6467,0.1498
g0108,2026-04-20,13,-10.742,-13.904,-3.162,1.3025,0.8011
g0904,2026-04-20,17,-10.619,-16.321,-5.702,0.848,0.2097
g0208,2026-04-20,24,-9.815,-15.663,-5.848,0.8258,0.1997
g0608,2026-04-20,30,-13.312,-19.702,-6.389,0.747,0.0908
g0703,2026-04-20,28,-10.493,-16.353,-5.86,0.8239,0.1935
g0409,2026-04-20,41,7.59,-19.095,-26.686,0.0086,0.1096
g0407,2026-04-20,11,-10.374,-16.403,-6.029,0.7987,0.3495
g0203,2026-04-20,26,-10.461,-15.826,-5.364,0.9011,0.2621
g0207,2026-04-20,11,-10.745,-16.738,-5.993,0.8041,0.2113
g0202,2026-04-20,5,-9.77,-16.559,-6.789,0.6928,0.5096
g0609,2026-04-20,59,-11.775,-17.791,-6.016,0.8007,0.2702
g0003,2026-04-20,8,-10.652,-16.247,-5.595,0.8646,0.3348
g0204,2026-04-20,10,-11.5,-14.346,-2.847,1.367,0.2348
g0701,2026-04-20,69,-10.755,-20.122,-9.368,0.4147,0.1457
g0903,2026-04-20,34,-11.31,-16.849,-5.54,0.8733,0.1791
g0206,2026-04-20,15,-11.176,-14.132,-2.957,1.3443,0.4281
g0700,2026-04-20,20,-7.705,-18.032,-10.327,0.3395,0.1277
g0408,2026-04-20,31,-6.557,-18.205,-11.647,0.2562,0.1069
g0205,2026-04-20,25,-11.248,-14.574,-3.326,1.2695,0.8132
g0702,2026-04-20,24,-10.435,-15.31,-4.875,0.9821,0.2369
g0902,2026-04-20,139,-13.858,-21.923,-8.064,0.5403,0.1629
g0001,2026-04-20,12,-10.145,-16.54,-6.395,0.7463,0.1562
g0704,2026-04-20,78,-12.374,-15.805,-3.432,1.2486,0.2313
g0302,2026-04-20,4,-10.938,-14.944,-4.006,1.1379,0.3671
g0604,2026-04-20,217,-7.678,-13.75,-6.072,0.7924,0.8189
g0707,2026-04-20,70,-10.362,-16.356,-5.993,0.804,0.2122
g0109,2026-04-20,21,-8.493,-15.069,-6.575,0.7214,0.6509
g0103,2026-04-20,14,-12.411,-15.445,-3.033,1.3287,0.5184
g0005,2026-04-20,13,-10.445,-16.262,-5.817,0.8304,0.1105
g0605,2026-04-20,69,-8.493,-14.993,-6.5,0.7317,0.3001
g0706,2026-04-20,77,-11.231,-15.679,-4.449,1.0567,0.3924
g0901,2026-04-20,14,-11.26,-15.754,-4.494,1.0487,0.2051
g0200,2026-04-20,1768,-4.446,-14.459,-10.013,0.3627,0.087
g0300,2026-04-20,9,-12.364,-18.071,-5.707,0.8472,0.2408
g0606,2026-04-20,106,-11.39,-15.991,-4.6,1.0298,0.211
g0406,2026-04-20,8,-10.357,-18.299,-7.942,0.5536,0.2813
g0705,2026-04-20,44,-10.958,-15.978,-5.02,0.9577,0.2096
g0201,2026-04-20,6,-8.002,-14.045,-6.043,0.7968,0.5315
g0209,2026-04-20,6,-12.796,-18.489,-5.693,0.8494,0.2868
g0607,2026-04-20,5,-12.772,-14.832,-2.059,1.5345,0.8301
g0004,2026-04-20,9,-7.462,-14.45,-6.989,0.6668,0.6833
g0405,2026-04-20,374,-8.447,-14.677,-6.23,0.7697,0.8288
g0509,2026-04-20,25,-12.467,-16.596,-4.129,1.115,0.2128
g0603,2026-04-20,8,-10.359,-15.329,-4.97,0.966,0.3125
g0102,2026-04-20,24,-10.088,-15.481,-5.393,0.8965,0.1956
g0400,2026-04-20,22,-9.441,-16.849,-7.408,0.6149,0.1617
g0803,2026-04-20,36,-11.228,-20.216,-8.988,0.4484,0.2329
g0804,2026-04-20,3,-6.085,-15.823,-9.738,0.3841,0.5839
g0100,2026-04-20,1296,-6.726,-13.378,-6.653,0.7109,0.0912
g0807,2026-04-20,30,-7.361,-15.356,-7.995,0.5478,0.5091
g0101,2026-04-20,23,-8.551,-14.564,-6.013,0.8011,0.7529
g0308,2026-04-20,39,-10.328,-15.919,-5.591,0.8652,0.2028
g0909,2026-04-20,3,-12.489,-15.312,-2.823,1.3719,0.2002
g0008,2026-04-20,47,-11.431,-16.63,-5.199,0.928,0.132
g0507,2026-04-20,28,-0.458,-15.017,-14.56,0.1353,0.1348
g0508,2026-04-20,17,-8.926,-14.32,-5.394,0.8964,0.7461
g0504,2026-04-20,47,-11.192,-18.389,-7.197,0.6405,0.191
g0309,2026-04-20,39,-10.804,-20.436,-9.632,0.3926,0.0992
g0307,2026-04-20,47,-9.54,-14.144,-4.604,1.0292,0.7906
g0805,2026-04-20,77,-9.76,-14.432,-4.672,1.0173,0.197
g0505,2026-04-20,70,-9.732,-16.494,-6.762,0.6963,0.1822
g0009,2026-04-20,6,-9.306,-15.527,-6.221,0.7709,0.6389
g0709,2026-05-02,15,-5.97,-14.47,-8.5,0.4951,0.1411
g0404,2026-05-02,57,-10.666,-20.831,-10.165,0.3513,0.15
g0708,2026-05-02,36,-11.232,-17.586,-6.353,0.7521,0.175
g0100,2026-05-02,1296,-6.376,-12.863,-6.488,0.7334,0.0743
g0501,2026-05-02,4,-9.5,-19.558,-10.057,0.3593,0.1438
g0804,2026-05-02,3,-9.08,-13.21,-4.13,1.1147,0.5537
g0609,2026-05-02,59,-11.782,-19.992,-8.21,0.5248,0.2375
g0106,2026-05-02,63,-11.427,-19.47,-8.043,0.5426,0.1838
g0703,2026-05-02,28,-10.465,-20.428,-9.962,0.3665,0.1545
g0108,2026-05-02,13,-12.218,-15.234,-3.016,1.3322,0.6936
g0302,2026-05-02,4,-6.548,-15.318,-8.77,0.4687,0.3473
g0304,2026-05-02,1015,-9.344,-17.838,-8.493,0.4958,0.0783
g0407,2026-05-02,11,-14.051,-19.217,-5.166,0.9334,0.2221
g0603,2026-05-02,8,-10.385,-16.097,-5.712,0.8465,0.2625
g0809,2026-05-02,43,-12.49,-22.405,-9.915,0.3701,0.1393
g0806,2026-05-02,28,-10.672,-18.888,-8.215,0.5242,0.1272
g0308,2026-05-02,39,-9.922,-18.75,-8.829,0.4632,0.1699
g0508,2026-05-02,17,-7.538,-14.905,-7.367,0.6198,0.7452
g0006,2026-05-02,26,-11.54,-20.451,-8.911,0.4555,0.1262
g0209,2026-05-02,6,-9.807,-16.59,-6.783,0.6936,0.3413
g0602,2026-05-02,35,-12.355,-23.673,-11.318,0.275,0.126
g0303,2026-05-02,278,-7.293,-15.914,-8.62,0.4832,0.419
g0904,2026-05-02,17,-8.686,-15.155,-6.469,0.7359,0.1597
g0702,2026-05-02,24,-9.288,-14.553,-5.266,0.9171,0.1786
g0107,2026-05-02,13,-8.335,-16.253,-7.917,0.5563,0.198
g0207,2026-05-02,11,-12.583,-18.652,-6.069,0.7929,0.1764
g0203,2026-05-02,26,-13.922,-19.411,-5.489,0.8812,0.1866
g0405,2026-05-02,374,-8.407,-14.236,-5.828,0.8287,0.8055
g0509,2026-05-02,25,-14.014,-21.452,-7.438,0.6113,0.1731
g0604,2026-05-02,217,-8.158,-13.631,-5.473,0.8837,0.7953
g0901,2026-05-02,14,-11.688,-17.25,-5.562,0.8698,0.1082
g0200,2026-05-02,1768,-3.625,-13.815,-10.189,0.3495,0.0685
g0704,2026-05-02,78,-15.082,-22.526,-7.444,0.6106,0.1716
g0300,2026-05-02,9,-12.615,-18.855,-6.24,0.7682,0.2232
g0500,2026-05-02,50,-12.258,-22.19,-9.932,0.3688,0.0814
g0504,2026-05-02,47,-11.826,-19.499,-7.673,0.5838,0.1461
g0507,2026-05-02,28,0.53,-14.667,-15.196,0.1174,0.1375
g0309,2026-05-02,39,-12.038,-19.559,-7.521,0.6014,0.1349
g0805,2026-05-02,77,-13.584,-21.806,-8.222,0.5235,0.1591
g0607,2026-05-02,5,-12.33,-14.137,-1.807,1.5898,0.7873
g0705,2026-05-02,44,-10.727,-17.85,-7.123,0.6497,0.1783
g0004,2026-05-02,9,-7.345,-16.53,-9.184,0.4307,0.7499
g0406,2026-05-02,8,-12.153,-16.533,-4.38,1.0691,0.2565
g0201,2026-05-02,6,-4.915,-13.197,-8.282,0.5173,0.6138
g0606,2026-05-02,106,-12.648,-20.499,-7.852,0.5636,0.1652
g0706,2026-05-02,77,-12.763,-20.097,-7.333,0.6238,0.2548
g0909,2026-05-02,3,-11.9,-19.919,-8.019,0.5452,0.3565
g0902,2026-05-02,139,-11.979,-21.138,-9.159,0.4329,0.155
g0608,2026-05-02,30,-12.817,-21.283,-8.466,0.4985,0.0748
g0000,2026-05-02,38,-5.774,-13.995,-8.222,0.5236,0.6206
g0505,2026-05-02,70,-9.321,-18.006,-8.686,0.4768,0.1071
g0409,2026-05-02,41,11.299,-15.21,-26.509,0.0089,0.2638
g0707,2026-05-02,70,-11.907,-18.511,-6.604,0.7175,0.1992
g0402,2026-05-02,39,-11.78,-19.525,-7.745,0.5755,0.1484
g0208,2026-05-02,24,-14.254,-20.859,-6.605,0.7173,0.1864
g0109,2026-05-02,21,-7.999,-13.96,-5.961,0.8088,0.6829
g0301,2026-05-02,50,-9.553,-17.778,-8.225,0.5232,0.1515
g0005,2026-05-02,13,-9.557,-18.411,-8.854,0.4608,0.0842
g0009,2026-05-02,6,-13.532,-17.131,-3.599,1.2157,0.6009
g0001,2026-05-02,12,-11.638,-19.422,-7.784,0.5712,0.1392
g0101,2026-05-02,23,-10.936,-17.474,-6.539,0.7264,0.7476
g0605,2026-05-02,69,-9.675,-15.841,-6.165,0.7789,0.3644
g0202,2026-05-02,5,-11.595,-17.207,-5.611,0.862,0.4303
g0900,2026-05-02,11,-11.748,-21.587,-9.839,0.3761,0.1072
g0907,2026-05-02,15,-11.159,-20.278,-9.119,0.4365,0.1411
g0807,2026-05-02,30,-9.406,-15.062,-5.656,0.8551,0.7185
g0400,2026-05-02,22,-10.43,-20.196,-9.766,0.3819,0.1301
g0403,2026-05-02,5,-11.786,-17.953,-6.167,0.7787,0.1483
g0204,2026-05-02,10,-13.911,-20.42,-6.51,0.7303,0.2156
g0008,2026-05-02,47,-12.463,-16.899,-4.435,1.0591,0.1355
g0700,2026-05-02,20,-6.577,-17.516,-10.94,0.2982,0.1242
g0306,2026-05-02,118,-9.826,-15.854,-6.028,0.7989,0.7669
g0007,2026-05-02,25,-11.939,-20.238,-8.298,0.5156,0.1773
g0908,2026-05-02,52,-11.226,-18.575,-7.349,0.6219,0.1851
g0408,2026-05-02,31,-8.41,-19.046,-10.635,0.3181,0.0913
g0808,2026-05-02,35,-10.838,-15.458,-4.62,1.0263,0.5844
g0305,2026-05-02,60,-14.14,-20.185,-6.044,0.7965,0.1241
g0600,2026-05-02,143,-8.105,-14.592,-6.487,0.7334,0.6132
g0105,2026-05-02,23,-13.822,-21.209,-7.387,0.6174,0.1383
g0701,2026-05-02,69,-10.933,-21.689,-10.756,0.31,0.1088
g0905,2026-05-02,134,-11.339,-17.464,-6.125,0.7848,0.1686
g0903,2026-05-02,34,-11.516,-19.484,-7.968,0.5507,0.1435
g0104,2026-05-02,14,-11.534,-20.872,-9.338,0.4173,0.1991
g0801,2026-05-02,15,-11.087,-19.294,-8.207,0.5251,0.6343
g0206,2026-05-02,15,-11.864,-18.426,-6.562,0.7232,0.2735
g0803,2026-05-02,36,-9.53,-18.354,-8.825,0.4635,0.1194
g0307,2026-05-02,47,-9.277,-15.302,-6.026,0.7993,0.7603
g0802,2026-05-02,67,-10.71,-20.21,-9.501,0.4035,0.1806
g0601,2026-05-02,200,-12.808,-21.385,-8.577,0.4874,0.2033
g0102,2026-05-02,24,-10.926,-20.21,-9.283,0.422,0.1816
g0205,2026-05-02,25,-9.795,-15.034,-5.239,0.9214,0.7865
g0002,2026-05-02,60,-11.043,-18.752,-7.709,0.5797,0.1919
g0103,2026-05-02,14,-8.384,-14.834,-6.45,0.7386,0.5338
g0003,2026-05-02,8,-9.282,-16.887,-7.605,0.5917,0.3793
g0503,2026-05-02,123,-12.863,-21.83,-8.967,0.4503,0.1183
g0906,2026-05-02,13,-10.236,-20.795,-10.559,0.3233,0.1308
g0800,2026-05-02,69,-12.566,-18.67,-6.104,0.7878,0.1354
g0502,2026-05-02,39,-11.157,-20.119,-8.962,0.4508,0.1198
g0101,2026-05-14,23,-12.103,-18.95,-6.847,0.6851,0.5955
g0600,2026-05-14,143,-7.944,-14.519,-6.575,0.7215,0.8214
g0408,2026-05-14,31,-7.621,-20.989,-13.369,0.1761,0.1367
g0205,2026-05-14,25,-9.286,-14.356,-5.07,0.9493,0.71
g0406,2026-05-14,8,-10.402,-16.69,-6.288,0.7613,0.2432
g0301,2026-05-14,50,-6.633,-15.15,-8.517,0.4934,0.5545
g0503,2026-05-14,123,-9.246,-18.301,-9.055,0.4422,0.0925
g0208,2026-05-14,24,-9.974,-19.375,-9.401,0.4119,0.16
g0005,2026-05-14,13,-12.217,-18.634,-6.417,0.7432,0.0685
g0104,2026-05-14,14,-7.192,-14.037,-6.846,0.6853,0.5913
g0902,2026-05-14,139,-6.305,-17.126,-10.821,0.3058,0.1282
g0900,2026-05-14,11,-11.823,-19.423,-7.6,0.5922,0.4683
g0707,2026-05-14,70,-11.498,-18.938,-7.44,0.611,0.115
g0409,2026-05-14,41,-0.809,-14.798,-13.989,0.1535,0.6982
g0901,2026-05-14,14,-13.26,-20.507,-7.248,0.6343,0.1584
g0808,2026-05-14,35,-11.46,-16.761,-5.301,0.9113,0.5572
g0509,2026-05-14,25,-10.614,-19.403,-8.788,0.467,0.1918
g0201,2026-05-14,6,-8.486,-13.791,-5.304,0.9108,0.6638
g0004,2026-05-14,9,-6.806,-13.708,-6.902,0.6779,0.7073
g0109,2026-05-14,21,-11.168,-15.063,-3.895,1.1587,0.524
g0500,2026-05-14,50,-9.951,-21.303,-11.352,0.273,0.0821
g0103,2026-05-14,14,-9.202,-14.817,-5.615,0.8615,0.2857
g0504,2026-05-14,47,-11.404,-18.992,-7.589,0.5935,0.1209
g0300,2026-05-14,9,-9.475,-18.294,-8.819,0.464,0.1337
g0704,2026-05-14,78,-12.484,-21.409,-8.925,0.4542,0.0751
g0307,2026-05-14,47,-8.547,-15.322,-6.775,0.6946,0.7402
g0200,2026-05-14,1768,-4.561,-14.325,-9.764,0.382,0.0671
g0700,2026-05-14,20,-6.91,-15.603,-8.692,0.4762,0.1925
g0805,2026-05-14,77,-9.113,-22.409,-13.296,0.1789,0.1423
g0606,2026-05-14,106,-12.167,-20.877,-8.71,0.4745,0.0986
g0507,2026-05-14,28,-0.539,-15.702,-15.162,0.1182,0.1332
g0607,2026-05-14,5,-9.63,-14.609,-4.979,0.9645,0.6189
g0306,2026-05-14,118,-9.925,-15.351,-5.426,0.8912,0.7522
g0706,2026-05-14,77,-10.42,-18.489,-8.069,0.5397,0.089
g0903,2026-05-14,34,-13.368,-20.439,-7.071,0.6563,0.1329
g0309,2026-05-14,39,-7.034,-16.165,-9.132,0.4353,0.6171
g0008,2026-05-14,47,-11.854,-17.558,-5.704,0.8477,0.1356
g0806,2026-05-14,28,-10.393,-19.365,-8.972,0.4498,0.0852
g0907,2026-05-14,15,-12.175,-22.566,-10.391,0.3349,0.1091
g0000,2026-05-14,38,-6.508,-12.928,-6.42,0.7428,0.6252
g0403,2026-05-14,5,-9.188,-17.277,-8.089,0.5376,0.1193
g0202,2026-05-14,5,-8.576,-17.848,-9.272,0.423,0.4104
g0605,2026-05-14,69,-7.393,-14.44,-7.047,0.6594,0.4993
g0400,2026-05-14,22,-7.234,-15.153,-7.92,0.556,0.0864
g0802,2026-05-14,67,-10.426,-19.331,-8.905,0.456,0.1926
g0908,2026-05-14,52,-11.52,-18.83,-7.31,0.6267,0.2137
g0705,2026-05-14,44,-9.811,-16.671,-6.859,0.6835,0.1073
g0102,2026-05-14,24,-11.81,-18.563,-6.754,0.6974,0.1166
g0209,2026-05-14,6,-11.073,-17.689,-6.616,0.7159,0.3971
g0709,2026-05-14,15,-6.717,-17.563,-10.846,0.3042,0.1141
g0602,2026-05-14,35,-7.855,-17.46,-9.605,0.3949,0.0778
g0107,2026-05-14,13,-10.114,-19.586,-9.473,0.4058,0.1246
g0505,2026-05-14,70,-8.871,-17.518,-8.647,0.4806,0.0786
g0603,2026-05-14,8,-10.823,-17.115,-6.292,0.7607,0.175
g0007,2026-05-14,25,-11.292,-17.8,-6.507,0.7307,0.1374
g0308,2026-05-14,39,-9.074,-16.199,-7.125,0.6496,0.1201
g0002,2026-05-14,60,-12.626,-18.908,-6.282,0.7621,0.3076
g0601,2026-05-14,200,-13.416,-23.031,-9.616,0.394,0.1885
g0106,2026-05-14,63,-10.618,-20.015,-9.398,0.4122,0.1191
g0105,2026-05-14,23,-15.146,-21.083,-5.936,0.8125,0.1349
g0108,2026-05-14,13,-9.171,-16.106,-6.935,0.6737,0.799
g0303,2026-05-14,278,-7.52,-14.455,-6.935,0.6737,0.7081
g0204,2026-05-14,10,-12.624,-19.475,-6.852,0.6845,0.1389
g0807,2026-05-14,30,-7.703,-15.215,-7.512,0.6025,0.8091
g0001,2026-05-14,12,-11.085,-17.872,-6.787,0.693,0.1304
g0702,2026-05-14,24,-8.395,-15.779,-7.384,0.6178,0.1899
g0006,2026-05-14,26,-9.508,-16.636,-7.128,0.6491,0.0851
g0207,2026-05-14,11,-11.027,-19.928,-8.9,0.4565,0.1567
g0905,2026-05-14,134,-10.622,-18.894,-8.272,0.5183,0.1624
g0909,2026-05-14,3,-11.317,-17.771,-6.454,0.738,0.7017
g0906,2026-05-14,13,-10.301,-19.867,-9.566,0.398,0.0954
g0809,2026-05-14,43,-9.728,-21.593,-11.865,0.2444,0.0862
g0904,2026-05-14,17,-7.89,-15.562,-7.672,0.5839,0.1793
g0800,2026-05-14,69,-10.547,-19.196,-8.649,0.4804,0.1087
g0203,2026-05-14,26,-14.297,-21.516,-7.219,0.6378,0.1562
g0009,2026-05-14,6,-9.56,-17.512,-7.952,0.5524,0.5869
g0608,2026-05-14,30,-13.291,-21.072,-7.781,0.5714,0.0809
g0604,2026-05-14,217,-8.072,-13.403,-5.331,0.9065,0.7264
g0801,2026-05-14,15,-8.746,-14.852,-6.106,0.7874,0.6292
g0003,2026-05-14,8,-8.404,-17.59,-9.186,0.4305,0.3733
g0405,2026-05-14,374,-9.364,-14.672,-5.307,0.9103,0.795
g0803,2026-05-14,36,-4.008,-18.291,-14.283,0.1438,0.1346
g0508,2026-05-14,17,-7.964,-15.369,-7.406,0.6151,0.7504
g0304,2026-05-14,1015,-9.156,-18.013,-8.857,0.4605,0.0703
g0609,2026-05-14,59,-9.879,-17.269,-7.39,0.617,0.102
g0206,2026-05-14,15,-10.844,-21.154,-10.31,0.3407,0.1034
g0407,2026-05-14,11,-11.728,-22.297,-10.569,0.3226,0.1112
g0703,2026-05-14,28,-11.68,-19.994,-8.315,0.5139,0.1396
g0502,2026-05-14,39,-10.99,-19.896,-8.906,0.4559,0.0992
g0100,2026-05-14,1296,-6.49,-12.804,-6.314,0.7576,0.0696
g0804,2026-05-14,3,-5.921,-12.928,-7.007,0.6644,0.4173
g0708,2026-05-14,36,-12.424,-20.059,-7.635,0.5882,0.08
g0501,2026-05-14,4,-10.221,-20.008,-9.787,0.3802,0.1575
g0305,2026-05-14,60,-11.075,-18.858,-7.783,0.5712,0.0908
g0302,2026-05-14,4,-9.665,-15.647,-5.982,0.8057,0.3772
g0404,2026-05-14,57,-10.527,-20.11,-9.582,0.3967,0.1812
g0701,2026-05-14,69,-9.581,-18.447,-8.866,0.4597,0.0807
g0402,2026-05-14,39,-11.415,-19.983,-8.567,0.4884,0.1558
g0407,2026-05-26,11,-11.843,-19.774,-7.932,0.5547,0.1163
g0905,2026-05-26,134,-11.056,-20.207,-9.151,0.4336,0.1346
g0607,2026-05-26,5,-10.524,-13.271,-2.747,1.3878,0.5825
g0908,2026-05-26,52,-11.024,-18.316,-7.292,0.6289,0.2043
g0003,2026-05-26,8,-8.43,-16.155,-7.725,0.5779,0.3348
g0205,2026-05-26,25,-9.859,-17.015,-7.155,0.6458,0.2501
g0609,2026-05-26,59,-10.126,-18.728,-8.602,0.485,0.181
g0100,2026-05-26,1296,-6.848,-13.002,-6.154,0.7805,0.0719
g0704,2026-05-26,78,-12.403,-21.561,-9.158,0.433,0.078
g0608,2026-05-26,30,-12.31,-22.403,-10.093,0.3566,0.0841
g0903,2026-05-26,34,-12.42,-19.974,-7.554,0.5976,0.135
g0408,2026-05-26,31,-7.452,-16.634,-9.181,0.4309,0.2964
g0409,2026-05-26,41,-6.102,-14.722,-8.62,0.4832,0.7826
g0902,2026-05-26,139,-11.626,-19.651,-8.025,0.5445,0.0781
g0703,2026-05-26,28,-10.918,-17.485,-6.567,0.7226,0.1034
g0206,2026-05-26,15,-9.672,-19.942,-10.271,0.3436,0.2847
g0208,2026-05-26,24,-10.525,-20.014,-9.489,0.4045,0.1282
g0806,2026-05-26,28,-9.849,-21.46,-11.611,0.2582,0.0774
g0009,2026-05-26,6,-12.14,-17.235,-5.095,0.9451,0.5315
g0202,2026-05-26,5,-11.81,-17.732,-5.923,0.8145,0.2728
g0203,2026-05-26,26,-12.727,-21.192,-8.465,0.4986,0.1495
g0204,2026-05-26,10,-12.984,-20.79,-7.807,0.5686,0.1786
g0702,2026-05-26,24,-10.147,-15.483,-5.336,0.9057,0.197
g0700,2026-05-26,20,-7.597,-15.98,-8.383,0.5069,0.3221
g0207,2026-05-26,11,-9.763,-15.503,-5.74,0.8422,0.1439
g0505,2026-05-26,70,-9.439,-18.136,-8.697,0.4757,0.0763
g0400,2026-05-26,22,-6.965,-15.334,-8.37,0.5082,0.0891
g0701,2026-05-26,69,-9.865,-18.568,-8.703,0.4751,0.0779
g0805,2026-05-26,77,-7.503,-20.577,-13.074,0.1878,0.132
g0301,2026-05-26,50,-10.192,-15.769,-5.577,0.8674,0.585
g0904,2026-05-26,17,-9.182,-16.61,-7.428,0.6124,0.1832
g0803,2026-05-26,36,-7.479,-17.694,-10.215,0.3476,0.2189
g0308,2026-05-26,39,-9.655,-16.121,-6.466,0.7363,0.1289
g0007,2026-05-26,25,-10.915,-19.728,-8.813,0.4647,0.125
g0708,2026-05-26,36,-14.119,-20.721,-6.602,0.7177,0.1311
g0402,2026-05-26,39,-11.504,-21.278,-9.774,0.3812,0.1448
g0501,2026-05-26,4,-8.846,-17.73,-8.884,0.458,0.2112
g0107,2026-05-26,13,-10.788,-18.564,-7.777,0.572,0.2751
g0804,2026-05-26,3,-8.985,-12.575,-3.59,1.2174,0.4421
g0002,2026-05-26,60,-9.753,-17.899,-8.146,0.5315,0.1225
g0405,2026-05-26,374,-9.937,-18.358,-8.421,0.503,0.0784
g0604,2026-05-26,217,-8.455,-18.341,-9.886,0.3724,0.1697
g0108,2026-05-26,13,-10.26,-14.73,-4.47,1.0529,0.4394
g0502,2026-05-26,39,-11.372,-20.035,-8.663,0.479,0.0937
g0707,2026-05-26,70,-4.579,-21.013,-16.434,0.0889,0.1162
g0302,2026-05-26,4,-9.956,-15.589,-5.634,0.8586,0.3894
g0603,2026-05-26,8,-10.718,-17.455,-6.737,0.6996,0.1559
g0209,2026-05-26,6,-12.038,-20.901,-8.863,0.4599,0.1373
g0303,2026-05-26,278,-9.137,-15.792,-6.655,0.7106,0.3754
g0102,2026-05-26,24,-10.552,-17.124,-6.572,0.7218,0.166
g0909,2026-05-26,3,-8.403,-13.493,-5.09,0.946,0.7362
g0304,2026-05-26,1015,-10.486,-18.246,-7.76,0.5739,0.0761
g0508,2026-05-26,17,-7.825,-13.236,-5.41,0.8937,0.38
g0404,2026-05-26,57,-10.758,-20.778,-10.02,0.3621,0.1772
g0602,2026-05-26,35,-6.295,-17.465,-11.17,0.2838,0.073
g0106,2026-05-26,63,-12.703,-21.666,-8.964,0.4506,0.1206
g0105,2026-05-26,23,-16.128,-21.928,-5.8,0.833,0.1337
g0601,2026-05-26,200,-13.747,-22.926,-9.179,0.4311,0.1722
g0709,2026-05-26,15,-6.493,-13.648,-7.154,0.6459,0.1432
g0809,2026-05-26,43,-11.176,-20.418,-9.242,0.4256,0.1167
g0001,2026-05-26,12,-11.939,-16.93,-4.992,0.9624,0.2821
g0006,2026-05-26,26,-10.938,-18.143,-7.205,0.6396,0.1016
g0807,2026-05-26,30,-9.392,-16.694,-7.303,0.6276,0.6413
g0305,2026-05-26,60,-11.726,-19.087,-7.361,0.6206,0.0902
g0801,2026-05-26,15,-10.55,-16.913,-6.364,0.7507,0.3661
g0900,2026-05-26,11,-9.127,-17.297,-8.169,0.5291,0.7232
g0800,2026-05-26,69,-10.501,-18.368,-7.867,0.5618,0.095
g0307,2026-05-26,47,-8.073,-14.601,-6.528,0.7279,0.5987
g0907,2026-05-26,15,-12.541,-20.037,-7.496,0.6044,0.1105
g0000,2026-05-26,38,-8.053,-12.824,-4.772,0.9999,0.6042
g0406,2026-05-26,8,-12.985,-15.832,-2.848,1.3669,0.2209
g0103,2026-05-26,14,-10.046,-18.373,-8.328,0.5126,0.185
g0606,2026-05-26,106,-11.306,-19.964,-8.657,0.4796,0.0846
g0802,2026-05-26,67,-11.528,-19.286,-7.758,0.5741,0.173
g0808,2026-05-26,35,-10.374,-16.356,-5.983,0.8056,0.5641
g0300,2026-05-26,9,-9.554,-18.365,-8.811,0.4649,0.1792
g0200,2026-05-26,1768,-4.478,-13.786,-9.308,0.4199,0.0708
g0500,2026-05-26,50,-12.178,-22.494,-10.317,0.3402,0.0826
g0507,2026-05-26,28,-2.096,-14.935,-12.839,0.1978,0.1283
g0901,2026-05-26,14,-11.832,-20.065,-8.233,0.5224,0.2319
g0705,2026-05-26,44,-10.554,-16.927,-6.374,0.7492,0.1059
g0306,2026-05-26,118,-9.544,-16.194,-6.65,0.7113,0.1327
g0503,2026-05-26,123,-10.792,-18.87,-8.078,0.5388,0.0886
g0403,2026-05-26,5,-10.108,-14.72,-4.612,1.0277,0.178
g0005,2026-05-26,13,-10.746,-19.371,-8.625,0.4828,0.0764
g0906,2026-05-26,13,-11.398,-19.543,-8.145,0.5316,0.1021
g0201,2026-05-26,6,-7.214,-12.941,-5.727,0.8442,0.6917
g0706,2026-05-26,77,-10.736,-19.687,-8.951,0.4518,0.0955
g0101,2026-05-26,23,-11.51,-18.018,-6.508,0.7306,0.4588
g0504,2026-05-26,47,-10.783,-20.835,-10.052,0.3597,0.1316
g0605,2026-05-26,69,-8.335,-15.278,-6.943,0.6727,0.4693
g0109,2026-05-26,21,-10.886,-17.683,-6.797,0.6917,0.3646
g0509,2026-05-26,25,-11.529,-21.893,-10.364,0.3368,0.1114
g0600,2026-05-26,143,-9.711,-17.059,-7.348,0.6221,0.1798
g0008,2026-05-26,47,-11.857,-16.181,-4.325,1.0791,0.1417
g0104,2026-05-26,14,-7.791,-13.34,-5.549,0.8717,0.7532
g0309,2026-05-26,39,-8.883,-15.876,-6.993,0.6663,0.6352
g0008,2026-06-07,47,-11.206,-17.473,-6.267,0.7642,0.1505
g0800,2026-06-07,69,-10.292,-18.72,-8.428,0.5023,0.0705
g0105,2026-06-07,23,-7.729,-13.858,-6.129,0.7841,0.068
g0801,2026-06-07,15,-9.872,-15.838,-5.966,0.8081,0.2384
g0204,2026-06-07,10,-7.899,-15.112,-7.214,0.6385,0.4658
g0802,2026-06-07,67,-10.699,-19.327,-8.628,0.4824,0.1536
g0803,2026-06-07,36,-5.168,-13.13,-7.962,0.5513,0.5951
g0806,2026-06-07,28,-8.017,-19.892,-11.874,0.2439,0.0941
g0205,2026-06-07,25,-9.25,-15.859,-6.609,0.7168,0.0939
g0007,2026-06-07,25,-12.674,-19.545,-6.872,0.6819,0.1126
g0903,2026-06-07,34,-10.703,-19.933,-9.23,0.4267,0.0693
g0909,2026-06-07,3,-8.113,-15.02,-6.907,0.6773,0.4757
g0104,2026-06-07,14,-9.247,-16.395,-7.148,0.6467,0.6428
g0103,2026-06-07,14,-10.789,-18.533,-7.743,0.5757,0.0845
g0808,2026-06-07,35,-10.181,-16.8,-6.619,0.7154,0.695
g0201,2026-06-07,6,-6.277,-14.863,-8.586,0.4866,0.7149
g0003,2026-06-07,8,-8.853,-16.434,-7.581,0.5945,0.4439
g0901,2026-06-07,14,-10.896,-18.316,-7.42,0.6134,0.5662
g0004,2026-06-07,9,-10.227,-14.067,-3.84,1.1692,0.3023
g0000,2026-06-07,38,-7.487,-12.51,-5.022,0.9573,0.6828
g0705,2026-06-07,44,-9.9,-17.997,-8.097,0.5368,0.0978
g0907,2026-06-07,15,-11.971,-18.835,-6.864,0.6829,0.1415
g0704,2026-06-07,78,-11.497,-19.665,-8.168,0.5292,0.136
g0200,2026-06-07,1768,-4.559,-14.165,-9.607,0.3947,0.0494
g0805,2026-06-07,77,-8.849,-19.55,-10.701,0.3137,0.1097
g0002,2026-06-07,60,-9.813,-17.929,-8.116,0.5348,0.1245
g0706,2026-06-07,77,-9.056,-18.784,-9.728,0.3848,0.0646
g0906,2026-06-07,13,-8.785,-18.84,-10.055,0.3594,0.2532
g0109,2026-06-07,21,-10.403,-15.544,-5.141,0.9375,0.448
g0202,2026-06-07,5,-12.918,-16.418,-3.501,1.2349,0.3324
g0101,2026-06-07,23,-10.739,-17.226,-6.487,0.7334,0.2516
g0100,2026-06-07,1296,-6.423,-12.949,-6.525,0.7282,0.0485
g0005,2026-06-07,13,-12.257,-19.114,-6.857,0.6838,0.0612
g0900,2026-06-07,11,-10.286,-18.157,-7.871,0.5614,0.7828
g0106,2026-06-07,63,-11.688,-18.551,-6.863,0.683,0.1154
g0902,2026-06-07,139,-10.666,-18.77,-8.104,0.536,0.0625
g0709,2026-06-07,15,-8.0,-15.332,-7.332,0.624,0.2619
g0809,2026-06-07,43,-5.432,-14.445,-9.013,0.446,0.3896
g0006,2026-06-07,26,-10.41,-18.121,-7.712,0.5793,0.0893
g0807,2026-06-07,30,-9.29,-16.432,-7.143,0.6473,0.3603
g0102,2026-06-07,24,-10.664,-18.019,-7.356,0.6212,0.2135
g0702,2026-06-07,24,-11.116,-15.185,-4.069,1.1261,0.2062
g0009,2026-06-07,6,-12.114,-18.564,-6.45,0.7386,0.6555
g0708,2026-06-07,36,-9.062,-15.957,-6.895,0.6789,0.5412
g0804,2026-06-07,3,-7.225,-12.522,-5.297,0.912,0.6567
g0108,2026-06-07,13,-11.563,-16.595,-5.032,0.9557,0.2737
g0707,2026-06-07,70,-4.825,-18.656,-13.83,0.159,0.1708
g0703,2026-06-07,28,-5.044,-15.535,-10.491,0.3279,0.1205
g0107,2026-06-07,13,-7.191,-15.067,-7.876,0.5609,0.6242
g0203,2026-06-07,26,-11.892,-20.985,-9.093,0.4388,0.167
g0701,2026-06-07,69,-10.361,-20.513,-10.152,0.3522,0.0572
g0309,2026-06-07,39,-7.891,-14.511,-6.621,0.7152,0.9291
g0407,2026-06-07,11,-10.624,-18.134,-7.51,0.6028,0.0586
g0409,2026-06-07,41,-8.079,-14.717,-6.638,0.7129,0.9188
g0308,2026-06-07,39,-8.969,-16.849,-7.879,0.5605,0.087
g0609,2026-06-07,59,-7.774,-17.286,-9.513,0.4025,0.1095
g0207,2026-06-07,11,-11.931,-18.069,-6.138,0.7828,0.1434
g0305,2026-06-07,60,-8.369,-17.156,-8.787,0.4671,0.0582
g0601,2026-06-07,200,-13.836,-22.99,-9.154,0.4334,0.1543
g0507,2026-06-07,28,-3.629,-14.618,-10.989,0.2951,0.1103
g0406,2026-06-07,8,-11.292,-17.911,-6.619,0.7154,0.2489
g0500,2026-06-07,50,-11.03,-21.135,-10.105,0.3557,0.0651
g0608,2026-06-07,30,-9.053,-19.894,-10.841,0.3045,0.0576
g0304,2026-06-07,1015,-10.103,-17.842,-7.738,0.5763,0.0556
g0602,2026-06-07,35,-7.063,-17.338,-10.274,0.3433,0.0526
g0300,2026-06-07,9,-8.374,-18.228,-9.854,0.3749,0.5263
g0208,2026-06-07,24,-9.361,-17.967,-8.607,0.4845,0.2349
g0905,2026-06-07,134,-12.246,-20.697,-8.451,0.5,0.1124
g0908,2026-06-07,52,-10.906,-18.555,-7.649,0.5865,0.2247
g0302,2026-06-07,4,-8.185,-16.512,-8.327,0.5126,0.4483
g0404,2026-06-07,57,-10.374,-19.75,-9.376,0.414,0.1773
g0502,2026-06-07,39,-11.615,-17.967,-6.352,0.7523,0.0786
g0209,2026-06-07,6,-8.98,-16.024,-7.045,0.6597,0.2321
g0400,2026-06-07,22,-8.153,-16.539,-8.386,0.5066,0.0776
g0607,2026-06-07,5,-7.01,-15.179,-8.169,0.5291,0.4706
g0904,2026-06-07,17,-7.414,-14.51,-7.096,0.6532,0.166
g0606,2026-06-07,106,-11.467,-20.664,-9.197,0.4295,0.0544
g0303,2026-06-07,278,-11.971,-20.622,-8.651,0.4802,0.0549
g0501,2026-06-07,4,-4.743,-13.612,-8.868,0.4594,0.5604
g0405,2026-06-07,374,-9.134,-17.751,-8.617,0.4835,0.0568
g0505,2026-06-07,70,-8.12,-17.865,-9.745,0.3835,0.06
g0504,2026-06-07,47,-12.946,-19.744,-6.798,0.6916,0.1234
g0402,2026-06-07,39,-10.901,-18.638,-7.738,0.5764,0.13
g0603,2026-06-07,8,-10.963,-15.363,-4.4,1.0655,0.1436
g0508,2026-06-07,17,-6.882,-16.306,-9.425,0.4099,0.2895
g0604,2026-06-07,217,-2.248,-19.64,-17.392,0.0716,0.0814
g0206,2026-06-07,15,-12.384,-16.974,-4.59,1.0316,0.5316
g0509,2026-06-07,25,-10.697,-19.623,-8.926,0.454,0.2356
g0503,2026-06-07,123,-10.566,-17.978,-7.413,0.6143,0.0585
g0605,2026-06-07,69,-7.963,-15.429,-7.466,0.6079,0.6274
g0307,2026-06-07,47,-9.696,-17.275,-7.579,0.5946,0.1853
g0600,2026-06-07,143,-9.1,-18.134,-9.034,0.4441,0.0695
g0700,2026-06-07,20,-7.954,-13.772,-5.817,0.8304,0.5912
g0001,2026-06-07,12,-8.457,-15.11,-6.652,0.711,0.4954
g0306,2026-06-07,118,-9.33,-16.287,-6.957,0.6709,0.2674
g0408,2026-06-07,31,-5.711,-13.508,-7.797,0.5697,0.56
g0301,2026-06-07,50,-10.333,-16.368,-6.035,0.7978,0.5381
g0403,2026-06-07,5,-9.648,-15.993,-6.344,0.7534,0.5934
g0604,2026-06-26,217,-3.774,-16.406,-12.632,0.2069,0.4812
g0008,2026-06-26,47,-12.178,-17.194,-5.016,0.9584,0.086
g0402,2026-06-26,39,-10.616,-18.958,-8.342,0.5111,0.0943
g0707,2026-06-26,70,-8.658,-16.27,-7.612,0.5909,0.6449
g0906,2026-06-26,13,-8.967,-19.425,-10.458,0.3302,0.8543
g0002,2026-06-26,60,-8.517,-12.731,-4.215,1.0992,0.7384
g0807,2026-06-26,30,-8.796,-16.443,-7.646,0.5868,0.7381
g0301,2026-06-26,50,-10.869,-16.775,-5.907,0.8169,0.3647
g0306,2026-06-26,118,-8.412,-14.414,-6.002,0.8027,0.7864
g0504,2026-06-26,47,-10.443,-17.905,-7.462,0.6084,0.079
g0105,2026-06-26,23,-8.882,-18.692,-9.81,0.3783,0.0222
g0601,2026-06-26,200,-9.598,-17.78,-8.182,0.5277,0.0574
g0305,2026-06-26,60,-11.072,-17.193,-6.121,0.7854,0.0443
g0308,2026-06-26,39,-8.032,-15.237,-7.205,0.6396,0.3505
g0801,2026-06-26,15,-12.967,-21.68,-8.714,0.4741,0.1107
g0102,2026-06-26,24,-10.465,-18.793,-8.328,0.5125,0.5489
g0804,2026-06-26,3,-7.464,-11.934,-4.471,1.0528,0.7977
g0803,2026-06-26,36,-7.926,-15.004,-7.078,0.6554,0.9848
g0104,2026-06-26,14,-12.438,-16.24,-3.802,1.1765,0.4345
g0600,2026-06-26,143,-9.795,-20.908,-11.113,0.2873,0.0134
g0905,2026-06-26,134,-10.658,-17.754,-7.096,0.6531,0.0909
g0307,2026-06-26,47,-3.56,-17.214,-13.654,0.1653,0.1725
g0802,2026-06-26,67,-10.667,-17.838,-7.171,0.6437,0.2082
g0509,2026-06-26,25,-8.757,-16.132,-7.375,0.6188,0.9306
g0103,2026-06-26,14,-12.502,-20.226,-7.724,0.5779,0.0538
g0908,2026-06-26,52,-11.63,-18.069,-6.439,0.7401,0.1945
g0302,2026-06-26,4,-8.325,-14.462,-6.137,0.783,0.5956
g0800,2026-06-26,69,-10.419,-18.063,-7.644,0.5871,0.0409
g0507,2026-06-26,28,-2.979,-15.258,-12.279,0.2235,0.1026
g0009,2026-06-26,6,-11.284,-18.801,-7.517,0.6019,0.6884
g0708,2026-06-26,36,-10.894,-16.337,-5.442,0.8886,0.8897
g0806,2026-06-26,28,-8.604,-15.148,-6.544,0.7257,0.4709
g0400,2026-06-26,22,-11.518,-21.457,-9.939,0.3683,0.0712
g0107,2026-06-26,13,-10.309,-15.652,-5.343,0.9045,0.8117
g0603,2026-06-26,8,-9.275,-17.217,-7.942,0.5536,0.1057
g0303,2026-06-26,278,-10.662,-22.042,-11.379,0.2714,0.241
g0101,2026-06-26,23,-11.943,-17.662,-5.719,0.8454,0.0342
g0505,2026-06-26,70,-11.417,-20.671,-9.254,0.4245,0.0041
g0001,2026-06-26,12,-7.575,-12.638,-5.064,0.9504,0.9655
g0709,2026-06-26,15,-8.955,-12.669,-3.714,1.1933,0.903
g0805,2026-06-26,77,-9.443,-16.811,-7.369,0.6196,0.0571
g0309,2026-06-26,39,-10.216,-19.683,-9.467,0.4063,0.0533
g0106,2026-06-26,63,-12.078,-20.842,-8.764,0.4693,0.0614
g0602,2026-06-26,35,-9.94,-20.153,-10.213,0.3478,0.0113
g0304,2026-06-26,1015,-9.23,-18.751,-9.521,0.4018,0.039
g0100,2026-06-26,1296,-6.973,-13.467,-6.493,0.7326,0.001
g0109,2026-06-26,21,-9.195,-15.063,-5.868,0.8227,0.7509
g0605,2026-06-26,69,-9.065,-15.088,-6.023,0.7996,0.7855
g0202,2026-06-26,5,-10.377,-17.281,-6.904,0.6777,0.3661
g0406,2026-06-26,8,-12.047,-16.986,-4.939,0.9714,0.2665
g0907,2026-06-26,15,-11.291,-17.658,-6.367,0.7502,0.5627
g0205,2026-06-26,25,-10.372,-17.7,-7.328,0.6245,0.2237
g0000,2026-06-26,38,-7.06,-12.548,-5.488,0.8814,0.8274
g0704,2026-06-26,78,-8.339,-16.155,-7.817,0.5675,0.5563
g0606,2026-06-26,106,-13.115,-19.615,-6.501,0.7316,0.0693
g0502,2026-06-26,39,-9.034,-16.88,-7.846,0.5642,0.0425
g0005,2026-06-26,13,-11.152,-20.395,-9.243,0.4255,0.0504
g0705,2026-06-26,44,-6.173,-18.968,-12.794,0.1997,0.1077
g0501,2026-06-26,4,-9.191,-16.538,-7.347,0.6222,0.7548
g0404,2026-06-26,57,-9.653,-17.872,-8.218,0.5239,0.0535
g0200,2026-06-26,1768,-4.86,-14.804,-9.944,0.3679,0.0053
g0701,2026-06-26,69,-10.863,-18.62,-7.757,0.5742,0.0317
g0208,2026-06-26,24,-9.163,-14.788,-5.625,0.86,0.7014
g0408,2026-06-26,31,-8.986,-14.316,-5.33,0.9066,0.6091
g0809,2026-06-26,43,-8.026,-15.023,-6.997,0.6657,0.9334
g0203,2026-06-26,26,-11.22,-16.77,-5.55,0.8716,0.327
g0700,2026-06-26,20,-8.389,-13.926,-5.537,0.8737,0.8435
g0003,2026-06-26,8,-7.75,-14.42,-6.67,0.7086,0.3979
g0608,2026-06-26,30,-13.877,-22.389,-8.512,0.4939,0.0468
g0209,2026-06-26,6,-8.509,-15.216,-6.708,0.7035,0.6683
g0901,2026-06-26,14,-11.952,-17.794,-5.843,0.8266,0.6229
g0201,2026-06-26,6,-3.877,-14.127,-10.249,0.3451,0.7907
g0006,2026-06-26,26,-12.249,-21.135,-8.886,0.4578,0.1612
g0607,2026-06-26,5,-10.101,-18.25,-8.149,0.5313,0.2965
g0808,2026-06-26,35,-9.02,-16.511,-7.491,0.605,0.8029
g0206,2026-06-26,15,-9.757,-17.103,-7.346,0.6224,0.9384
g0503,2026-06-26,123,-9.167,-17.574,-8.406,0.5045,0.0799
g0909,2026-06-26,3,-8.899,-15.685,-6.787,0.693,0.4263
g0706,2026-06-26,77,-8.164,-16.678,-8.513,0.4937,0.0476
g0403,2026-06-26,5,-10.444,-13.894,-3.45,1.2448,0.8831
g0204,2026-06-26,10,-12.549,-16.504,-3.955,1.1475,0.8194
g0902,2026-06-26,139,-10.024,-18.35,-8.327,0.5126,0.105
g0409,2026-06-26,41,-12.574,-19.799,-7.226,0.637,0.0497
g0300,2026-06-26,9,-7.393,-17.757,-10.364,0.3369,0.8398
g0500,2026-06-26,50,-13.66,-20.933,-7.273,0.6312,0.0454
g0407,2026-06-26,11,-9.868,-19.864,-9.996,0.3639,0.0284
g0004,2026-06-26,9,-7.443,-18.814,-11.371,0.2719,0.45
g0904,2026-06-26,17,-9.288,-15.617,-6.329,0.7555,0.1686
g0405,2026-06-26,374,-10.244,-20.659,-10.415,0.3332,0.0582
g0702,2026-06-26,24,-8.685,-15.606,-6.92,0.6756,0.3372
g0903,2026-06-26,34,-11.796,-19.908,-8.112,0.5352,0.0504
g0609,2026-06-26,59,-10.069,-18.526,-8.457,0.4994,0.0939
g0207,2026-06-26,11,-12.114,-20.412,-8.298,0.5156,0.1564
g0703,2026-07-08,28,-11.314,-18.139,-6.825,0.688,0.3126
g0503,2026-07-08,123,-12.202,-19.512,-7.31,0.6266,0.0825
g0500,2026-07-08,50,-14.325,-22.587,-8.262,0.5193,0.0608
g0602,2026-07-08,35,-9.387,-18.601,-9.214,0.4281,0.0343
g0407,2026-07-08,11,-10.268,-18.645,-8.378,0.5074,0.0774
g0600,2026-07-08,143,-10.692,-19.075,-8.383,0.5069,0.1747
g0608,2026-07-08,30,-12.274,-19.191,-6.917,0.676,0.1217
g0005,2026-07-08,13,-10.532,-21.719,-11.187,0.2828,0.1011
g0304,2026-07-08,1015,-8.721,-18.334,-9.613,0.3942,0.0687
g0805,2026-07-08,77,-9.907,-18.216,-8.309,0.5144,0.1498
g0202,2026-07-08,5,-10.366,-14.809,-4.444,1.0576,0.335
g0106,2026-07-08,63,-13.521,-21.778,-8.257,0.5199,0.1052
g0309,2026-07-08,39,-9.255,-19.741,-10.486,0.3283,0.0871
g0701,2026-07-08,69,-13.012,-21.275,-8.263,0.5193,0.1552
g0801,2026-07-08,15,-10.824,-22.726,-11.903,0.2425,0.12
g0902,2026-07-08,139,-9.639,-17.034,-7.395,0.6164,0.2976
g0508,2026-07-08,17,-7.328,-17.197,-9.869,0.3737,0.1231
g0204,2026-07-08,10,-9.679,-15.882,-6.203,0.7734,0.5886
g0609,2026-07-08,59,-12.425,-19.058,-6.634,0.7135,0.2331
g0409,2026-07-08,41,-11.381,-18.432,-7.05,0.6589,0.2409
g0308,2026-07-08,39,-8.367,-17.456,-9.089,0.4392,0.1724
g0305,2026-07-08,60,-9.077,-19.044,-9.967,0.3662,0.0868
g0702,2026-07-08,24,-8.478,-15.28,-6.802,0.6911,0.3887
g0803,2026-07-08,36,-8.553,-13.199,-4.646,1.0218,0.8004
g0406,2026-07-08,8,-11.191,-20.277,-9.086,0.4395,0.2823
g0901,2026-07-08,14,-13.289,-19.416,-6.127,0.7844,0.1353
g0105,2026-07-08,23,-8.825,-18.13,-9.305,0.4201,0.0545
g0207,2026-07-08,11,-10.732,-18.736,-8.005,0.5467,0.1182
g0601,2026-07-08,200,-13.596,-23.868,-10.272,0.3435,0.1786
g0804,2026-07-08,3,-9.24,-11.995,-2.755,1.386,0.7048
g0004,2026-07-08,9,-8.406,-15.223,-6.817,0.689,0.5404
g0001,2026-07-08,12,-7.346,-15.621,-8.275,0.518,0.3399
g0003,2026-07-08,8,-9.902,-16.129,-6.227,0.77,0.4249
g0101,2026-07-08,23,-10.811,-18.326,-7.515,0.6022,0.1046
g0104,2026-07-08,14,-10.517,-15.91,-5.393,0.8964,0.7369
g0909,2026-07-08,3,-8.075,-15.376,-7.301,0.6278,0.4422
g0203,2026-07-08,26,-10.583,-17.273,-6.69,0.7059,0.3293
g0507,2026-07-08,28,-3.127,-15.862,-12.735,0.2023,0.1285
g0907,2026-07-08,15,-11.606,-17.7,-6.094,0.7893,0.6277
g0800,2026-07-08,69,-10.343,-18.047,-7.704,0.5802,0.0739
g0405,2026-07-08,374,-9.749,-19.405,-9.656,0.3907,0.1634
g0208,2026-07-08,24,-7.361,-14.776,-7.415,0.614,0.6593
g0709,2026-07-08,15,-7.156,-12.222,-5.066,0.9499,0.7327
g0404,2026-07-08,57,-9.387,-16.774,-7.387,0.6174,0.1047
g0606,2026-07-08,106,-8.433,-17.202,-8.769,0.4688,0.1628
g0705,2026-07-08,44,-7.732,-16.283,-8.551,0.49,0.3069
g0502,2026-07-08,39,-9.262,-17.59,-8.329,0.5125,0.1439
g0108,2026-07-08,13,-8.881,-19.172,-10.292,0.342,0.1694
g0604,2026-07-08,217,-4.918,-12.515,-7.598,0.5925,0.6982
g0200,2026-07-08,1768,-5.125,-14.841,-9.716,0.3859,0.0452
g0402,2026-07-08,39,-11.924,-20.486,-8.562,0.4889,0.1414
g0205,2026-07-08,25,-9.431,-19.682,-10.251,0.345,0.4706
g0707,2026-07-08,70,-7.368,-14.207,-6.839,0.6861,0.7801
g0300,2026-07-08,9,-10.048,-16.718,-6.67,0.7086,0.2274
g0802,2026-07-08,67,-11.525,-18.388,-6.863,0.683,0.2454
g0007,2026-07-08,25,-9.963,-14.76,-4.797,0.9956,0.6454
g0807,2026-07-08,30,-9.055,-14.563,-5.508,0.8782,0.6836
g0509,2026-07-08,25,-7.893,-15.676,-7.782,0.5713,0.7912
g0002,2026-07-08,60,-8.434,-15.44,-7.006,0.6646,0.6726
g0903,2026-07-08,34,-8.902,-19.506,-10.604,0.3202,0.1225
g0008,2026-07-08,47,-12.106,-18.193,-6.087,0.7903,0.1341
g0808,2026-07-08,35,-10.072,-16.464,-6.392,0.7467,0.6757
g0301,2026-07-08,50,-11.088,-16.402,-5.313,0.9093,0.3477
g0403,2026-07-08,5,-8.164,-14.641,-6.476,0.7349,0.3753
g0706,2026-07-08,77,-12.638,-17.687,-5.049,0.9527,0.2693
g0605,2026-07-08,69,-7.329,-14.321,-6.992,0.6664,0.6698
g0103,2026-07-08,14,-6.391,-18.497,-12.106,0.232,0.1666
g0109,2026-07-08,21,-10.06,-18.046,-7.985,0.5489,0.2898
g0906,2026-07-08,13,-6.622,-17.355,-10.733,0.3116,0.7801
g0504,2026-07-08,47,-10.95,-18.337,-7.387,0.6174,0.1616
g0302,2026-07-08,4,-8.263,-14.718,-6.455,0.7378,0.5405
g0904,2026-07-08,17,-8.99,-15.992,-7.002,0.6651,0.1304
g0206,2026-07-08,15,-10.443,-16.592,-6.149,0.7813,0.7597
g0100,2026-07-08,1296,-7.307,-13.484,-6.177,0.7772,0.0473
g0900,2026-07-08,11,-10.452,-17.114,-6.661,0.7098,0.342
g0306,2026-07-08,118,-8.308,-13.835,-5.527,0.8752,0.791
g0505,2026-07-08,70,-12.667,-21.013,-8.346,0.5107,0.1154
g0102,2026-07-08,24,-10.765,-18.502,-7.738,0.5764,0.5968
g0303,2026-07-08,278,-6.577,-19.243,-12.666,0.2054,0.3573
g0607,2026-07-08,5,-11.285,-16.345,-5.06,0.9509,0.4301
g0704,2026-07-08,78,-7.815,-13.806,-5.991,0.8044,0.7284
g0501,2026-07-08,4,-9.915,-18.23,-8.316,0.5138,0.5933
g0809,2026-07-08,43,-8.897,-15.163,-6.266,0.7644,0.7138
g0107,2026-07-08,13,-10.411,-21.641,-11.23,0.2803,0.1673
g0006,2026-07-08,26,-15.875,-21.626,-5.752,0.8404,0.2289
g0000,2026-07-08,38,-6.917,-12.711,-5.795,0.8338,0.6393
g0603,2026-07-08,8,-11.246,-16.217,-4.971,0.9658,0.3136
g0400,2026-07-08,22,-9.561,-17.669,-8.108,0.5355,0.1044
g0408,2026-07-08,31,-9.155,-15.106,-5.951,0.8103,0.611
g0201,2026-07-08,6,-5.505,-11.891,-6.386,0.7475,0.6495
g0806,2026-07-08,28,-8.982,-16.088,-7.106,0.6519,0.6291
g0708,2026-07-08,36,-10.413,-15.293,-4.88,0.9813,0.7591
g0209,2026-07-08,6,-9.898,-15.519,-5.621,0.8605,0.7089
g0307,2026-07-08,47,-5.242,-14.904,-9.662,0.3902,0.5361
g0009,2026-07-08,6,-9.851,-16.519,-6.667,0.7089,0.6601
g0905,2026-07-08,134,-9.116,-18.333,-9.217,0.4278,0.2078
g0908,2026-07-08,52,-11.497,-17.036,-5.539,0.8734,0.2288
g0700,2026-07-08,20,-7.796,-13.231,-5.435,0.8899,0.5154
g0007,2026-08-13,25,-7.766,-13.72,-5.954,0.8098,0.1386
g0300,2026-08-13,9,-7.656,-12.427,-4.77,1.0002,0.6461
g0203,2026-08-13,26,-7.719,-14.177,-6.458,0.7375,0.6566
g0202,2026-08-13,5,-10.377,-19.912,-9.535,0.4006,0.4606
g0808,2026-08-13,35,-7.778,-14.677,-6.899,0.6784,0.8297
g0703,2026-08-13,28,-7.811,-12.553,-4.741,1.0052,0.8633
g0405,2026-08-13,374,-6.62,-13.538,-6.918,0.6759,0.9032
g0006,2026-08-13,26,-9.192,-16.031,-6.839,0.6861,0.8543
g0004,2026-08-13,9,-9.939,-14.606,-4.667,1.0181,0.8661
g0901,2026-08-13,14,-9.812,-16.888,-7.076,0.6556,0.4633
g0809,2026-08-13,43,-10.411,-17.604,-7.192,0.6411,0.4469
g0904,2026-08-13,17,-8.697,-16.052,-7.355,0.6212,0.2819
g0201,2026-08-13,6,-5.521,-13.722,-8.201,0.5257,0.802
g0209,2026-08-13,6,-8.432,-13.614,-5.183,0.9307,0.5273
g0404,2026-08-13,57,-8.405,-13.669,-5.264,0.9173,0.6894
g0207,2026-08-13,11,-7.959,-12.804,-4.845,0.9873,0.5137
g0002,2026-08-13,60,-7.645,-12.307,-4.662,1.019,0.7782
g0606,2026-08-13,106,-6.444,-12.805,-6.361,0.751,0.4453
g0000,2026-08-13,38,-6.636,-11.448,-4.813,0.9929,0.7399
g0501,2026-08-13,4,-6.281,-16.507,-10.226,0.3468,0.5349
g0704,2026-08-13,78,-7.232,-12.96,-5.728,0.844,0.7588
g0705,2026-08-13,44,-7.85,-13.805,-5.955,0.8097,0.8444
g0200,2026-08-13,1768,-3.414,-14.248,-10.834,0.3049,0.0951
g0607,2026-08-13,5,-6.57,-13.988,-7.418,0.6137,0.7954
g0907,2026-08-13,15,-8.135,-14.798,-6.663,0.7096,0.674
g0208,2026-08-13,24,-7.812,-12.937,-5.124,0.9402,0.5537
g0502,2026-08-13,39,-7.995,-14.732,-6.737,0.6997,0.8659
g0906,2026-08-13,13,-8.781,-12.919,-4.138,1.1133,0.675
g0900,2026-08-13,11,-8.673,-13.451,-4.779,0.9987,0.7634
g0403,2026-08-13,5,-6.153,-15.251,-9.097,0.4385,0.7713
g0005,2026-08-13,13,-6.24,-15.255,-9.015,0.4459,0.1968
g0608,2026-08-13,30,-9.64,-18.18,-8.54,0.4911,0.1442
g0103,2026-08-13,14,-5.211,-13.626,-8.415,0.5037,0.7601
g0605,2026-08-13,69,-5.806,-12.842,-7.036,0.6608,0.8021
g0800,2026-08-13,69,-8.128,-16.657,-8.529,0.4922,0.3455
g0903,2026-08-13,34,-7.17,-13.236,-6.065,0.7935,0.6275
g0101,2026-08-13,23,-9.64,-14.923,-5.283,0.9142,0.1868
g0601,2026-08-13,200,-8.043,-16.217,-8.174,0.5286,0.8466
g0507,2026-08-13,28,-0.152,-14.257,-14.105,0.1496,0.2142
g0701,2026-08-13,69,-8.635,-15.586,-6.951,0.6716,0.7813
g0304,2026-08-13,1015,-8.685,-17.383,-8.699,0.4756,0.0703
g0106,2026-08-13,63,-7.969,-12.33,-4.361,1.0726,0.8213
g0309,2026-08-13,39,-7.329,-16.447,-9.118,0.4366,0.4826
g0206,2026-08-13,15,-6.23,-15.552,-9.321,0.4187,0.2202
g0709,2026-08-13,15,-6.464,-13.295,-6.831,0.6872,0.4971
g0805,2026-08-13,77,-7.388,-15.969,-8.581,0.487,0.0959
g0003,2026-08-13,8,-8.646,-14.149,-5.504,0.8789,0.6939
g0100,2026-08-13,1296,-6.123,-13.122,-6.999,0.6655,0.0894
g0804,2026-08-13,3,-7.782,-10.041,-2.259,1.4913,0.8134
g0602,2026-08-13,35,-7.251,-16.817,-9.565,0.3981,0.7413
g0407,2026-08-13,11,-13.63,-20.279,-6.649,0.7114,0.139
g0308,2026-08-13,39,-8.074,-16.163,-8.089,0.5377,0.4043
g0509,2026-08-13,25,-7.161,-14.267,-7.107,0.6518,0.8148
g0205,2026-08-13,25,-7.563,-13.276,-5.712,0.8464,0.7886
g0802,2026-08-13,67,-8.068,-13.792,-5.724,0.8446,0.6242
g0306,2026-08-13,118,-6.59,-13.074,-6.484,0.734,0.8096
g0307,2026-08-13,47,-6.923,-12.868,-5.945,0.8113,0.8106
g0700,2026-08-13,20,-8.821,-16.452,-7.63,0.5887,0.1173
g0104,2026-08-13,14,-7.599,-13.212,-5.614,0.8617,0.627
g0803,2026-08-13,36,-2.966,-15.956,-12.989,0.1914,0.1825
g0508,2026-08-13,17,-7.883,-15.506,-7.623,0.5896,0.3235
g0102,2026-08-13,24,-9.346,-16.475,-7.129,0.649,0.4597
g0600,2026-08-13,143,-8.784,-14.524,-5.741,0.8421,0.8915
g0801,2026-08-13,15,-8.167,-16.952,-8.785,0.4673,0.2235
g0408,2026-08-13,31,-8.728,-13.727,-4.999,0.9611,0.7559
g0001,2026-08-13,12,-5.822,-18.317,-12.496,0.2132,0.716
g0305,2026-08-13,60,-7.01,-16.678,-9.668,0.3897,0.6356
g0105,2026-08-13,23,-4.413,-14.478,-10.065,0.3587,0.1561
g0905,2026-08-13,134,-8.403,-13.954,-5.551,0.8714,0.6153
g0500,2026-08-13,50,-10.408,-20.206,-9.797,0.3794,0.0854
g0204,2026-08-13,10,-10.69,-15.178,-4.488,1.0497,0.6259
g0807,2026-08-13,30,-9.03,-13.463,-4.433,1.0595,0.4105
g0301,2026-08-13,50,-8.289,-13.382,-5.093,0.9455,0.7712
g0604,2026-08-13,217,-6.482,-13.174,-6.691,0.7057,0.7835
g0008,2026-08-13,47,-9.892,-15.525,-5.633,0.8586,0.218
g0908,2026-08-13,52,-9.336,-15.614,-6.277,0.7628,0.3401
g0108,2026-08-13,13,-7.628,-13.431,-5.803,0.8325,0.8673
g0707,2026-08-13,70,-6.963,-13.334,-6.371,0.7496,0.8183
g0302,2026-08-13,4,-6.742,-14.091,-7.349,0.6219,0.7839
g0504,2026-08-13,47,-7.927,-16.521,-8.595,0.4857,0.2406
g0609,2026-08-13,59,-6.897,-13.322,-6.424,0.7421,0.3634
g0409,2026-08-13,41,-10.543,-18.225,-7.682,0.5827,0.1529
g0009,2026-08-13,6,-7.731,-12.761,-5.03,0.9559,0.7408
g0909,2026-08-13,3,-9.29,-14.211,-4.921,0.9744,0.6065
g0806,2026-08-13,28,-7.25,-13.081,-5.831,0.8284,0.7656
g0505,2026-08-13,70,-6.559,-14.259,-7.699,0.5807,0.8496
g0706,2026-08-13,77,-8.432,-14.997,-6.565,0.7228,0.7952
g0109,2026-08-13,21,-8.756,-16.312,-7.556,0.5973,0.2745
g0503,2026-08-13,123,-7.511,-14.043,-6.532,0.7273,0.6891
g0603,2026-08-13,8,1.079,-17.327,-18.406,0.0569,0.8081
g0107,2026-08-13,13,-5.501,-13.342,-7.841,0.5647,0.8299
g0303,2026-08-13,278,-6.639,-15.943,-9.304,0.4202,0.8263
g0902,2026-08-13,139,-7.429,-15.387,-7.958,0.5518,0.6592
g0406,2026-08-13,8,-9.168,-17.122,-7.955,0.5522,0.3929
g0400,2026-08-13,22,-4.653,-14.392,-9.739,0.384,0.5299
g0708,2026-08-13,36,-10.712,-15.695,-4.983,0.9639,0.5581
g0402,2026-08-13,39,-6.808,-16.8,-9.991,0.3643,0.3805
g0205,2026-08-25,25,-8.2,-14.198,-5.998,0.8033,0.6921
g0207,2026-08-25,11,-9.988,-17.024,-7.036,0.6607,0.1666
g0204,2026-08-25,10,-10.908,-19.048,-8.139,0.5323,0.165
g0702,2026-08-25,24,-8.096,-14.562,-6.465,0.7365,0.2405
g0406,2026-08-25,8,-8.766,-16.324,-7.558,0.5971,0.3547
g0407,2026-08-25,11,-11.033,-19.012,-7.979,0.5495,0.223
g0206,2026-08-25,15,-14.086,-21.435,-7.35,0.6219,0.1189
g0408,2026-08-25,31,-11.102,-14.94,-3.838,1.1697,0.631
g0004,2026-08-25,9,-9.304,-15.199,-5.895,0.8187,0.7711
g0202,2026-08-25,5,-10.486,-20.501,-10.015,0.3625,0.4898
g0608,2026-08-25,30,-8.198,-14.841,-6.643,0.7122,0.338
g0203,2026-08-25,26,-10.219,-15.763,-5.544,0.8725,0.1188
g0609,2026-08-25,59,-10.643,-16.911,-6.268,0.7642,0.2707
g0701,2026-08-25,69,-8.713,-15.815,-7.101,0.6525,0.72
g0901,2026-08-25,14,-10.845,-18.854,-8.009,0.5463,0.1186
g0902,2026-08-25,139,-9.397,-13.828,-4.431,1.0598,0.6657
g0002,2026-08-25,60,-8.039,-14.988,-6.948,0.672,0.6396
g0906,2026-08-25,13,-7.954,-14.87,-6.916,0.6762,0.6502
g0409,2026-08-25,41,-9.879,-16.064,-6.185,0.776,0.321
g0003,2026-08-25,8,-8.535,-16.276,-7.741,0.5761,0.6198
g0405,2026-08-25,374,-6.545,-12.761,-6.217,0.7715,0.7585
g0001,2026-08-25,12,-8.768,-14.454,-5.686,0.8504,0.7398
g0304,2026-08-25,1015,-9.808,-18.774,-8.965,0.4504,0.0932
g0309,2026-08-25,39,-9.674,-14.747,-5.073,0.9488,0.6372
g0106,2026-08-25,63,-8.857,-13.586,-4.729,1.0074,0.7373
g0805,2026-08-25,77,-5.101,-20.937,-15.835,0.1017,0.1061
g0100,2026-08-25,1296,-6.741,-13.204,-6.462,0.7369,0.1016
g0601,2026-08-25,200,-9.243,-16.012,-6.769,0.6953,0.7533
g0602,2026-08-25,35,-9.64,-14.895,-5.255,0.9189,0.7371
g0905,2026-08-25,134,-9.309,-15.111,-5.802,0.8328,0.5287
g0303,2026-08-25,278,-7.835,-15.054,-7.219,0.6379,0.6997
g0708,2026-08-25,36,-9.452,-15.852,-6.4,0.7456,0.6363
g0806,2026-08-25,28,-8.289,-16.042,-7.753,0.5746,0.3507
g0400,2026-08-25,22,-8.033,-13.413,-5.379,0.8987,0.5312
g0603,2026-08-25,8,-0.939,-16.227,-15.288,0.115,0.7682
g0009,2026-08-25,6,-7.73,-14.151,-6.42,0.7427,0.6373
g0505,2026-08-25,70,-6.911,-14.123,-7.212,0.6387,0.7537
g0101,2026-08-25,23,-9.127,-16.831,-7.704,0.5802,0.2205
g0800,2026-08-25,69,-8.742,-15.077,-6.335,0.7547,0.4597
g0103,2026-08-25,14,-9.134,-13.717,-4.583,1.0328,0.6887
g0509,2026-08-25,25,-10.077,-14.774,-4.697,1.0128,0.5132
g0802,2026-08-25,67,-9.957,-15.094,-5.136,0.9383,0.4828
g0306,2026-08-25,118,-9.072,-15.207,-6.135,0.7833,0.666
g0307,2026-08-25,47,-6.707,-13.538,-6.831,0.6872,0.7184
g0700,2026-08-25,20,-11.206,-18.154,-6.949,0.6719,0.1093
g0507,2026-08-25,28,-2.894,-15.002,-12.108,0.2319,0.2154
g0803,2026-08-25,36,-3.145,-18.077,-14.932,0.1245,0.1998
g0102,2026-08-25,24,-8.655,-16.367,-7.712,0.5793,0.1707
g0801,2026-08-25,15,-6.371,-16.333,-9.962,0.3666,0.2635
g0600,2026-08-25,143,-9.373,-15.991,-6.617,0.7157,0.8164
g0305,2026-08-25,60,-10.458,-16.507,-6.05,0.7957,0.6898
g0308,2026-08-25,39,-8.126,-15.955,-7.829,0.5661,0.5907
g0105,2026-08-25,23,-8.537,-18.57,-10.033,0.3611,0.0886
g0804,2026-08-25,3,-6.28,-11.864,-5.584,0.8663,0.7169
g0508,2026-08-25,17,-6.608,-16.957,-10.349,0.3379,0.4649
g0500,2026-08-25,50,-12.204,-20.229,-8.024,0.5446,0.1311
g0903,2026-08-25,34,-7.905,-11.765,-3.86,1.1655,0.688
g0107,2026-08-25,13,-10.136,-18.123,-7.988,0.5486,0.401
g0705,2026-08-25,44,-9.85,-13.863,-4.013,1.1366,0.6882
g0200,2026-08-25,1768,-4.859,-14.745,-9.886,0.3724,0.0991
g0809,2026-08-25,43,-7.318,-14.66,-7.342,0.6228,0.4291
g0006,2026-08-25,26,-13.395,-18.527,-5.132,0.939,0.7674
g0208,2026-08-25,24,-10.683,-15.531,-4.848,0.9868,0.4707
g0704,2026-08-25,78,-8.253,-13.39,-5.137,0.9382,0.6118
g0502,2026-08-25,39,-10.653,-16.001,-5.348,0.9037,0.8013
g0404,2026-08-25,57,-9.955,-18.102,-8.147,0.5314,0.138
g0607,2026-08-25,5,-6.7,-14.4,-7.7,0.5806,0.1716
g0907,2026-08-25,15,-10.75,-13.783,-3.033,1.3287,0.652
g0000,2026-08-25,38,-7.594,-12.543,-4.949,0.9696,0.6226
g0900,2026-08-25,11,-7.895,-12.425,-4.53,1.0422,0.6459
g0005,2026-08-25,13,-10.298,-17.498,-7.2,0.6402,0.1918
g0703,2026-08-25,28,-9.354,-15.005,-5.651,0.8558,0.7655
g0501,2026-08-25,4,-10.605,-12.716,-2.111,1.5232,0.4676
g0302,2026-08-25,4,-9.141,-14.15,-5.009,0.9596,0.649
g0403,2026-08-25,5,-6.866,-16.217,-9.351,0.4161,0.6438
g0007,2026-08-25,25,-10.736,-18.473,-7.738,0.5764,0.1308
g0504,2026-08-25,47,-10.861,-15.811,-4.949,0.9696,0.2944
g0707,2026-08-25,70,-10.552,-16.915,-6.363,0.7507,0.2501
g0604,2026-08-25,217,-7.042,-13.57,-6.528,0.7278,0.6984
g0807,2026-08-25,30,-8.843,-15.091,-6.249,0.7669,0.4701
g0301,2026-08-25,50,-9.614,-14.878,-5.264,0.9174,0.505
g0008,2026-08-25,47,-10.69,-16.077,-5.387,0.8975,0.1932
g0209,2026-08-25,6,-9.727,-13.24,-3.513,1.2325,0.5169
g0108,2026-08-25,13,-8.248,-15.401,-7.153,0.646,0.7916
g0300,2026-08-25,9,-9.199,-14.331,-5.132,0.9389,0.5659
g0503,2026-08-25,123,-7.569,-14.119,-6.551,0.7247,0.7239
g0605,2026-08-25,69,-6.808,-13.182,-6.374,0.7491,0.7001
g0904,2026-08-25,17,-8.539,-14.902,-6.363,0.7507,0.5155
g0909,2026-08-25,3,-10.648,-12.476,-1.827,1.5853,0.4655
g0808,2026-08-25,35,-8.85,-14.492,-5.641,0.8573,0.7195
g0109,2026-08-25,21,-7.671,-14.447,-6.776,0.6945,0.6266
g0402,2026-08-25,39,-6.59,-15.349,-8.759,0.4698,0.4864
g0904,2026-09-18,17,-5.731,-12.375,-6.644,0.7121,0.8418
g0905,2026-09-18,134,-7.262,-14.138,-6.875,0.6814,0.4465
g0002,2026-09-18,60,-7.623,-14.115,-6.492,0.7328,0.2264
g0902,2026-09-18,139,-7.159,-13.467,-6.308,0.7585,0.5628
g0207,2026-09-18,11,-6.945,-16.627,-9.683,0.3885,0.2346
g0208,2026-09-18,24,-7.154,-12.977,-5.822,0.8296,0.4939
g0209,2026-09-18,6,-7.025,-14.001,-6.976,0.6684,0.6897
g0300,2026-09-18,9,-6.201,-14.206,-8.006,0.5466,0.8375
g0301,2026-09-18,50,-6.136,-12.84,-6.704,0.7041,0.1786
g0908,2026-09-18,52,-10.026,-15.338,-5.312,0.9096,0.3736
g0302,2026-09-18,4,-8.821,-11.406,-2.585,1.4217,0.7088
g0303,2026-09-18,278,-9.005,-14.389,-5.384,0.898,0.7938
g0001,2026-09-18,12,-8.871,-15.693,-6.822,0.6884,0.8142
g0206,2026-09-18,15,-8.799,-11.769,-2.97,1.3416,0.3768
g0304,2026-09-18,1015,-7.947,-17.144,-9.197,0.4295,0.0919
g0306,2026-09-18,118,-8.237,-14.18,-5.942,0.8116,0.4285
g0307,2026-09-18,47,-5.084,-16.943,-11.859,0.2448,0.1412
g0308,2026-09-18,39,-7.331,-13.672,-6.341,0.7538,0.8261
g0309,2026-09-18,39,-6.772,-14.309,-7.536,0.5996,0.8418
g0400,2026-09-18,22,-6.591,-13.283,-6.691,0.7057,0.68
g0402,2026-09-18,39,-8.337,-14.15,-5.813,0.831,0.7437
g0403,2026-09-18,5,-9.369,-14.647,-5.278,0.915,0.653
g0404,2026-09-18,57,-6.859,-15.161,-8.302,0.5152,0.1209
g0405,2026-09-18,374,-4.483,-11.276,-6.792,0.6923,0.6802
g0305,2026-09-18,60,-9.173,-15.238,-6.065,0.7935,0.8543
g0406,2026-09-18,8,-8.307,-14.312,-6.005,0.8023,0.378
g0205,2026-09-18,25,-7.823,-15.417,-7.595,0.5928,0.6178
g0203,2026-09-18,26,-7.38,-16.452,-9.072,0.4407,0.1088
g0003,2026-09-18,8,-7.405,-12.479,-5.074,0.9486,0.6424
g0004,2026-09-18,9,-6.118,-15.76,-9.642,0.3918,0.5424
g0005,2026-09-18,13,-5.73,-13.789,-8.06,0.5408,0.2549
g0006,2026-09-18,26,-10.762,-12.643,-1.88,1.5737,0.7695
g0007,2026-09-18,25,-7.564,-12.923,-5.358,0.9021,0.4646
g0008,2026-09-18,47,-9.919,-16.912,-6.993,0.6663,0.2516
g0009,2026-09-18,6,-9.754,-13.217,-3.462,1.2425,0.7389
g0100,2026-09-18,1296,-6.015,-12.749,-6.734,0.7,0.0959
g0101,2026-09-18,23,-6.527,-15.566,-9.038,0.4438,0.6118
g0204,2026-09-18,10,-7.342,-14.817,-7.475,0.6069,0.2483
g0102,2026-09-18,24,-5.969,-13.781,-7.812,0.568,0.4274
g0104,2026-09-18,14,-7.385,-13.815,-6.431,0.7413,0.4904
g0105,2026-09-18,23,-9.461,-18.807,-9.346,0.4166,0.1257
g0106,2026-09-18,63,-7.425,-12.504,-5.079,0.9478,0.6192
g0107,2026-09-18,13,-7.459,-13.617,-6.158,0.78,0.3529
g0108,2026-09-18,13,-3.98,-14.017,-10.037,0.3608,0.7779
g0109,2026-09-18,21,-6.126,-12.026,-5.9,0.8179,0.7272
g0200,2026-09-18,1768,-3.526,-14.268,-10.742,0.3109,0.0856
g0201,2026-09-18,6,-4.003,-12.453,-8.451,0.5,0.8118
g0202,2026-09-18,5,-8.965,-15.29,-6.325,0.7561,0.5746
g0103,2026-09-18,14,-6.191,-14.185,-7.994,0.5479,0.2822
g0903,2026-09-18,34,-7.705,-13.093,-5.388,0.8973,0.7849
g0407,2026-09-18,11,-10.849,-18.462,-7.613,0.5907,0.4437
g0408,2026-09-18,31,-9.126,-13.09,-3.964,1.1458,0.6654
g0701,2026-09-18,69,-9.186,-13.96,-4.773,0.9996,0.8244
g0702,2026-09-18,24,-4.284,-12.582,-8.298,0.5156,0.7843
g0703,2026-09-18,28,-9.099,-13.061,-3.961,1.1463,0.7376
g0704,2026-09-18,78,-8.431,-13.954,-5.523,0.8758,0.2841
g0705,2026-09-18,44,-3.629,-15.838,-12.209,0.2269,0.0939
g0706,2026-09-18,77,-9.111,-14.464,-5.353,0.9029,0.8275
g0707,2026-09-18,70,-4.5,-13.799,-9.299,0.4206,0.324
g0708,2026-09-18,36,-9.056,-15.171,-6.115,0.7862,0.3536
g0709,2026-09-18,15,-5.204,-12.271,-7.068,0.6567,0.7556
g0800,2026-09-18,69,-7.643,-14.767,-7.123,0.6497,0.735
g0801,2026-09-18,15,-7.105,-13.665,-6.559,0.7235,0.8507
g0802,2026-09-18,67,-7.509,-13.546,-6.037,0.7976,0.5194
g0803,2026-09-18,36,-3.913,-11.517,-7.604,0.5918,0.8084
g0804,2026-09-18,3,-6.698,-12.625,-5.926,0.814,0.6555
g0805,2026-09-18,77,-3.547,-13.009,-9.462,0.4067,0.6815
g0806,2026-09-18,28,-7.183,-16.35,-9.167,0.4322,0.1214
g0807,2026-09-18,30,-7.122,-12.975,-5.854,0.8249,0.5709
g0808,2026-09-18,35,-7.863,-13.566,-5.704,0.8477,0.7424
g0809,2026-09-18,43,-7.22,-13.241,-6.021,0.7999,0.6442
g0900,2026-09-18,11,-9.503,-14.082,-4.579,1.0336,0.516
g0901,2026-09-18,14,-7.632,-13.819,-6.186,0.7759,0.6613
g0700,2026-09-18,20,-6.608,-15.24,-8.632,0.4821,0.1046
g0906,2026-09-18,13,-2.525,-14.236,-11.712,0.2527,0.4963
g0609,2026-09-18,59,-2.844,-15.357,-12.513,0.2124,0.3264
g0607,2026-09-18,5,-8.058,-15.427,-7.369,0.6195,0.1689
g0409,2026-09-18,41,-6.758,-11.507,-4.748,1.004,0.824
g0500,2026-09-18,50,-8.638,-16.291,-7.653,0.5861,0.1095
g0501,2026-09-18,4,-5.537,-12.785,-7.248,0.6342,0.6999
g0502,2026-09-18,39,-9.529,-14.757,-5.228,0.9232,0.8856
g0503,2026-09-18,123,-6.906,-12.565,-5.66,0.8545,0.7779
g0504,2026-09-18,47,-6.717,-12.581,-5.864,0.8233,0.7514
g0505,2026-09-18,70,-8.226,-11.727,-3.501,1.2349,0.8554
g0507,2026-09-18,28,2.523,-15.0,-17.522,0.0695,0.1874
g0508,2026-09-18,17,-6.533,-14.643,-8.11,0.5353,0.764
g0509,2026-09-18,25,-7.451,-13.28,-5.829,0.8286,0.7347
g0600,2026-09-18,143,-8.848,-13.652,-4.804,0.9944,0.8545
g0601,2026-09-18,200,-8.3,-13.137,-4.837,0.9888,0.8286
g0602,2026-09-18,35,-9.463,-15.391,-5.928,0.8138,0.8719
g0603,2026-09-18,8,-4.552,-15.568,-11.016,0.2933,0.7477
g0604,2026-09-18,217,-2.012,-13.708,-11.697,0.2535,0.3804
g0605,2026-09-18,69,-4.735,-13.617,-8.882,0.4582,0.7862
g0606,2026-09-18,106,-3.549,-13.026,-9.477,0.4054,0.388
g0907,2026-09-18,15,-9.06,-15.332,-6.272,0.7636,0.6207
g0000,2026-09-18,38,-7.601,-11.422,-3.821,1.1729,0.703
g0608,2026-09-18,30,-5.808,-12.641,-6.833,0.687,0.8231
g0909,2026-09-18,3,-8.351,-13.777,-5.426,0.8913,0.5736
