field,presto_0,presto_1,presto_2,presto_3,presto_4,presto_5,presto_6,presto_7,presto_8,presto_9,presto_10,presto_11,presto_12,presto_13,presto_14,presto_15,presto_16,presto_17,presto_18,presto_19,presto_20,presto_21,presto_22,presto_23,presto_24,presto_25,presto_26,presto_27,presto_28,presto_29,presto_30,presto_31,presto_32,presto_33,presto_34,presto_35,presto_36,presto_37,presto_38,presto_39,presto_40,presto_41,presto_42,presto_43,presto_44,presto_45,presto_46,presto_47,presto_48,presto_49,presto_50,presto_51,presto_52,presto_53,presto_54,presto_55,presto_56,presto_57,presto_58,presto_59,presto_60,presto_61,presto_62,presto_63,presto_64,presto_65,presto_66,presto_67,presto_68,presto_69,presto_70,presto_71,presto_72,presto_73,presto_74,presto_75,presto_76,presto_77,presto_78,presto_79,presto_80,presto_81,presto_82,presto_83,presto_84,presto_85,presto_86,presto_87,presto_88,presto_89,presto_90,presto_91,presto_92,presto_93,presto_94,presto_95,presto_96,presto_97,presto_98,presto_99,presto_100,presto_101,presto_102,presto_103,presto_104,presto_105,presto_106,presto_107,presto_108,presto_109,presto_110,presto_111,presto_112,presto_113,presto_114,presto_115,presto_116,presto_117,presto_118,presto_119,presto_120,presto_121,presto_122,presto_123,presto_124,presto_125,presto_126,presto_127
g0001,-1.11087,-3.96889,1.60072,1.18277,-1.42625,0.34711,-0.93803,0.03819,0.60623,-0.63816,-0.26134,-0.63426,-0.08396,0.4181,0.72112,-0.71444,-0.84459,-0.05831,-0.34719,2.06958,2.69958,-1.83215,-1.07043,-0.42722,-0.76882,-0.84916,1.04654,-1.00884,-1.73528,-2.28713,0.36162,1.40057,1.1598,-1.22175,-0.15243,-0.11688,1.38173,1.37634,-0.17537,-0.19921,0.25414,1.56036,1.74552,-0.56006,-0.46152,-0.03264,0.37799,1.82054,-1.02727,1.14093,0.64293,1.30348,-0.16024,0.42399,0.58012,-1.02978,-0.11865,1.67733,0.10827,0.78904,0.34138,-1.41468,-1.06298,0.675,0.26297,-0.60667,-1.01974,0.39687,0.10841,0.5095,0.02211,0.48309,0.27886,0.29605,0.04207,0.76264,1.22406,-0.56413,0.17044,0.76296,-0.72382,-0.05196,-0.80237,-0.94839,0.23267,0.04093,0.08257,0.62568,-0.84133,-2.16565,0.22565,1.48813,-0.40289,1.98348,1.23528,-0.45643,-2.69975,-0.0796,-0.96533,-0.30664,-0.97876,0.26146,0.10556,0.30665,-1.96515,-0.19922,0.94212,1.12427,-0.42844,-2.04151,-3.0623,1.07156,1.27866,-1.62164,0.48594,1.57773,0.55914,0.0212,2.22976,-2.10179,0.17804,0.00091,-0.53738,0.91015,0.00753,-0.07862,-2.07959,0.30802
g0009,-1.18055,-4.15984,1.60646,1.39401,-1.40744,0.19358,-1.1733,0.8355,0.89153,-1.09783,0.31248,-0.31413,-0.51315,0.47255,0.44051,-0.80083,-0.46715,-0.68017,-0.68585,1.3302,2.68173,-1.64095,-0.99472,-0.69014,-0.60496,-0.93555,1.24906,-0.94689,-1.75991,-2.46214,0.65971,0.91029,1.37855,-1.29028,0.46494,-0.18244,1.32717,1.29549,-0.00706,-0.06028,-0.34319,1.60812,1.368,-0.57721,-0.39535,-0.41838,0.2983,2.46543,-1.81063,1.53545,0.50932,1.1919,-0.3556,0.65951,0.64376,-0.73876,-0.04514,1.87011,-0.39651,0.38003,0.05008,-1.52058,-1.79376,-0.05186,0.22832,-0.67366,-0.91438,0.43265,0.31837,0.5367,0.28439,0.66738,0.58781,0.56729,0.11303,0.95418,1.18,-0.36909,-0.22198,0.86338,-0.57345,-0.2732,-0.75352,-0.75916,0.53456,-0.08711,-0.06946,0.60236,-0.76875,-2.42866,0.66483,1.50396,-0.09712,2.01332,1.2737,-0.27446,-2.84558,-0.14782,-0.84466,-0.08315,-0.78619,0.38676,-0.25004,0.55297,-1.63309,-0.00989,1.11629,1.21789,-0.00253,-2.58838,-2.41827,0.34289,1.30789,-1.50999,0.90397,1.58322,0.86374,0.07205,1.91095,-1.85533,0.17881,-0.37106,-0.8981,0.40802,0.10574,0.19093,-2.07091,0.54034
g0609,-1.06539,-4.13171,1.64798,1.12781,-1.33612,0.14764,-0.90155,0.56396,0.97929,-0.86838,0.23357,-0.5222,-0.09975,0.51902,0.48209,-0.59646,-0.68961,-0.39706,-0.61678,1.79412,2.56394,-1.79939,-0.81439,-0.44331,-0.54616,-0.8047,1.12102,-0.79748,-1.75864,-2.43844,0.43898,1.15409,1.22674,-1.43431,0.16431,-0.18797,1.23735,1.29777,0.00592,-0.13833,-0.00337,1.56292,1.70179,-0.73373,-0.29465,-0.20899,0.39352,1.92615,-1.63365,1.24699,0.64547,1.28059,-0.29736,0.51474,0.64941,-0.87984,-0.30164,1.68414,-0.17243,0.57771,0.25868,-1.45151,-1.48523,0.29877,0.30406,-0.7683,-1.08597,0.4724,0.43695,0.56439,0.16623,0.57765,0.40645,0.50749,0.1925,0.751,1.20426,-0.56495,-0.17582,0.85952,-0.67236,-0.17428,-0.72565,-0.77845,0.16926,-0.02268,0.15396,0.74092,-0.7666,-2.24081,0.42928,1.4643,-0.22499,1.946,1.35423,-0.21271,-2.86232,-0.28377,-0.83813,-0.27722,-0.72968,0.3492,-0.08694,0.44047,-1.72814,-0.11821,1.02677,1.08596,-0.23502,-2.33921,-3.04267,0.54826,1.37501,-1.53702,0.52863,1.59489,0.65615,0.13618,2.15574,-2.00088,0.18975,-0.22027,-0.69162,0.61582,0.06639,-0.04326,-2.18897,0.35511
g0709,-1.10764,-4.06782,1.62078,1.29095,-1.53521,0.31216,-0.9473,0.68572,0.80846,-0.74731,-0.14441,-0.56362,-0.13721,0.56476,0.66162,-0.69785,-0.79736,-0.42345,-0.38002,1.80347,2.57277,-1.80646,-0.92465,-0.27914,-0.65851,-0.88456,1.19746,-0.92978,-1.70884,-2.32749,0.42971,1.2455,1.35811,-1.61131,0.06228,-0.09942,1.39201,1.32372,0.03681,-0.08438,-0.11075,1.58655,1.56482,-0.66852,-0.40074,-0.30516,0.36301,1.94654,-1.44597,1.21202,0.49533,1.2299,-0.34672,0.48196,0.73518,-0.82412,-0.12522,1.76696,-0.08444,0.58043,0.27843,-1.4711,-1.43153,0.47071,0.18543,-0.73091,-1.09123,0.50423,0.51349,0.5635,0.16422,0.52533,0.32788,0.43413,0.10547,0.81432,1.16068,-0.53415,-0.05663,0.88917,-0.66187,-0.1111,-0.71415,-0.77899,0.06716,-0.0017,0.01199,0.6838,-0.85504,-2.35612,0.38358,1.49643,-0.2894,1.83081,1.35782,-0.15286,-2.65875,-0.29194,-0.87643,-0.26748,-0.81969,0.33299,-0.13233,0.37357,-1.80667,-0.04655,0.96273,1.24522,-0.26356,-2.29635,-2.96438,0.84396,1.35194,-1.72773,0.48599,1.45455,0.68686,0.14766,2.16792,-1.94543,0.13636,-0.15233,-0.71014,0.71421,0.18333,-0.00108,-2.03732,0.29628
g0806,-1.06766,-3.85457,1.60222,1.23008,-1.55086,0.25897,-1.00583,0.42196,0.78508,-0.71239,-0.29017,-0.58931,-0.02269,0.47111,0.8421,-0.71168,-0.804,-0.07786,-0.4282,1.84702,2.79851,-1.82204,-0.95449,-0.25409,-0.80027,-0.90471,1.23334,-0.96031,-1.88827,-2.32676,0.49539,1.27454,1.16171,-1.27989,-0.1883,-0.06281,1.25718,1.34998,-0.06703,-0.14456,0.10091,1.58466,1.64519,-0.67791,-0.43433,-0.30107,0.41423,1.82004,-1.0776,1.09573,0.64214,1.31829,-0.30102,0.46757,0.71116,-0.83652,0.00028,1.67197,-0.04481,0.66368,0.32586,-1.48451,-1.09896,0.5053,0.19959,-0.66831,-1.20669,0.5031,0.21447,0.48138,0.01782,0.42723,0.17579,0.23879,0.06891,0.82804,1.19663,-0.53936,0.07665,0.87517,-0.78272,-0.12719,-0.83275,-0.7629,0.06909,0.02267,0.0202,0.64775,-0.87058,-2.28463,0.38645,1.46739,-0.35319,1.77183,1.33577,-0.29184,-2.57314,-0.21893,-0.96537,-0.19884,-0.98673,0.24722,0.06191,0.22452,-1.83493,-0.02453,0.96724,1.23139,-0.41135,-2.08538,-3.14189,1.05604,1.27626,-1.67535,0.21667,1.49889,0.74648,0.16089,2.40372,-2.11606,0.20857,-0.0992,-0.61283,0.87085,0.29005,0.02861,-1.99091,0.22249
g0807,-0.9175,-3.82951,1.64025,0.99033,-1.24749,-0.10582,-1.06637,0.56325,0.82005,-0.79412,-0.10142,-0.53275,-0.10361,0.41386,0.53527,-0.81509,-0.57626,0.01949,-0.72512,1.21908,2.91102,-1.59733,-0.79854,-0.52237,-0.88423,-0.82834,1.22915,-0.83189,-1.73082,-2.46586,0.72985,1.26706,1.08024,-1.31112,-0.4364,-0.1673,1.33021,1.47677,-0.09101,-0.22123,-0.01389,1.60217,1.58379,-0.63532,-0.42707,-0.4013,0.55082,2.08617,-1.45995,1.5139,0.60671,1.32974,-0.27578,0.5012,0.75556,-0.78201,-0.16818,1.50705,-0.26242,0.53452,0.19898,-1.30545,-1.45634,0.38211,0.37312,-0.97407,-1.18287,0.41301,0.19673,0.40136,0.17359,0.48631,0.45303,0.47875,0.45031,0.98618,1.21752,-0.56435,-0.16983,0.98759,-0.67228,-0.29822,-0.82194,-0.42717,0.07271,-0.02996,0.1263,0.28238,-0.64884,-2.31182,0.55522,1.4576,-0.18185,2.2971,1.17712,-0.26026,-2.86381,-0.03818,-0.84324,-0.03909,-0.94084,0.31919,-0.30262,0.44515,-1.96389,-0.30825,0.94807,1.37664,-0.1551,-2.20757,-2.66935,0.90048,1.36417,-1.52464,0.38519,1.25101,0.79849,-0.20956,2.19932,-2.056,0.23391,-0.48699,-0.70984,0.4941,-0.03743,0.40696,-2.09129,0.67638
g0808,-1.17984,-4.08288,1.55855,1.08203,-0.99215,-0.19374,-1.11446,0.83872,0.78613,-0.99947,0.46636,-0.3981,-0.35727,0.57947,0.24317,-0.58115,-0.44534,-0.5547,-0.86445,0.95039,2.58492,-1.3192,-0.73886,-0.98292,-0.40279,-0.49206,1.09252,-0.84188,-1.48854,-2.45122,0.64965,0.79404,1.21097,-1.35445,0.23029,-0.35179,1.35478,1.35697,-0.04701,0.00886,-0.06544,1.58798,1.66103,-0.69383,-0.41889,-0.61524,0.53387,2.28518,-2.14434,1.98937,0.68557,1.26656,-0.35588,0.66434,0.73535,-0.76819,-0.51139,1.58405,-0.41551,0.29719,0.06251,-1.26961,-2.05379,0.10831,0.64421,-1.07429,-0.96385,0.34821,0.39926,0.47211,0.22359,0.6159,0.61969,0.91323,0.42043,0.87082,1.13779,-0.53728,-0.53164,0.92824,-0.45508,-0.46191,-0.53049,-0.20155,0.35912,-0.06221,-0.0947,0.33249,-0.62896,-2.21905,0.74248,1.5546,0.0665,2.40853,1.09898,-0.27525,-2.94514,-0.04147,-0.71486,-0.16913,-0.52203,0.45709,-0.48801,0.79612,-1.85254,-0.39448,1.05604,1.04832,0.09328,-2.52756,-2.15734,0.17678,1.41366,-1.48681,0.87605,1.36794,0.75094,-0.28377,1.91094,-1.83388,0.18261,-0.70887,-0.87526,0.0245,-0.21999,0.3907,-2.15738,0.90026
g0809,-0.97553,-3.78298,1.55988,1.2414,-1.53959,0.46757,-1.03025,0.24183,0.66167,-0.75466,-0.59044,-0.69925,0.05339,0.43249,0.94518,-0.77954,-0.83016,0.0808,-0.2069,2.0004,2.92411,-1.89095,-1.13218,-0.1879,-0.8872,-1.01729,1.27665,-0.93971,-2.00266,-2.4509,0.48235,1.41138,1.14641,-1.05623,-0.24291,-0.03207,1.33927,1.23746,-0.2018,-0.31902,0.18534,1.45519,1.55274,-0.45607,-0.51484,-0.12546,0.38401,1.79795,-0.65303,0.85555,0.67228,1.26996,-0.20191,0.46924,0.61242,-0.88876,0.18982,1.60075,0.09597,0.80563,0.3891,-1.52837,-0.79169,0.57934,0.07118,-0.50798,-1.10522,0.31445,-0.03524,0.50256,-0.00248,0.37164,0.11298,0.07385,-0.01833,0.80367,1.18201,-0.52508,0.38291,0.79839,-0.89582,-0.04349,-0.91844,-0.91003,0.21684,0.08199,-0.03676,0.64739,-0.89445,-2.27711,0.26879,1.43716,-0.48489,1.59628,1.26576,-0.34354,-2.481,-0.01123,-1.03184,-0.25644,-1.19657,0.20369,0.25386,0.1477,-1.8357,-0.05223,0.92076,1.25801,-0.48414,-1.92125,-3.24007,1.33214,1.18235,-1.6873,0.20375,1.52706,0.7361,0.28564,2.31756,-2.12525,0.2037,0.08422,-0.56953,1.02685,0.36141,-0.02208,-1.96482,0.05584
g0906,-1.01399,-3.77021,1.63462,1.16334,-1.49449,0.4114,-0.97349,0.15642,0.74523,-0.75036,-0.52005,-0.72826,0.05453,0.42732,0.93316,-0.82724,-0.83044,0.10108,-0.34778,1.9452,2.89422,-1.93206,-1.02202,-0.1554,-0.94115,-0.96374,1.27591,-0.91368,-2.02103,-2.28452,0.4862,1.3864,1.04231,-1.055,-0.35197,-0.10478,1.36084,1.30605,-0.17442,-0.27321,0.24529,1.53994,1.60554,-0.5774,-0.43526,-0.10664,0.37605,1.76753,-0.68933,0.82233,0.68389,1.29031,-0.20341,0.48476,0.58406,-0.90914,0.10166,1.5564,0.09978,0.78755,0.37871,-1.49389,-0.78735,0.57773,0.11808,-0.55398,-1.20933,0.37421,0.00883,0.46755,-0.00524,0.36962,0.1226,0.02687,0.05032,0.87728,1.23875,-0.57873,0.30143,0.82332,-0.86851,-0.02459,-0.9508,-0.8921,0.19978,0.05445,0.06301,0.65416,-0.81353,-2.23964,0.27421,1.41039,-0.47324,1.69128,1.27598,-0.30599,-2.57155,-0.0977,-0.98835,-0.20432,-1.13282,0.20459,0.20705,0.10928,-1.84168,-0.0022,0.93725,1.25561,-0.50148,-1.87407,-3.27167,1.25629,1.17208,-1.58228,0.06907,1.51099,0.74408,0.20753,2.30612,-2.20395,0.23917,0.09266,-0.51797,0.95195,0.339,0.04097,-2.0032,0.08893
g0907,-1.07437,-3.98512,1.52815,1.25991,-1.50485,0.37727,-1.01242,0.27051,0.61719,-0.72308,-0.34657,-0.6054,-0.04975,0.49924,0.82525,-0.65999,-0.84992,-0.1491,-0.28699,2.10676,2.80638,-1.7858,-1.11138,-0.35177,-0.6954,-0.9014,1.16414,-0.93232,-1.77446,-2.50577,0.37743,1.38455,1.29597,-1.25646,0.03458,-0.00955,1.31937,1.26365,-0.13422,-0.29861,0.14037,1.4497,1.65174,-0.47608,-0.50428,-0.14827,0.3492,1.8476,-1.01324,1.11927,0.62102,1.27706,-0.25187,0.44122,0.62708,-0.96021,-0.00631,1.6692,0.03847,0.75968,0.36598,-1.49293,-1.08907,0.66209,0.18331,-0.57736,-0.95993,0.32631,0.14359,0.60481,0.05716,0.43684,0.24738,0.32815,0.00164,0.70327,1.14856,-0.51762,0.21297,0.79057,-0.77934,-0.10088,-0.73856,-0.9012,0.21013,0.04906,-0.03867,0.66299,-0.91423,-2.24792,0.26651,1.49684,-0.41004,1.7061,1.26713,-0.41762,-2.52134,-0.05361,-0.99355,-0.3588,-0.96142,0.3081,0.15336,0.33757,-1.86903,-0.21438,0.90367,1.1015,-0.42827,-2.11466,-3.16092,1.10457,1.32434,-1.69181,0.51307,1.62177,0.5765,0.28616,2.26315,-2.02742,0.14936,-0.01846,-0.59844,0.96201,0.1181,-0.15647,-2.05126,0.13193
g0000,-1.17231,-3.9142,1.49272,0.87403,-0.73196,-1.14362,-0.86334,0.49312,0.56072,-0.62717,1.85859,-0.61561,0.19185,0.18067,-0.19553,0.11844,-0.10934,-0.74382,-0.69765,1.53471,1.7818,-1.89726,-0.59149,-0.8742,0.05307,-0.08169,0.6229,-1.20361,-1.67871,-2.5605,0.38215,0.42628,1.06392,-1.01245,0.32282,-0.50633,0.95317,0.95299,-0.06618,0.433,0.28054,1.32275,2.24875,-0.71075,-0.49209,-0.26935,0.64007,2.09223,-2.10619,1.79612,0.76577,1.08013,-0.59761,0.57278,0.44262,-0.73218,-1.15937,1.55457,0.44638,0.10405,0.05696,-1.28319,-1.78517,0.00365,0.63454,-1.47599,-1.16136,0.41879,0.25874,0.29781,0.00377,0.60577,0.49055,1.08682,0.14928,0.93123,0.82098,-0.73275,-0.73393,0.79758,-0.49429,-0.50454,-0.51353,0.17375,0.4249,0.05119,-0.44671,0.58331,-0.37214,-1.6277,0.95741,1.48911,0.16507,2.74862,1.09417,-0.50839,-2.836,0.20607,-0.92023,-0.03576,-0.28892,0.27024,-0.35646,0.69793,-1.70461,-0.45879,1.3662,0.74131,0.2418,-2.28953,-2.39462,-0.04368,1.36367,-1.209,0.65206,1.64611,0.60613,-0.0819,2.01152,-2.10056,0.48614,-0.79961,-0.88852,0.27667,-0.07684,0.29965,-2.21111,1.32462
g0002,-0.99487,-4.08647,1.68122,1.11794,-1.26408,0.03992,-0.93888,0.48558,0.93325,-0.79367,0.35003,-0.5605,-0.19322,0.41254,0.39597,-0.61295,-0.57399,-0.37472,-0.62173,1.82851,2.50459,-1.7863,-0.78744,-0.52666,-0.66534,-0.89434,1.10131,-0.85981,-1.82,-2.36381,0.49434,1.15427,1.24693,-1.41641,0.14044,-0.12862,1.21197,1.29772,-0.04607,-0.13994,0.0262,1.59398,1.77045,-0.7085,-0.26936,-0.16585,0.32637,2.1177,-1.67683,1.19039,0.65139,1.35781,-0.33372,0.54413,0.64571,-0.81245,-0.30022,1.70262,-0.10741,0.51005,0.18016,-1.45681,-1.38966,0.29312,0.33007,-0.81207,-1.07984,0.52784,0.39127,0.48359,0.19761,0.53664,0.51051,0.47934,0.20089,0.84956,1.13386,-0.57039,-0.28382,0.90653,-0.6823,-0.25655,-0.81903,-0.80232,0.19384,-0.03896,0.11005,0.70292,-0.69369,-2.23235,0.54579,1.4534,-0.22722,2.04697,1.40498,-0.23453,-2.90297,-0.20271,-0.87307,-0.26535,-0.7501,0.41359,-0.06261,0.39414,-1.7772,-0.06105,1.00897,1.18794,-0.17011,-2.37899,-2.90767,0.48492,1.37309,-1.45101,0.46542,1.53877,0.66654,0.0931,2.05008,-2.04796,0.28387,-0.32986,-0.69599,0.55647,0.0402,-0.00339,-2.20572,0.4465
g0003,-0.87091,-3.76068,1.61036,0.79689,-0.92721,-0.35375,-1.12702,0.72969,0.57334,-0.83067,-0.12797,-0.51739,-0.09741,0.56567,0.23888,-0.74881,-0.31563,-0.1765,-0.8168,0.6933,2.79557,-1.28994,-0.42234,-1.05152,-0.67352,-0.39873,1.23447,-0.75683,-1.3799,-2.43358,0.86245,0.86654,1.01737,-1.25756,-0.66375,-0.45611,1.66899,1.60338,-0.07797,-0.15956,-0.08912,1.82526,1.69081,-0.72906,-0.5026,-0.68499,0.71392,2.08212,-1.80759,1.97502,0.67231,1.36137,-0.34749,0.59144,0.83025,-0.59604,-0.39301,1.19765,-0.44249,0.33278,0.09588,-1.12516,-1.92158,0.29474,0.8378,-1.25228,-1.18332,0.49978,0.04281,0.49033,0.33084,0.4926,0.59355,0.79631,0.72393,0.84034,1.18457,-0.63774,-0.38451,0.94541,-0.58014,-0.44569,-0.71642,0.25414,0.17922,-0.07053,0.08679,0.12347,-0.43654,-2.03052,0.74497,1.50186,0.03849,2.65652,0.72674,-0.46479,-2.86876,-0.07239,-0.60162,-0.15404,-0.63009,0.34021,-0.65294,0.73322,-2.26044,-0.50256,1.00795,1.2456,0.07271,-2.16394,-2.20351,0.74313,1.15123,-1.60853,0.50245,0.88025,0.84291,-0.72922,1.92702,-1.96279,0.2917,-0.82272,-0.72077,0.1172,-0.14138,0.74043,-2.01208,1.04889
g0004,-0.99731,-3.98461,1.57078,1.0055,-1.04493,0.11632,-1.0119,0.89882,0.95525,-0.85287,-0.2965,-0.52001,-0.16901,0.73971,0.47798,-0.86717,-0.72639,-0.04007,-0.73015,1.18751,2.96911,-1.45672,-0.60123,-0.36403,-0.69101,-0.78103,1.29168,-0.62629,-1.65552,-2.32175,0.5913,1.15844,1.02156,-1.47228,-0.25526,-0.25412,1.29251,1.27277,-0.02114,-0.17136,-0.0204,1.40621,1.5731,-0.72033,-0.40409,-0.44364,0.59044,1.93258,-1.47576,1.67066,0.66218,1.25791,-0.27787,0.61507,0.79862,-0.82452,-0.2184,1.54806,-0.43925,0.66734,0.18331,-1.51326,-1.51435,0.44746,0.40235,-0.9237,-1.13539,0.45006,0.41924,0.3144,0.05303,0.65738,0.47227,0.47613,0.54507,0.84493,1.30373,-0.64417,-0.23644,0.9849,-0.6964,-0.34752,-0.60103,-0.53885,-0.00057,-0.05224,0.16596,0.24983,-0.72437,-2.31847,0.44715,1.52866,-0.16521,2.20604,1.20658,0.0439,-3.03298,-0.2287,-0.77432,-0.05199,-0.95274,0.47945,-0.43715,0.44363,-1.93437,-0.31967,0.84871,1.13801,-0.25088,-2.26267,-2.69899,0.71148,1.36887,-1.51459,0.46094,1.25424,0.7086,-0.06366,2.3042,-1.86245,0.04674,-0.4077,-0.69576,0.29723,-0.03976,0.4344,-2.07724,0.5799
g0005,-0.18085,-2.95051,1.61554,1.21399,-1.06086,0.41913,-1.19426,0.34479,0.12997,-0.55913,-2.07526,-0.58404,-0.35678,0.34029,0.7769,-1.30275,-0.09012,0.26075,-0.16993,0.9906,3.33922,-2.00197,-0.46728,-1.36539,-1.45965,-1.15906,1.60263,-0.85206,-1.57131,-2.45269,1.04273,1.41621,0.57694,-0.816,-1.92287,-0.35695,2.15051,1.56877,-0.14561,-0.59673,-0.33209,1.52566,0.78902,-0.57893,-0.35378,-0.171,0.36897,2.54536,-0.36845,0.68848,0.3181,1.45182,0.02403,1.12538,0.77428,-0.32669,1.06809,1.01429,-0.52154,0.45935,-0.15934,-1.31738,-0.99533,0.20594,0.32459,-0.63446,-0.89368,0.63833,-1.32046,0.53287,0.89316,0.6918,0.82093,-0.33261,0.39234,0.72005,1.40546,-0.34714,0.48898,0.71007,-0.70474,-0.02035,-1.21468,0.11673,-0.00429,-0.10503,0.04849,0.102,-0.28203,-1.95951,0.47357,1.14992,-0.2032,2.10368,0.44977,-0.60396,-2.43653,0.16546,-0.57612,-0.50313,-1.6016,0.22487,-0.06366,0.29036,-2.61172,-0.14151,0.57309,1.91675,-0.33659,-1.48837,-2.1531,2.27784,0.28141,-2.30525,0.25469,0.35891,0.99572,-0.83883,1.68588,-1.86296,0.18444,-0.36267,-0.36115,1.0767,0.16906,0.69994,-1.59075,0.74716
g0006,-0.94386,-4.1477,1.55811,1.44228,-1.50289,0.71691,-0.97235,0.64407,0.87594,-1.01287,-0.36927,-0.4067,-0.53475,0.43299,0.62733,-0.92467,-0.68708,-0.31634,-0.6241,1.87377,2.88637,-1.68693,-0.91767,-0.37824,-0.83115,-1.22215,1.39195,-0.67255,-1.97201,-2.27772,0.58671,1.3493,1.30732,-1.24887,0.1042,-0.01258,1.25131,1.4861,0.03628,-0.29523,-0.41912,1.54434,1.17779,-0.51509,-0.18903,-0.13326,0.09989,2.4236,-1.37391,0.96259,0.52214,1.27996,-0.24563,0.52953,0.68054,-0.8439,0.30043,1.77908,-0.29494,0.62506,0.17526,-1.65508,-1.21382,0.13986,-0.00526,-0.40159,-0.91621,0.42276,0.4536,0.57159,0.30889,0.70814,0.4147,0.13168,0.11589,0.70445,1.2958,-0.44644,0.05998,0.8735,-0.84127,-0.09481,-0.87315,-1.03036,0.22231,-0.07229,0.07392,0.69421,-0.88942,-2.66413,0.49161,1.37466,-0.3522,1.6951,1.45831,-0.18273,-2.80289,-0.26129,-0.72133,-0.39546,-0.95797,0.35647,0.04165,0.18558,-1.58412,0.15151,0.87786,1.32061,-0.20773,-2.43373,-2.79384,0.73119,1.20652,-1.48061,0.75849,1.42247,0.87063,0.19266,1.89951,-1.945,0.08419,-0.1001,-0.69189,0.67786,0.19988,0.01443,-1.99457,0.05858
g0007,-0.98147,-3.79611,1.66377,1.16473,-1.54118,0.1375,-1.03245,0.10719,0.62986,-0.68601,-0.33501,-0.68909,0.07357,0.45455,0.76597,-0.80794,-0.66662,-0.07909,-0.25185,1.79367,2.76506,-1.92945,-1.09017,-0.34484,-0.91954,-0.9858,1.18988,-1.09383,-1.87074,-2.5642,0.57218,1.38537,1.18901,-1.15606,-0.29287,-0.10496,1.40511,1.34207,-0.26319,-0.30328,0.27593,1.61493,1.63948,-0.54012,-0.57804,-0.14383,0.46504,1.7989,-0.83518,0.97775,0.67287,1.29264,-0.20338,0.44992,0.54879,-0.87579,-0.02378,1.64913,0.15719,0.70004,0.34913,-1.36802,-0.96857,0.60555,0.17347,-0.67519,-1.07733,0.38928,-0.10826,0.50777,0.06965,0.31616,0.24194,0.27443,0.08645,0.93644,1.16279,-0.49746,0.2899,0.79435,-0.74827,-0.0672,-0.9824,-0.84925,0.27538,0.02973,0.03793,0.6274,-0.76205,-2.16827,0.33385,1.4572,-0.39798,1.8686,1.19662,-0.43503,-2.50806,0.02571,-1.12007,-0.20735,-1.10434,0.18805,0.1707,0.3147,-1.97634,-0.1439,0.99948,1.27857,-0.39056,-1.93864,-3.11488,1.26975,1.21745,-1.68747,0.22328,1.53631,0.74164,0.13062,2.19247,-2.12427,0.28101,-0.0202,-0.64205,0.92406,0.24662,0.06015,-2.03281,0.28925
g0008,0.756,-1.4912,0.97556,1.49244,-0.67825,0.59453,-0.89213,0.11968,-0.24553,-0.49912,-2.06971,-0.1144,-0.75007,0.396,0.74953,-1.01386,0.83418,0.72242,0.277,0.5741,3.01883,-1.79476,-0.23596,-2.17577,-1.05961,-1.4082,1.47481,-0.58706,-1.30195,-1.68494,1.30902,0.95943,-0.33726,-0.22608,-2.98851,-0.50389,1.95077,1.2533,0.41754,-0.51128,-1.1393,0.39474,-0.17772,-0.33517,-0.0807,0.15939,0.17775,3.70223,-0.68382,0.66521,-0.08862,1.34855,0.20834,1.52676,0.62902,0.00813,1.5016,0.64421,-0.8492,0.40248,-0.76041,-1.35819,-1.00237,-0.79229,-0.07286,-0.74555,-0.81864,1.14816,-1.95521,0.19592,1.27854,1.1986,1.10607,-0.71556,0.18134,0.45102,1.28516,-0.63091,0.38365,0.54897,-0.41162,-0.11576,-1.47902,0.7823,-0.12337,-0.17443,-0.45136,-0.3635,-0.41813,-1.44059,1.04343,0.65433,-0.05958,2.49343,0.23816,-0.75951,-2.543,0.50028,-0.16731,-0.81173,-1.80975,0.16829,-0.24571,0.36837,-2.25488,0.03194,-0.16173,2.29339,-0.06838,-0.82742,-0.50741,2.60957,-0.52415,-2.48578,0.97794,-0.67842,1.12176,-1.01204,1.27012,-1.70695,0.12691,-0.41579,-0.26169,0.96381,-0.07546,0.89391,-0.96932,1.18708
g0100,0.3147,-1.03,0.68565,1.21434,-0.3834,-0.25123,-0.99736,0.63676,-0.60374,-0.17359,-2.0112,-0.45826,0.36442,0.42329,0.62824,-0.55671,0.87829,1.74929,0.41841,0.88434,2.98267,-1.77826,0.05196,-1.21245,-0.54142,-0.40046,1.56155,-1.28968,-1.67461,-1.3308,0.66602,-0.21868,-0.77622,0.53147,-3.61808,-0.34287,1.34242,0.75535,0.04629,0.76158,-0.13514,0.35821,0.75247,-0.89246,-0.57807,-0.26761,0.23139,2.66596,0.9076,0.92047,0.23256,0.67841,-0.36275,0.79539,0.46053,0.19663,1.38334,0.273,-0.33048,0.2438,-0.18307,-1.56908,-0.6326,-0.30588,-0.44501,-0.9509,-1.19675,1.45569,-1.6194,-0.28227,0.45212,0.6357,0.56629,-0.79226,0.22245,1.1448,0.61577,-0.85907,-0.03309,0.45544,-0.73225,-0.32049,-0.86991,1.35148,-0.3834,0.02432,-0.89379,-0.61848,0.02199,-0.85934,1.77198,0.72998,0.06992,3.08312,0.33898,-0.7694,-2.34534,0.13987,-1.0649,-0.4349,-2.43863,-0.08043,-0.84196,-0.01114,-2.21865,-0.59587,0.07803,2.25244,-0.72086,0.22249,-0.86141,3.44657,-0.51782,-2.43258,0.13884,-0.51396,1.2643,-1.57882,2.18744,-1.87166,-0.06908,-0.77074,-0.51998,1.03503,0.55009,1.87893,0.0569,1.95555
g0102,-1.02507,-3.96805,1.61762,1.27373,-1.50657,0.1138,-1.0574,0.40559,0.67883,-0.8039,-0.18775,-0.53606,-0.12694,0.4442,0.66517,-0.77145,-0.5679,-0.31867,-0.41146,1.68101,2.74188,-1.84176,-1.01852,-0.5702,-0.77208,-0.99765,1.23633,-1.07142,-1.80098,-2.68643,0.58958,1.24465,1.23716,-1.23448,-0.05507,-0.15443,1.33169,1.38411,-0.17794,-0.22494,0.08139,1.64698,1.55557,-0.60494,-0.48407,-0.26544,0.39527,2.00557,-1.24456,1.21406,0.65958,1.36261,-0.26711,0.50335,0.59667,-0.82009,-0.04397,1.75147,-0.02766,0.56164,0.29167,-1.3578,-1.27481,0.41669,0.28978,-0.69381,-0.99079,0.39414,0.03786,0.55375,0.2011,0.45856,0.37803,0.42906,0.1239,0.85711,1.17841,-0.45531,0.09051,0.7993,-0.7028,-0.1355,-0.88769,-0.74197,0.2667,-0.01661,0.07824,0.65179,-0.75326,-2.27603,0.46527,1.50006,-0.26774,1.8937,1.23342,-0.4373,-2.58985,-0.04058,-0.95844,-0.27079,-0.93489,0.2337,0.06153,0.41583,-1.91057,-0.13756,1.01826,1.23478,-0.26502,-2.19555,-2.94163,1.03056,1.23808,-1.72371,0.43363,1.56742,0.8089,0.08983,2.10122,-2.01558,0.21866,-0.22508,-0.78008,0.82527,0.14317,0.04018,-2.05186,0.39486
g0103,-1.11721,-4.19729,1.57988,1.39123,-1.44341,0.36704,-1.02731,0.78297,0.94789,-0.98579,0.17932,-0.37251,-0.46216,0.45424,0.44876,-0.72551,-0.5673,-0.49781,-0.60608,1.73949,2.60028,-1.81046,-1.01314,-0.43153,-0.58688,-1.08234,1.28634,-0.89657,-1.84926,-2.39997,0.54342,1.02645,1.37835,-1.24939,0.41582,-0.10509,1.2349,1.28786,0.02837,-0.08886,-0.31337,1.50295,1.2987,-0.60094,-0.31578,-0.22272,0.27679,2.37226,-1.65389,1.26238,0.57495,1.22349,-0.29953,0.48517,0.58571,-0.93012,0.01805,1.92838,-0.21428,0.518,0.09428,-1.59505,-1.56717,0.10128,0.07196,-0.5794,-0.94542,0.52887,0.50358,0.45184,0.21038,0.77186,0.47115,0.34943,0.06661,0.83579,1.21701,-0.40107,-0.14877,0.86291,-0.64991,-0.17877,-0.78836,-0.96924,0.34052,-0.03205,0.01524,0.7354,-0.88668,-2.54651,0.60378,1.45175,-0.23412,1.86819,1.50972,-0.20103,-2.81839,-0.26124,-0.87215,-0.23349,-0.85884,0.3528,-0.10832,0.34495,-1.6542,0.05608,1.10613,1.19323,-0.14788,-2.53798,-2.59725,0.46688,1.28007,-1.47389,0.87161,1.57893,0.87008,0.20795,1.98016,-1.99023,0.15926,-0.23823,-0.82523,0.56462,0.12511,0.04601,-1.97478,0.40873
g0104,-0.91814,-3.63807,1.75672,1.07872,-1.39275,-0.0073,-1.20319,0.25368,0.68714,-0.75659,-0.409,-0.63165,-0.23769,0.34157,0.78468,-1.07751,-0.49936,-0.09661,-0.70046,1.22337,2.96557,-1.75221,-0.79114,-0.70349,-1.24288,-1.05155,1.41832,-1.04826,-1.85184,-2.32445,0.85337,1.20532,0.97842,-1.07083,-0.59647,-0.21124,1.57163,1.46197,-0.24396,-0.26877,0.05501,1.92201,1.58973,-0.67007,-0.48858,-0.38054,0.36255,2.1552,-1.04178,1.17779,0.62355,1.48491,-0.3135,0.71981,0.69734,-0.63698,0.11721,1.51873,-0.23328,0.46814,0.19181,-1.30063,-1.19948,0.31837,0.46581,-0.72963,-1.18182,0.51057,-0.27235,0.42524,0.272,0.29714,0.54336,0.22461,0.30232,1.18396,1.27367,-0.45783,0.09052,0.88765,-0.81452,-0.27705,-1.02659,-0.60244,0.39953,-0.08539,0.09314,0.35952,-0.54584,-2.21485,0.59523,1.40386,-0.19501,2.23257,1.02819,-0.46047,-2.66397,0.02036,-0.78057,0.12587,-1.13328,0.21407,-0.13749,0.33916,-2.05905,0.01049,1.00589,1.50691,-0.24164,-1.98643,-2.72681,1.13937,1.06888,-1.59692,-0.00986,1.20746,0.97353,-0.33317,2.01108,-2.10832,0.34744,-0.34443,-0.63319,0.68573,0.19419,0.47462,-2.02378,0.499
g0105,-1.06673,-3.65241,1.6709,1.19393,-1.54508,0.49899,-1.05904,-0.09707,0.35098,-0.71584,-0.55402,-0.66218,0.14418,0.4496,0.6797,-0.80935,-1.03961,0.22302,-0.24119,1.7189,2.95128,-1.51438,-1.23804,-0.61854,-0.92295,-0.38375,1.02186,-1.09767,-1.73973,-2.08723,0.48679,1.42955,0.94031,-1.09677,-0.55944,-0.22049,1.55478,1.52562,-0.28267,-0.06654,0.39714,1.74253,1.99922,-0.53699,-0.75099,-0.23801,0.41153,1.55211,-0.81201,1.32988,0.80042,1.30599,-0.10026,0.52639,0.80067,-0.83475,-0.0721,1.53002,-0.00139,0.83258,0.48901,-1.40062,-1.04286,0.74008,0.33567,-0.58314,-1.13295,0.3326,0.00559,0.60128,-0.11216,0.2563,0.30984,0.24375,0.1176,0.69802,1.22604,-0.56106,0.17615,0.67637,-0.64836,-0.11211,-0.82206,-0.72531,0.36519,0.01236,0.26254,0.39599,-0.84958,-2.03009,0.19542,1.53123,-0.33876,2.13234,0.90174,-0.65324,-2.76291,0.02815,-1.04306,-0.19124,-1.10964,0.12992,0.04277,0.24873,-1.98498,-0.42387,0.83508,1.3309,-0.45863,-1.77965,-3.07557,1.32155,1.221,-1.85031,0.36384,1.38575,0.61484,-0.42975,2.27215,-1.90854,0.06616,0.06429,-0.41235,0.92446,-0.04704,0.14227,-2.06584,0.21828
g0106,-0.84362,-3.84185,1.60581,1.2556,-1.41483,0.29317,-1.10878,0.29776,0.65713,-0.7951,-0.39867,-0.66353,-0.10268,0.34619,0.77635,-0.81239,-0.60123,-0.08983,-0.29201,1.80028,2.85648,-1.94199,-1.0861,-0.42937,-0.94749,-1.16372,1.22114,-0.98352,-2.02721,-2.67345,0.63015,1.39026,1.21456,-1.0717,-0.18125,-0.09575,1.3788,1.29372,-0.26664,-0.39076,0.11271,1.56207,1.54572,-0.42624,-0.47046,-0.14142,0.3693,2.04982,-0.87974,0.93115,0.68612,1.37546,-0.21393,0.58584,0.63247,-0.73195,0.16859,1.64253,0.05771,0.68992,0.29815,-1.46142,-0.89519,0.39133,0.19399,-0.54757,-1.02838,0.32429,-0.20585,0.46251,0.20681,0.40201,0.28995,0.17914,0.04907,0.83289,1.16577,-0.45453,0.30407,0.816,-0.8665,-0.11752,-1.03238,-0.88928,0.32127,0.00391,-0.02641,0.65755,-0.76853,-2.28171,0.34984,1.44293,-0.36375,1.73364,1.23702,-0.45065,-2.55122,0.07664,-1.0002,-0.2564,-1.15592,0.22233,0.23172,0.27148,-1.91309,-0.05605,0.99383,1.34836,-0.28876,-2.1112,-3.07975,1.22451,1.15287,-1.68006,0.25145,1.50628,0.80281,0.14475,2.1061,-2.05262,0.29725,-0.11601,-0.67933,0.90976,0.31976,0.00415,-2.04477,0.2528
g0107,-1.00649,-3.85352,1.60819,1.25895,-1.63168,0.29988,-1.0041,0.21397,0.48056,-0.56671,-0.44494,-0.63236,0.005,0.43025,0.79453,-0.87174,-0.70227,-0.12273,-0.18225,1.78007,2.71873,-1.91729,-1.01103,-0.41444,-0.8755,-0.93439,1.18275,-1.13224,-1.75891,-2.40772,0.51515,1.4137,1.15174,-1.33164,-0.37592,-0.14235,1.55828,1.43486,-0.18803,-0.16954,0.13068,1.74005,1.57763,-0.58332,-0.51432,-0.24589,0.4015,1.87384,-1.00132,1.13527,0.56952,1.28908,-0.19075,0.50754,0.73658,-0.76832,0.02809,1.63801,0.05849,0.66417,0.33041,-1.30515,-1.1073,0.60814,0.19446,-0.69849,-1.09333,0.43752,-0.02477,0.56666,0.16617,0.37965,0.26105,0.25573,0.0592,0.88216,1.19579,-0.48611,0.22485,0.79264,-0.71566,-0.00733,-0.91264,-0.68916,0.11784,0.02771,0.01288,0.5568,-0.79365,-2.25073,0.31099,1.48788,-0.33851,1.91998,1.11454,-0.39798,-2.53466,-0.04139,-1.05253,-0.26146,-1.03231,0.17043,0.03565,0.34338,-2.06652,-0.09031,0.96034,1.37864,-0.33761,-2.01767,-2.98478,1.26514,1.18982,-1.80931,0.28938,1.39094,0.71257,-0.0877,2.18985,-2.11647,0.23665,-0.08935,-0.63319,0.96204,0.19936,0.07913,-2.02089,0.34731
g0108,-1.33018,-4.22997,1.6092,1.31478,-1.60489,0.49233,-0.95036,0.83936,1.13507,-1.11158,-0.04926,-0.29382,-0.35991,0.62218,0.52732,-0.79467,-0.83847,-0.38487,-0.73567,1.63781,2.80265,-1.63018,-0.86519,-0.17112,-0.55767,-0.86464,1.35754,-0.63718,-1.77921,-2.16812,0.39363,1.06231,1.32158,-1.38897,0.29871,-0.06228,1.25131,1.39974,0.16658,-0.04967,-0.39997,1.49382,1.29553,-0.73415,-0.25905,-0.2977,0.28942,2.05398,-1.55971,1.34911,0.45169,1.05165,-0.31444,0.42907,0.66069,-0.98792,0.0107,1.79535,-0.37566,0.59491,0.19831,-1.65149,-1.6646,0.18079,0.01985,-0.57081,-1.01775,0.42711,0.69579,0.55078,0.05942,0.78011,0.34731,0.28181,0.17901,0.82811,1.30041,-0.44344,-0.14791,0.88581,-0.69943,-0.09481,-0.63318,-0.92142,0.24547,-0.05874,0.11733,0.70305,-0.92533,-2.60782,0.42995,1.44675,-0.29556,1.7878,1.3998,0.06764,-2.84891,-0.45312,-0.78656,-0.19456,-0.82475,0.41034,-0.20861,0.26455,-1.45556,0.01845,1.03377,1.13407,-0.27609,-2.43414,-2.78594,0.44198,1.37153,-1.4208,0.88557,1.57085,0.79175,0.24391,2.1382,-1.90362,0.00761,-0.02175,-0.71409,0.5555,0.09888,0.12205,-1.96758,0.2125
g0109,-1.15319,-4.31219,1.57644,1.30102,-1.37784,0.27692,-0.95752,0.94177,1.10093,-1.01745,0.47793,-0.38056,-0.43425,0.45056,0.29248,-0.55326,-0.57758,-0.60989,-0.70895,1.89827,2.45447,-1.81672,-0.84662,-0.25132,-0.41039,-0.95226,1.2264,-0.75047,-1.8942,-2.31407,0.40188,0.96684,1.46115,-1.3448,0.6455,-0.10419,1.08174,1.21577,0.1381,-0.00546,-0.37314,1.40722,1.39043,-0.7074,-0.18822,-0.17883,0.26929,2.29725,-1.8211,1.20505,0.51675,1.14537,-0.38186,0.45398,0.57857,-0.89671,-0.14493,1.88992,-0.20077,0.47669,0.10753,-1.66916,-1.63517,0.06573,0.0539,-0.65013,-0.97958,0.49779,0.67367,0.44802,0.16326,0.84777,0.44042,0.38067,0.08169,0.77939,1.13797,-0.48223,-0.31948,0.93087,-0.6742,-0.1963,-0.65855,-0.9767,0.31022,-0.02061,-0.05215,0.8698,-0.89445,-2.56857,0.61618,1.42226,-0.21202,1.80158,1.59028,-0.06552,-2.83537,-0.38403,-0.82432,-0.23494,-0.68716,0.41429,-0.11317,0.32143,-1.50376,0.06489,1.19997,1.02227,-0.10956,-2.64669,-2.70656,0.16993,1.36403,-1.28788,0.9312,1.6323,0.79185,0.34569,2.04943,-1.94694,0.16144,-0.2494,-0.78803,0.45928,0.18029,-0.03459,-2.0074,0.34048
g0200,0.28425,-1.19913,0.71498,1.09523,-0.27136,-0.07462,-1.09555,1.29389,-0.63535,-0.399,-2.40313,-0.60296,0.45742,0.704,0.66715,-0.66925,0.64228,1.64325,0.38812,0.7962,3.01664,-1.80302,-0.19086,-0.66613,-0.66873,-0.62931,1.7149,-1.13962,-1.81938,-1.49251,0.64799,-0.22888,-0.41327,0.13215,-3.2341,-0.17,1.5293,0.48872,0.07679,0.67353,-0.43072,0.4429,0.85292,-0.46462,-0.73255,-0.39591,0.20242,2.54901,1.3551,0.87014,-0.04873,0.30429,-0.47443,0.71552,0.45598,0.45723,1.43568,0.20524,-0.34504,0.29703,0.02641,-1.97432,-0.66924,-0.10654,-0.47888,-0.87495,-1.31919,1.31572,-1.3068,-0.17519,0.41068,0.34094,0.30101,-0.5418,0.36756,1.32739,0.34418,-0.86892,0.20759,0.53203,-0.87882,-0.2731,-0.74386,1.34865,-0.44934,-0.01362,-0.96964,-0.74546,0.04981,-0.72293,1.4745,0.84828,0.02321,2.62615,0.25441,-0.59528,-1.98002,-0.02422,-1.0187,-0.13063,-2.47513,0.09071,-1.04776,0.01618,-2.11322,-0.65462,0.14545,2.29512,-0.70833,0.30832,-1.15104,3.67079,-0.3784,-2.55976,-0.18202,-0.33135,1.16245,-1.22361,2.42917,-1.50382,-0.15738,-0.7657,-0.73078,0.82323,1.03972,1.99133,0.16592,1.84702
g0201,-1.21899,-4.12263,1.56046,1.13214,-1.06278,-0.45578,-1.04413,0.8531,0.70826,-0.92298,0.93912,-0.45392,-0.19533,0.42727,-0.01058,-0.33592,-0.41166,-0.55642,-0.77861,1.15838,2.25539,-1.59416,-0.7504,-0.76551,-0.2433,-0.25223,0.90464,-1.07875,-1.50013,-2.37427,0.51896,0.66729,1.29141,-1.33872,0.34842,-0.24384,1.21597,1.26496,-0.04592,0.33038,0.00963,1.52468,1.82431,-0.70612,-0.5455,-0.53906,0.62465,2.19044,-2.09578,2.00188,0.5857,1.09628,-0.40394,0.51215,0.61314,-0.83731,-0.68868,1.78481,-0.01743,0.24168,0.08216,-1.30024,-2.10329,0.14464,0.46098,-1.13181,-1.1076,0.49597,0.49861,0.41743,-0.01702,0.66121,0.48672,0.89482,0.29384,0.91705,0.9921,-0.50488,-0.59518,0.9309,-0.36836,-0.43178,-0.50877,-0.13758,0.33694,-0.01383,-0.21492,0.43478,-0.66651,-2.16349,0.84093,1.5737,0.06296,2.44064,1.14788,-0.32546,-2.85873,-0.0983,-0.92864,-0.04137,-0.53659,0.4146,-0.51442,0.69065,-1.85682,-0.34291,1.26436,1.02273,0.16317,-2.53751,-2.18224,0.06261,1.40033,-1.45216,0.98112,1.41682,0.74797,-0.22562,1.99359,-2.00248,0.28706,-0.65376,-0.88976,0.12705,-0.18459,0.42617,-2.05372,1.11838
g0202,-1.22482,-3.81486,1.69872,1.42747,-1.4641,0.59866,-1.08866,0.20568,0.62115,-1.05778,-0.40417,-0.13442,-0.5276,0.55672,0.59152,-1.09478,-0.58562,-0.27586,-0.56231,0.99228,2.90272,-1.42857,-1.00404,-1.26266,-0.93724,-0.78661,1.16135,-0.94728,-1.37618,-2.10604,0.81615,1.04548,1.08803,-1.1208,-0.39645,-0.10897,1.87387,1.66367,-0.10009,-0.18678,-0.30277,1.90109,1.26681,-0.61506,-0.47626,-0.40308,0.29809,2.62996,-1.67199,1.64122,0.44729,1.18271,-0.1173,0.73261,0.701,-0.81334,0.24108,1.6772,-0.6156,0.51093,0.01089,-1.2965,-1.88895,-0.05348,0.27148,-0.53716,-0.76924,0.67037,0.0768,0.71562,0.39882,0.56244,0.76552,0.45277,0.1714,0.89092,1.37877,-0.27813,-0.05834,0.66845,-0.47511,-0.15574,-0.80022,-0.70351,0.5125,-0.14839,0.09293,0.30575,-0.76739,-2.29469,0.61605,1.46778,-0.11886,2.50081,0.91251,-0.51139,-3.19594,-0.17999,-0.81865,-0.2424,-1.07334,0.38267,-0.39688,0.65462,-1.88314,-0.15772,0.70803,1.58065,-0.26851,-2.15382,-2.12783,0.79364,1.12738,-1.91768,1.02324,1.21009,0.86765,-0.59564,1.60649,-1.89661,0.05093,-0.08382,-0.6765,0.6063,-0.22617,0.39801,-2.06362,0.64849
g0203,-1.05063,-3.93767,1.53375,1.35714,-1.62427,0.60544,-1.07408,0.23011,0.54963,-0.80998,-0.54047,-0.51595,-0.13542,0.44836,0.822,-0.85244,-0.81447,-0.0673,-0.28787,1.8611,2.92439,-1.75521,-1.15124,-0.48144,-0.82537,-0.99633,1.13889,-0.9463,-1.82866,-2.436,0.48753,1.46559,1.18047,-1.22259,-0.18068,-0.03982,1.51877,1.45974,-0.1605,-0.26065,0.05446,1.67767,1.54408,-0.43405,-0.49487,-0.16374,0.31627,1.9166,-0.99336,1.12479,0.60474,1.27782,-0.14468,0.53417,0.75493,-0.83583,0.14955,1.59437,-0.11605,0.77163,0.3701,-1.46606,-1.082,0.4518,0.16131,-0.46655,-0.95785,0.29515,0.03592,0.58716,0.1801,0.41526,0.26691,0.23789,0.01595,0.76292,1.26179,-0.44941,0.2539,0.74245,-0.71361,0.00102,-0.85588,-0.85931,0.28003,0.00869,0.08994,0.5504,-0.93295,-2.30424,0.23787,1.48345,-0.34686,1.78374,1.15635,-0.41974,-2.62136,-0.02155,-0.97315,-0.31213,-1.0706,0.16468,0.15141,0.29472,-1.84292,-0.1517,0.91147,1.32412,-0.32584,-2.10929,-3.04707,1.16841,1.21978,-1.81286,0.46112,1.52534,0.68155,0.00827,2.11437,-1.97824,0.09229,0.03293,-0.63402,0.96195,0.12545,-0.07564,-2.07893,0.13266
g0204,-1.07299,-4.00181,1.64554,1.19588,-1.44223,0.18565,-1.0718,0.35382,0.68468,-0.85973,-0.11768,-0.61465,-0.0945,0.50077,0.66194,-0.72882,-0.78837,-0.28461,-0.49336,1.7175,2.79698,-1.62472,-0.96462,-0.53337,-0.73001,-0.7948,1.1806,-0.93782,-1.75386,-2.47258,0.52126,1.2545,1.24722,-1.3214,-0.0031,-0.12739,1.35406,1.38957,-0.14891,-0.22854,0.11756,1.64141,1.756,-0.56354,-0.54401,-0.28791,0.36057,1.86984,-1.25082,1.33866,0.69469,1.33074,-0.29148,0.51835,0.68597,-0.86522,-0.16648,1.68651,-0.09427,0.64432,0.33196,-1.43079,-1.31164,0.5142,0.36099,-0.70237,-1.03917,0.35624,0.16426,0.62325,0.08369,0.41016,0.37033,0.48292,0.13671,0.78815,1.19342,-0.51402,0.0593,0.83322,-0.74334,-0.22158,-0.75895,-0.79316,0.32068,-0.01464,0.06237,0.60329,-0.80952,-2.22525,0.40208,1.50482,-0.29309,1.90737,1.16637,-0.44555,-2.64798,-0.08267,-0.89678,-0.2165,-0.87456,0.27771,-0.00626,0.42587,-1.8679,-0.21688,0.9517,1.15166,-0.27091,-2.19889,-3.03804,0.89052,1.34852,-1.62173,0.49487,1.55842,0.68856,0.05658,2.16828,-1.94618,0.21006,-0.16291,-0.63129,0.74206,0.0584,0.04377,-2.12632,0.27835
g0205,-1.15557,-4.24861,1.55092,1.34802,-1.51755,0.64945,-0.88649,1.04452,1.14849,-1.05787,0.04515,-0.28967,-0.37911,0.54681,0.48047,-0.67721,-0.79427,-0.4349,-0.71966,1.90263,2.67817,-1.72198,-0.84637,-0.01528,-0.46786,-1.03211,1.38758,-0.56304,-1.93524,-2.21964,0.39474,1.07157,1.49193,-1.30719,0.46278,-0.06064,1.17584,1.34184,0.21453,-0.10203,-0.61279,1.35943,1.13636,-0.64335,-0.19973,-0.16131,0.22577,2.22664,-1.56423,1.18823,0.45779,1.03161,-0.37353,0.34772,0.67643,-0.93558,0.12561,1.86352,-0.28653,0.62185,0.13434,-1.75898,-1.53655,0.12075,-0.13138,-0.51614,-0.98601,0.52106,0.76442,0.47329,0.13559,0.936,0.31095,0.18354,0.08303,0.66428,1.24834,-0.4689,-0.13994,0.9054,-0.79263,-0.0909,-0.66476,-1.07282,0.19502,-0.02135,-0.05001,0.86172,-1.00927,-2.75609,0.47999,1.37957,-0.33012,1.59353,1.56894,0.06865,-2.79968,-0.50476,-0.76564,-0.2957,-0.81969,0.38409,-0.14828,0.15616,-1.43638,0.11417,1.06875,1.04199,-0.25277,-2.58331,-2.77522,0.36765,1.30048,-1.2952,0.99404,1.50873,0.82537,0.42877,2.1543,-1.90973,0.01815,-0.05876,-0.70073,0.58695,0.27025,-0.00688,-1.86884,0.11792
g0207,-0.88425,-3.6418,1.72655,1.14858,-1.46106,0.01172,-1.19556,0.07965,0.50261,-0.68005,-0.3363,-0.66824,-0.09923,0.22868,0.75693,-1.02554,-0.42403,-0.08953,-0.43921,1.33196,2.84408,-1.84467,-0.90557,-0.77357,-1.20874,-1.02312,1.30642,-1.20664,-1.90235,-2.47153,0.80314,1.25027,1.00923,-0.99124,-0.57318,-0.20064,1.63689,1.46827,-0.36446,-0.2586,0.20155,1.94143,1.65818,-0.59213,-0.54327,-0.33586,0.33828,2.13724,-0.96508,1.11207,0.67446,1.47331,-0.28679,0.68959,0.68164,-0.5845,0.09737,1.52975,-0.00694,0.45875,0.22863,-1.19559,-1.06967,0.40162,0.39239,-0.75794,-1.11136,0.47019,-0.43065,0.48497,0.29532,0.20603,0.49034,0.24046,0.18855,1.12266,1.1849,-0.42977,0.16598,0.82373,-0.80342,-0.20811,-1.12014,-0.60665,0.42946,-0.03676,0.02182,0.44793,-0.5231,-2.16912,0.55099,1.42628,-0.22526,2.17691,0.96416,-0.58312,-2.59654,0.13667,-0.96277,-0.01124,-1.14036,0.15788,-0.00643,0.39741,-2.11129,-0.04147,0.98625,1.52445,-0.25368,-1.9323,-2.77746,1.2372,1.06761,-1.6802,0.02259,1.2801,0.90555,-0.34196,1.96237,-2.13317,0.39965,-0.30671,-0.63249,0.85332,0.26448,0.38262,-2.0391,0.53282
g0208,-0.85657,-3.6646,1.66045,1.15541,-1.48689,0.02237,-1.08996,-0.09547,0.45935,-0.62801,-0.18881,-0.74188,0.12833,0.25028,0.81174,-0.79068,-0.50164,0.01094,-0.19368,1.79961,2.7135,-1.97484,-1.1316,-0.53215,-1.05734,-0.9917,1.1342,-1.26035,-1.98289,-2.57052,0.65755,1.34058,1.08117,-0.92043,-0.3804,-0.14796,1.462,1.29122,-0.39399,-0.28847,0.36595,1.69035,1.787,-0.47156,-0.62144,-0.12036,0.4015,1.95389,-0.80565,0.92856,0.72674,1.37394,-0.26032,0.52633,0.55693,-0.72243,0.00564,1.57423,0.27146,0.62546,0.31474,-1.29164,-0.8115,0.55507,0.22858,-0.70339,-1.10813,0.38536,-0.34361,0.4667,0.16838,0.1807,0.29762,0.21265,0.04352,1.0387,1.07075,-0.50432,0.29181,0.76913,-0.81721,-0.13967,-1.10692,-0.76629,0.40854,0.03962,-0.04069,0.59462,-0.65126,-2.07829,0.46815,1.43429,-0.36101,2.02022,1.11127,-0.63598,-2.52817,0.21116,-1.16729,-0.12312,-1.15463,0.14952,0.20644,0.31271,-2.00995,-0.11963,1.00009,1.38956,-0.35435,-1.84623,-3.05662,1.32656,1.15921,-1.6622,0.04341,1.4998,0.76307,-0.01615,2.10821,-2.20167,0.40574,-0.14715,-0.64445,0.97627,0.32123,0.10085,-2.05257,0.39241
g0209,-1.11563,-3.65414,1.7466,1.08703,-1.5104,-0.1119,-1.07003,-0.20872,0.53839,-0.64806,0.12413,-0.64012,0.05418,0.30046,0.72752,-0.83693,-0.51242,-0.10995,-0.40861,1.52039,2.62517,-1.87404,-1.00656,-0.69783,-1.01668,-0.77124,1.06962,-1.27912,-1.79482,-2.25704,0.67054,1.17374,1.01518,-1.03777,-0.42763,-0.20607,1.61373,1.41128,-0.31142,-0.11132,0.33498,1.93867,1.90895,-0.63826,-0.62606,-0.25542,0.41289,1.95916,-1.10033,1.20665,0.67883,1.33364,-0.28674,0.54177,0.60494,-0.77558,-0.22035,1.56947,0.10434,0.52303,0.28177,-1.20939,-1.15735,0.46955,0.36119,-0.84138,-1.18187,0.57843,-0.21155,0.47567,0.13005,0.14698,0.43452,0.3915,0.09019,1.18756,1.18216,-0.4949,0.04758,0.78589,-0.66174,-0.18848,-1.01391,-0.70599,0.47469,0.01356,0.03752,0.51203,-0.60367,-1.99573,0.54816,1.45074,-0.255,2.31518,1.02765,-0.64028,-2.72904,0.04852,-1.11236,0.0567,-1.02287,0.14319,-0.04311,0.40947,-1.99316,-0.14158,1.03882,1.39447,-0.33621,-1.84477,-2.90286,1.00529,1.24483,-1.60531,0.09921,1.49719,0.73954,-0.25884,2.03909,-2.22067,0.4324,-0.14121,-0.59023,0.80961,0.18695,0.26426,-2.15111,0.56961
g0300,-0.99204,-3.80663,1.76111,1.09097,-1.30083,-0.12509,-1.08255,0.20225,0.80014,-0.83097,-0.00188,-0.74546,-0.08761,0.42568,0.66692,-0.76363,-0.63205,-0.25596,-0.62735,1.60247,2.76638,-1.84051,-0.91735,-0.55589,-0.92644,-0.85627,1.23441,-1.04077,-1.87206,-2.50061,0.67043,1.2062,1.14109,-1.10543,-0.1649,-0.28725,1.30043,1.31246,-0.24679,-0.2664,0.28702,1.64723,1.81718,-0.67677,-0.54441,-0.24079,0.41388,1.90526,-1.04343,1.08182,0.76324,1.44873,-0.31917,0.61918,0.54277,-0.82966,-0.21064,1.72142,0.03954,0.58286,0.28098,-1.38905,-1.08654,0.48388,0.46481,-0.72034,-1.17035,0.39084,-0.09149,0.49091,0.08187,0.36077,0.43267,0.38723,0.18701,0.95698,1.21013,-0.57668,0.13687,0.84164,-0.84107,-0.26713,-0.92135,-0.85063,0.45773,-0.03281,0.10058,0.64273,-0.62797,-2.13022,0.44161,1.4468,-0.28298,2.01695,1.17915,-0.55518,-2.63759,0.01007,-0.90389,-0.1066,-0.94676,0.23744,0.07606,0.35523,-1.91533,-0.12469,1.07651,1.1578,-0.29256,-2.0351,-3.06977,0.98811,1.22535,-1.491,0.17273,1.51333,0.82765,0.10701,2.1375,-2.05282,0.33258,-0.23898,-0.6393,0.7013,0.14916,0.17506,-2.11946,0.35366
g0301,-0.92468,-3.93026,1.57215,1.40003,-1.57598,0.34424,-1.09479,0.61788,0.56657,-0.63845,-0.52745,-0.41318,-0.3285,0.29112,0.70605,-0.87561,-0.51856,-0.22047,-0.43999,1.63898,2.82227,-1.84978,-0.93911,-0.66714,-0.896,-1.10171,1.36357,-1.00754,-1.77756,-2.51889,0.61342,1.3003,1.14277,-1.39521,-0.2941,-0.11896,1.43563,1.56967,-0.04878,-0.16386,-0.17965,1.76172,1.2998,-0.64647,-0.29175,-0.35075,0.29507,2.25484,-1.41004,1.29071,0.47589,1.41699,-0.25974,0.53719,0.79906,-0.5982,0.22147,1.62259,-0.193,0.45492,0.20288,-1.30826,-1.36808,0.33902,0.27908,-0.69879,-0.94985,0.45132,0.02731,0.50425,0.35238,0.5918,0.44237,0.30466,0.1435,0.88018,1.21614,-0.42297,-0.04171,0.82157,-0.64434,-0.09403,-0.9347,-0.47428,0.02678,-0.04784,0.05285,0.47851,-0.73973,-2.40979,0.54662,1.47698,-0.19536,1.97566,1.1681,-0.29385,-2.55715,-0.07517,-0.7823,-0.3153,-0.93118,0.249,-0.09275,0.34203,-2.01222,-0.04719,0.95187,1.45092,-0.17769,-2.30689,-2.65887,1.13314,1.10611,-1.86536,0.42404,1.29267,0.86495,-0.24149,2.13506,-2.03673,0.1475,-0.4142,-0.79441,0.8899,0.12049,0.11991,-1.9559,0.48378
g0303,-1.19117,-3.74711,1.62836,1.23187,-1.53797,0.47465,-0.99592,0.15068,0.64885,-0.66204,-0.59866,-0.54576,-0.14111,0.47143,0.93691,-0.88291,-0.88145,-0.02647,-0.41098,1.75264,2.87984,-1.78378,-1.05428,-0.39574,-0.91083,-0.91092,1.17881,-0.97013,-1.7635,-2.1014,0.54801,1.44437,1.19539,-1.39743,-0.44983,-0.07336,1.62702,1.51884,-0.07317,-0.21936,0.03637,1.74694,1.58602,-0.5904,-0.4625,-0.21221,0.3396,1.98607,-0.99547,1.14926,0.49008,1.24312,-0.24326,0.50573,0.74689,-0.82015,0.10974,1.58188,-0.12089,0.72368,0.31378,-1.3973,-1.14778,0.52255,0.19657,-0.566,-1.08718,0.55987,0.09912,0.46953,0.16217,0.35498,0.36181,0.26085,0.05162,1.00401,1.23961,-0.52559,0.13765,0.80776,-0.65494,-0.0346,-0.82088,-0.84245,0.22455,-0.01139,-0.0068,0.45602,-0.82949,-2.23448,0.34049,1.47184,-0.34219,2.05663,1.1782,-0.33349,-2.71315,-0.19789,-0.94819,-0.13748,-1.0631,0.23178,-0.07298,0.2347,-1.90155,-0.13937,0.85717,1.40561,-0.46584,-1.96633,-3.01993,1.22336,1.22312,-1.80478,0.20503,1.35187,0.68149,-0.14015,2.25389,-2.07407,0.13563,-0.01084,-0.58737,0.84317,0.1758,0.05625,-2.03485,0.24984
g0304,0.32079,-1.40767,0.99211,0.96587,-0.71858,0.21216,-1.2517,0.63101,-0.62788,-0.41139,-2.81108,-0.47566,0.15849,0.80804,0.95081,-1.03705,0.57908,1.10716,0.45903,0.62434,3.40497,-1.78337,-0.48569,-1.37883,-1.09136,-0.99087,1.98411,-0.88987,-1.24777,-2.2765,0.92656,0.21682,-0.12555,0.06325,-3.02592,-0.07198,2.40737,0.71247,0.12534,-0.18916,-0.695,0.67847,0.40987,-0.17026,-0.70316,-0.34006,0.40272,2.56435,0.67081,0.97774,0.03232,0.82325,-0.15371,0.96866,0.6493,0.01337,1.67333,0.02506,-0.7055,0.45536,-0.37828,-1.49142,-0.99782,0.17807,-0.06457,-0.92046,-0.93113,0.87799,-1.87691,0.35808,0.89927,0.41231,0.84077,-0.56943,0.38047,1.02295,0.7774,-0.53906,0.47647,0.52885,-0.71987,-0.17129,-0.95533,1.13976,0.0879,-0.04192,-0.48254,-0.67674,-0.05067,-1.07459,1.00608,0.8411,-0.10397,2.39187,-0.1537,-0.73118,-1.85868,0.30526,-0.76335,-0.4324,-2.20872,0.17619,-0.6655,0.49667,-2.51033,-0.66574,-0.04945,2.14424,-0.68365,-0.21676,-1.07679,3.55105,-0.2972,-2.75792,0.4361,-0.29382,1.01744,-1.19292,1.87185,-1.46354,-0.10635,-0.66897,-0.35882,1.15521,0.32532,1.4607,-0.45902,1.34111
g0305,-0.93657,-3.65933,1.66175,1.18766,-1.4981,0.26362,-1.12023,-0.02864,0.50827,-0.68101,-0.49851,-0.78928,0.04821,0.29613,0.89397,-0.91903,-0.68565,0.09382,-0.26273,1.77705,2.92504,-1.89854,-1.11033,-0.44436,-1.13173,-1.00083,1.27493,-1.16316,-2.02369,-2.41137,0.61796,1.36882,0.99072,-0.85877,-0.46125,-0.16478,1.44759,1.32054,-0.35648,-0.27314,0.36601,1.67106,1.67525,-0.49321,-0.58262,-0.14157,0.35177,1.87746,-0.63043,0.90043,0.76851,1.4049,-0.21353,0.58893,0.58699,-0.815,0.14936,1.57542,0.17593,0.71003,0.32855,-1.35985,-0.77035,0.57986,0.23022,-0.5657,-1.14241,0.32029,-0.29194,0.45933,0.07851,0.25367,0.24675,0.04404,0.05746,0.97413,1.18074,-0.48678,0.34387,0.77051,-0.87777,-0.11182,-1.05485,-0.82499,0.37897,0.03248,0.04711,0.54411,-0.70391,-2.16134,0.35665,1.42768,-0.4131,1.89044,1.12046,-0.5377,-2.53689,0.16129,-1.03189,-0.12039,-1.24169,0.13829,0.23351,0.1991,-2.00002,0.01167,0.95013,1.39289,-0.42434,-1.819,-3.06011,1.38135,1.09719,-1.65383,0.01662,1.45895,0.80667,-0.02826,2.13596,-2.17913,0.3275,-0.06432,-0.56175,0.97359,0.31626,0.16465,-1.99389,0.25571
g0308,-1.03135,-3.83619,1.61952,1.31042,-1.50387,0.26327,-1.09158,0.25095,0.62479,-0.67401,-0.40648,-0.58625,-0.21733,0.35198,0.83172,-0.91432,-0.58364,-0.13043,-0.34088,1.69178,2.80429,-1.91803,-0.97385,-0.52778,-0.90961,-1.13892,1.27908,-1.10219,-1.80624,-2.44066,0.62068,1.2949,1.15885,-1.14882,-0.28879,-0.11625,1.55102,1.36613,-0.22127,-0.24958,0.09465,1.72357,1.4792,-0.5653,-0.4697,-0.21795,0.34356,2.11922,-1.03322,1.12274,0.63106,1.37173,-0.25093,0.56485,0.63839,-0.84199,0.1402,1.72782,-0.01395,0.63086,0.21403,-1.3568,-1.13703,0.42112,0.26901,-0.60085,-1.0391,0.50895,-0.09237,0.43026,0.22486,0.45307,0.38633,0.23488,0.07268,0.9712,1.25667,-0.41842,0.17642,0.80708,-0.73974,-0.10975,-0.93939,-0.82884,0.26567,-0.01149,-0.00367,0.5489,-0.77204,-2.3359,0.42457,1.45427,-0.3008,1.97684,1.2265,-0.43102,-2.63442,-0.02464,-0.94519,-0.17182,-1.13467,0.20138,0.04303,0.3082,-2.04478,-0.02747,0.97338,1.37241,-0.33842,-2.11842,-2.84337,1.1618,1.11118,-1.75138,0.28047,1.41619,0.83207,-0.05302,2.05397,-2.16616,0.27222,-0.14891,-0.6989,0.88789,0.18278,0.13338,-1.98813,0.42891
g0400,-1.01195,-3.78929,1.63927,1.2483,-1.48332,0.44243,-0.97927,0.11807,0.67029,-0.66345,-0.64574,-0.66917,-0.05921,0.43056,0.93439,-0.90011,-0.75042,0.00164,-0.29713,1.85485,2.84978,-2.03822,-1.01722,-0.28866,-0.92436,-1.11946,1.23497,-0.99424,-1.86971,-2.43909,0.50759,1.42947,1.13782,-1.07282,-0.42121,-0.15395,1.58682,1.36502,-0.2246,-0.35629,0.20101,1.58974,1.44794,-0.54397,-0.42584,-0.05803,0.38804,1.91811,-0.72326,0.88712,0.61085,1.28238,-0.15764,0.5393,0.56912,-0.9569,0.19625,1.64184,0.10824,0.78069,0.25521,-1.37688,-0.89474,0.53735,0.15399,-0.50652,-1.08,0.3843,-0.11977,0.4499,0.19185,0.45654,0.23518,0.06682,0.04182,0.88668,1.26447,-0.47738,0.35629,0.776,-0.78543,0.05764,-0.95622,-0.90433,0.24402,0.01975,0.02861,0.59915,-0.75743,-2.28587,0.20793,1.42243,-0.43083,1.8086,1.23738,-0.3424,-2.58091,-0.03513,-1.01215,-0.30733,-1.1797,0.21182,0.20281,0.20111,-2.00587,-0.04619,0.93667,1.3381,-0.47101,-1.96166,-3.0781,1.36254,1.08837,-1.73647,0.18018,1.43523,0.74041,0.08531,2.09966,-2.21277,0.23901,0.0536,-0.60059,0.98185,0.2166,0.02346,-2.00897,0.23635
g0401,-0.94684,-4.22155,1.53817,1.14409,-1.1753,-0.03776,-1.16239,0.63528,0.72899,-1.21211,-0.30788,-0.6222,-0.36758,0.72568,0.54086,-0.96582,-0.53415,-0.49513,-0.97284,0.79755,2.98033,-1.59416,-0.58616,-0.76084,-0.94756,-0.65946,1.24164,-0.7414,-1.81451,-2.51062,0.68285,0.96735,1.02379,-1.41554,0.06546,-0.21605,1.06888,1.36341,-0.17722,-0.43492,-0.16608,1.79721,1.22314,-0.60362,-0.47407,-0.43948,0.40351,1.59724,-1.07868,1.61221,0.62256,1.34449,-0.15077,0.80377,0.82649,-0.66578,-0.17106,1.59455,-0.53286,0.53525,0.42207,-1.26511,-1.63629,0.35284,0.39755,-0.82628,-0.987,0.33422,0.12485,0.72738,0.35325,0.42265,0.43576,0.61126,0.38707,1.05262,1.36332,-0.47163,0.14046,0.85554,-0.77298,-0.31163,-0.79933,-0.63331,0.48765,-0.10855,0.09163,0.52914,-0.70457,-2.09883,0.54321,1.66736,-0.14359,2.17998,1.04327,-0.38837,-2.68029,-0.01007,-0.79708,-0.01653,-0.68445,0.45669,-0.28399,0.58521,-1.92903,-0.30457,0.99916,1.14595,0.07455,-2.17769,-2.75342,0.77111,1.29559,-1.41214,0.50137,1.5384,0.82664,-0.09931,1.99464,-1.99335,0.25733,-0.4075,-0.8071,0.3881,-0.06724,0.46083,-2.07997,0.51808
g0402,-0.94098,-3.72221,1.69042,1.1903,-1.50696,0.2653,-1.08125,0.1182,0.70859,-0.82068,-0.45323,-0.69342,-0.048,0.47638,0.88811,-0.90843,-0.70019,-0.03039,-0.35197,1.71118,2.88875,-1.88345,-1.08674,-0.36775,-1.058,-1.16784,1.28911,-1.0051,-1.9678,-2.47866,0.64612,1.32244,1.16894,-1.0233,-0.32026,-0.06276,1.4702,1.28185,-0.30615,-0.39771,0.18318,1.66724,1.5752,-0.46328,-0.55378,-0.13414,0.38088,1.88712,-0.68853,0.88344,0.6942,1.33004,-0.23987,0.54793,0.58473,-0.86742,0.14751,1.64632,0.04011,0.73621,0.33198,-1.46091,-0.87547,0.49143,0.20989,-0.54058,-1.09379,0.38157,-0.16577,0.46534,0.11999,0.28707,0.27312,0.14565,0.06134,0.98297,1.24971,-0.45733,0.37761,0.82386,-0.89255,-0.12001,-1.02271,-1.00743,0.4194,0.00517,0.0584,0.61349,-0.74082,-2.23161,0.32449,1.41686,-0.42756,1.77499,1.20477,-0.43411,-2.54063,0.02169,-0.96494,-0.09166,-1.24628,0.2008,0.2002,0.20511,-1.92421,-0.03705,0.94873,1.35079,-0.41237,-1.92038,-3.11768,1.28536,1.13619,-1.636,0.10595,1.50881,0.82383,0.17014,2.08917,-2.1024,0.29659,0.0298,-0.64639,0.90522,0.3082,0.12175,-2.00724,0.20786
g0403,-0.97101,-3.74494,1.63449,1.25428,-1.51851,0.20707,-1.07233,0.19755,0.64755,-0.68929,-0.31905,-0.68596,-0.07315,0.32894,0.83591,-0.84996,-0.59324,-0.04583,-0.25902,1.78616,2.77585,-1.99571,-1.06566,-0.33542,-0.97951,-1.17337,1.29325,-1.15006,-1.98729,-2.45452,0.63126,1.33699,1.14875,-1.03114,-0.30615,-0.1019,1.41593,1.28592,-0.26097,-0.22473,0.18714,1.60853,1.50698,-0.52665,-0.51875,-0.15821,0.36115,2.07287,-0.864,0.9302,0.67292,1.34217,-0.26972,0.50221,0.5512,-0.84126,0.14179,1.7268,0.17401,0.65478,0.25567,-1.39786,-0.9313,0.45641,0.12205,-0.6273,-1.12212,0.48393,-0.1028,0.38461,0.12612,0.37158,0.27173,0.12103,0.03588,1.04737,1.15983,-0.46078,0.2226,0.82132,-0.80143,-0.09896,-1.03767,-0.89066,0.26961,0.02906,-0.05185,0.60995,-0.77261,-2.32906,0.4784,1.42214,-0.37449,1.89635,1.31871,-0.4074,-2.56186,0.04903,-1.0703,-0.12138,-1.21845,0.16871,0.16166,0.2257,-1.97119,0.05773,0.98912,1.40189,-0.37339,-2.00261,-2.95733,1.23004,1.1357,-1.64776,0.14363,1.454,0.87761,0.10667,2.1305,-2.21268,0.32913,-0.09355,-0.68004,0.91245,0.31493,0.13676,-1.94233,0.34692
g0404,-1.02523,-3.81432,1.61085,1.26491,-1.57062,0.39912,-1.05452,0.08613,0.50849,-0.62043,-0.63193,-0.68627,-0.00315,0.46722,0.88599,-0.89323,-0.7768,-0.0537,-0.16863,1.86669,2.82395,-1.93148,-1.13778,-0.33293,-0.92878,-1.02596,1.17963,-1.07512,-1.78121,-2.46081,0.51864,1.45031,1.23627,-1.18144,-0.3431,-0.066,1.55212,1.33127,-0.2806,-0.33681,0.21876,1.64737,1.54398,-0.43891,-0.59068,-0.12039,0.41733,1.8157,-0.67661,0.98648,0.57752,1.25993,-0.15651,0.50756,0.6537,-0.8815,0.13991,1.64236,0.1007,0.78768,0.35363,-1.36731,-0.93514,0.66682,0.1647,-0.53559,-1.00835,0.33375,-0.13824,0.53846,0.10006,0.34525,0.22893,0.2036,-0.01013,0.87371,1.20851,-0.46426,0.43516,0.75455,-0.80476,0.00557,-0.90929,-0.90968,0.27705,0.04805,-0.0129,0.555,-0.81812,-2.19005,0.19792,1.47382,-0.43663,1.79674,1.10254,-0.45289,-2.46058,0.02195,-1.07883,-0.2382,-1.17372,0.16923,0.14018,0.28526,-2.04282,-0.1359,0.93201,1.32741,-0.42576,-1.91935,-3.06363,1.40516,1.16137,-1.80855,0.26092,1.47244,0.68265,0.08723,2.17163,-2.10771,0.22911,0.02953,-0.63193,1.01715,0.25665,0.04698,-2.00314,0.22689
g0406,-0.4428,-3.14952,1.64949,0.62819,-0.53913,-0.50216,-1.36327,0.63056,0.26347,-1.13266,-1.08011,-0.46497,-0.16618,0.75292,0.16452,-1.05274,0.21775,-0.19107,-0.91316,-0.16639,3.20382,-1.16765,-0.06236,-1.67568,-1.01488,-0.76626,1.55819,-0.64492,-1.4607,-2.79027,1.20128,0.36607,0.72156,-0.57764,-1.72601,-0.67843,2.00372,1.7126,-0.25709,-0.46719,-0.39258,1.75264,1.31231,-0.66297,-0.64044,-0.6435,0.80166,2.27367,-0.99777,1.83555,0.69355,1.44901,-0.39408,1.00363,0.5891,-0.29435,0.24068,0.76753,-0.7384,0.22539,0.00269,-1.17875,-1.74797,-0.07808,0.86685,-1.26462,-0.94736,0.5878,-1.04957,0.50435,0.72379,0.49375,0.73581,0.41084,0.89117,0.81327,1.22948,-0.55751,0.00989,0.83614,-0.96196,-0.46927,-1.06924,0.48343,0.63887,-0.14596,0.08304,0.03928,0.05804,-1.57939,1.06552,1.40433,0.07052,2.84998,-0.03867,-0.73062,-2.67245,0.12942,-0.24921,-0.05971,-1.06735,0.28166,-0.61242,0.73866,-2.32804,-0.45392,0.61289,1.41392,0.04465,-1.51052,-1.66554,1.55837,0.46242,-1.81625,0.43119,0.48708,1.19072,-1.1076,1.52652,-1.57938,0.29311,-0.93805,-0.72435,0.2819,0.15805,1.37209,-1.53292,1.38198
g0407,-1.07848,-3.31387,1.63585,1.09611,-1.49441,0.39834,-1.08001,-0.80579,0.22639,-0.47212,-0.44838,-0.7462,0.18027,0.12944,0.94309,-0.82549,-0.76559,0.53989,-0.08922,1.9542,2.84506,-1.85131,-1.32816,-0.66252,-1.17251,-0.56042,0.8965,-1.33074,-1.96196,-1.87628,0.50554,1.49685,0.68124,-0.64759,-0.83402,-0.16332,1.63715,1.45904,-0.44789,-0.09216,0.70487,1.76045,2.06952,-0.53356,-0.64694,-0.03926,0.2632,1.81093,-0.40246,0.9421,0.80263,1.31815,-0.04451,0.52675,0.56032,-0.76734,0.01327,1.29624,0.32923,0.7739,0.39736,-1.26115,-0.49826,0.67835,0.18629,-0.54978,-1.19329,0.39082,-0.50108,0.46836,-0.09147,-0.03082,0.26344,-0.0544,-0.11084,1.07856,1.12155,-0.58957,0.2912,0.59487,-0.70638,-0.00854,-1.14172,-0.68127,0.4823,0.08816,-0.0291,0.37713,-0.68065,-1.78894,0.32491,1.4029,-0.44147,2.28298,0.91502,-0.78826,-2.72467,0.32157,-1.35345,-0.17962,-1.22677,0.08742,0.2327,0.14868,-1.9788,-0.23073,0.83774,1.52839,-0.59408,-1.38016,-3.07264,1.52117,1.12004,-1.65902,-0.03528,1.4371,0.53475,-0.47141,2.19951,-2.27532,0.35938,0.15261,-0.28666,1.06671,0.20422,0.14573,-2.09706,0.32756
g0408,-1.11152,-3.83356,1.68821,1.11286,-1.4245,0.23148,-0.95369,0.00528,0.74219,-0.67266,-0.11653,-0.74354,0.00373,0.45,0.80402,-0.74592,-0.84755,-0.07144,-0.42062,1.93618,2.68361,-1.87327,-1.00602,-0.34635,-0.84565,-0.82982,1.09598,-1.02547,-1.76747,-2.15676,0.49555,1.31175,1.08679,-1.19182,-0.23352,-0.20048,1.44173,1.2897,-0.17176,-0.19251,0.319,1.64038,1.805,-0.59273,-0.53235,-0.10964,0.39839,1.80638,-0.98159,1.01731,0.72114,1.32602,-0.24863,0.52092,0.6049,-1.01227,-0.18419,1.68519,0.0771,0.77443,0.31634,-1.43203,-1.01207,0.60672,0.289,-0.60598,-1.20859,0.47138,0.13052,0.46149,0.01635,0.34863,0.29818,0.2645,0.07347,0.89994,1.26131,-0.5907,0.1699,0.82005,-0.76445,-0.11513,-0.85271,-0.97244,0.32448,0.02767,0.07498,0.64194,-0.82478,-2.12758,0.27875,1.4387,-0.39306,1.98438,1.25673,-0.42547,-2.73602,-0.11135,-0.98331,-0.12394,-0.9767,0.21495,0.06285,0.26424,-1.94104,-0.06381,0.99207,1.19053,-0.41564,-1.95241,-3.1474,1.00743,1.25065,-1.55487,0.18385,1.50004,0.64485,0.08458,2.20473,-2.1961,0.27857,0.00041,-0.53206,0.80699,0.14256,0.03154,-2.12192,0.24366
g0409,-1.17359,-3.89591,1.78497,1.09282,-1.33725,0.16804,-0.90416,0.47056,0.92816,-0.78238,-0.02389,-0.622,-0.14242,0.58853,0.52678,-0.75786,-0.9009,-0.29744,-0.69791,1.64175,2.63728,-1.69496,-0.85016,-0.33666,-0.7926,-0.69747,1.18956,-0.83495,-1.80434,-2.04872,0.45622,1.26082,1.18624,-1.56787,-0.16126,-0.23622,1.42569,1.40182,0.0497,-0.0534,-0.00332,1.70473,1.83751,-0.81695,-0.37294,-0.28839,0.36291,1.80815,-1.39792,1.19543,0.58186,1.27877,-0.34136,0.61134,0.73511,-0.80843,-0.32413,1.61311,-0.16006,0.58814,0.31378,-1.51923,-1.35176,0.47865,0.37347,-0.77235,-1.2272,0.53304,0.43793,0.46186,0.05785,0.49081,0.45313,0.41108,0.28864,0.92389,1.29287,-0.65889,-0.16034,0.89257,-0.69075,-0.18047,-0.74119,-0.82357,0.22717,-0.0581,0.17029,0.59121,-0.69487,-2.19448,0.33342,1.50349,-0.24996,2.12657,1.25514,-0.15977,-2.90958,-0.32077,-0.76717,-0.04038,-0.84156,0.34985,-0.19679,0.26145,-1.77604,-0.08925,1.06428,1.19948,-0.25687,-2.13633,-3.0352,0.70742,1.30419,-1.535,0.25594,1.39165,0.70836,-0.04419,2.16879,-1.89946,0.15194,-0.14599,-0.58244,0.49111,0.0576,0.14922,-2.14793,0.30027
g0500,0.21748,-1.70649,1.01455,1.20699,-0.95736,0.95226,-1.29926,0.30317,-0.61216,-0.58069,-2.92816,-0.43518,-0.16192,0.76291,1.15705,-1.03353,0.17641,1.05203,0.60645,0.83843,3.4376,-1.66844,-0.7768,-1.58531,-1.24836,-0.91613,1.70514,-0.83043,-1.18921,-1.92797,0.90999,0.6798,-0.08097,-0.16216,-2.73543,0.03079,2.62822,0.8645,0.143,-0.33423,-0.6979,0.72096,0.52613,0.05714,-0.62905,-0.23162,0.37467,2.70245,0.31568,0.96459,-0.04929,0.96787,0.07069,1.05637,0.85551,-0.13945,1.67978,0.26169,-0.75874,0.67219,-0.42812,-1.52668,-0.98989,0.18924,-0.02559,-0.67437,-0.88922,0.77878,-1.68723,0.52182,0.87422,0.42542,0.8812,-0.57867,0.13828,0.78688,1.01792,-0.49356,0.63545,0.56451,-0.61677,-0.13342,-0.9641,0.72556,0.10209,0.01976,-0.35155,-0.64677,-0.40074,-1.28317,0.66378,0.92102,-0.24057,2.27991,-0.05782,-0.79452,-2.1304,0.37097,-0.70551,-0.64886,-2.15381,0.25603,-0.50297,0.46303,-2.42826,-0.61916,-0.1496,2.2879,-0.64363,-0.45117,-1.20735,3.32654,-0.07662,-2.98118,0.74625,-0.26041,0.75876,-1.21586,1.79709,-1.47057,-0.11108,-0.27521,-0.12133,1.2116,0.19361,1.0388,-0.85602,0.93805
g0501,-1.16062,-4.09766,1.64096,1.21314,-1.52973,0.27251,-0.97491,0.51532,0.90173,-0.83833,-0.10871,-0.49212,-0.17852,0.51449,0.64864,-0.75856,-0.75558,-0.34383,-0.62995,1.68007,2.69331,-1.73091,-0.81978,-0.42801,-0.72326,-0.8796,1.18092,-0.84765,-1.73586,-2.34351,0.48091,1.20823,1.213,-1.46723,-0.02475,-0.11886,1.33973,1.47938,-0.01529,-0.13086,-0.00167,1.74398,1.61969,-0.7427,-0.34216,-0.30134,0.34988,1.91814,-1.47674,1.23229,0.58951,1.29642,-0.30415,0.49791,0.71965,-0.87557,-0.14928,1.68401,-0.20854,0.56312,0.28994,-1.38822,-1.42843,0.35716,0.27844,-0.69418,-1.07338,0.4798,0.3915,0.57535,0.16709,0.48386,0.35826,0.43695,0.16901,0.84337,1.23691,-0.50583,-0.08873,0.87131,-0.65444,-0.12214,-0.74265,-0.75586,0.16496,-0.03464,0.1441,0.6452,-0.81201,-2.31193,0.42046,1.48051,-0.25208,1.9291,1.28351,-0.18181,-2.73992,-0.30331,-0.8194,-0.20874,-0.77366,0.29958,-0.09769,0.382,-1.77068,-0.05301,0.97965,1.19923,-0.26222,-2.26588,-2.99089,0.73411,1.32562,-1.62652,0.43709,1.51349,0.72842,0.01582,2.14641,-2.02221,0.16489,-0.16925,-0.68777,0.69611,0.11648,0.04157,-2.12645,0.30843
g0502,-1.06248,-3.94934,1.54632,1.29975,-1.5375,0.45931,-0.99629,0.17917,0.64401,-0.6856,-0.42301,-0.57924,-0.12171,0.41126,0.81789,-0.73383,-0.80848,-0.05058,-0.2921,2.06595,2.77321,-1.88446,-1.10855,-0.38894,-0.82708,-0.9444,1.10097,-0.98944,-1.81738,-2.31463,0.39104,1.38134,1.14148,-1.20864,-0.14711,-0.04256,1.37181,1.33897,-0.15737,-0.19069,0.16717,1.584,1.65972,-0.55008,-0.42956,-0.1036,0.36751,1.84969,-0.98,1.00655,0.63055,1.32783,-0.14658,0.48558,0.65141,-0.92522,0.05685,1.66335,0.00952,0.77422,0.36505,-1.48762,-0.9983,0.53684,0.21227,-0.50661,-1.03302,0.35717,0.09337,0.50718,0.0524,0.45599,0.21591,0.20325,-0.01554,0.74889,1.22528,-0.52139,0.21785,0.77646,-0.76621,-0.02979,-0.83258,-0.903,0.23488,0.05049,0.04258,0.62624,-0.91117,-2.23752,0.24712,1.48696,-0.39266,1.84228,1.24734,-0.40189,-2.64473,-0.09359,-0.96344,-0.30516,-1.04659,0.21822,0.17567,0.23083,-1.8828,-0.10703,0.96221,1.21189,-0.40968,-2.06414,-3.08718,1.12988,1.23091,-1.74621,0.40868,1.56912,0.65398,0.04906,2.23792,-2.09237,0.14946,0.01741,-0.58109,0.9904,0.12852,-0.09836,-2.03903,0.1993
g0503,-1.07294,-3.70155,1.60889,1.24179,-1.56799,0.35684,-1.05961,-0.05484,0.57269,-0.63709,-0.58997,-0.65325,-0.0025,0.43376,1.00059,-0.83931,-0.77478,0.08698,-0.24417,1.89599,2.89026,-1.89564,-1.13894,-0.36098,-0.97195,-0.99105,1.16226,-1.09881,-1.84309,-2.34329,0.51218,1.42546,1.12195,-1.06974,-0.4041,-0.02245,1.49941,1.35931,-0.26288,-0.30141,0.30927,1.62008,1.64782,-0.49429,-0.53974,-0.14438,0.382,1.85773,-0.68077,0.99167,0.63085,1.28156,-0.19427,0.49005,0.59604,-0.91918,0.13547,1.59667,0.11483,0.76382,0.33794,-1.38908,-0.84151,0.63191,0.17115,-0.53183,-1.06214,0.39254,-0.15221,0.49131,0.05385,0.25539,0.21923,0.16336,-0.0191,0.94998,1.17633,-0.48359,0.32631,0.77429,-0.76561,-0.02805,-0.93931,-0.87802,0.28899,0.03886,-0.05556,0.52691,-0.80911,-2.16278,0.29259,1.45611,-0.4345,1.86085,1.1784,-0.4663,-2.51201,0.02412,-1.12979,-0.21924,-1.17533,0.21976,0.20211,0.23386,-1.96095,-0.14265,0.8933,1.34553,-0.52939,-1.84962,-3.12445,1.38041,1.18824,-1.76643,0.14764,1.50974,0.65714,0.06352,2.22653,-2.18523,0.24325,0.06953,-0.57305,1.00784,0.24536,0.00942,-2.01461,0.21658
g0504,-0.9512,-3.52207,1.6793,1.2133,-1.55739,0.39288,-1.11155,-0.17568,0.26175,-0.49922,-0.9853,-0.6835,0.05359,0.33984,0.85416,-1.06415,-0.67715,0.21972,-0.14084,1.56948,2.99743,-1.89713,-1.14581,-0.66924,-1.1946,-0.84107,1.24092,-1.1661,-1.76469,-2.41959,0.65605,1.51327,1.01148,-0.98098,-0.89281,-0.14279,1.79845,1.51217,-0.41486,-0.32523,0.33414,1.83538,1.55638,-0.48795,-0.63531,-0.20662,0.40921,1.85808,-0.47057,1.0289,0.60292,1.31374,-0.05651,0.59455,0.73124,-0.71377,0.29561,1.41532,0.07365,0.66916,0.36647,-1.15368,-0.89704,0.71265,0.21983,-0.59115,-0.95802,0.35091,-0.53784,0.56408,0.16053,0.2131,0.39278,0.06995,0.06164,0.95602,1.22608,-0.42696,0.44085,0.68624,-0.73226,0.02416,-1.03962,-0.60238,0.31938,0.02705,0.05829,0.33306,-0.60103,-2.09895,0.24853,1.44392,-0.36836,2.04745,0.79253,-0.60281,-2.46953,0.17859,-1.1581,-0.25399,-1.31966,0.13442,0.07113,0.30536,-2.24904,-0.30904,0.83088,1.57591,-0.51685,-1.68407,-2.88557,1.7096,1.02699,-1.95325,0.1199,1.22265,0.73928,-0.38236,2.1056,-2.08954,0.19752,-0.04985,-0.50621,1.11054,0.17593,0.31428,-1.95649,0.37966
g0505,-1.0286,-3.86435,1.58735,1.20169,-1.49006,0.34366,-0.90519,0.04552,0.68135,-0.59606,-0.26865,-0.68093,0.0572,0.3449,0.85779,-0.67669,-0.74887,0.01753,-0.23999,2.16941,2.68338,-2.0438,-0.96366,-0.24474,-0.80007,-0.94299,1.10684,-1.05773,-1.87579,-2.2731,0.38226,1.38448,0.99409,-1.07339,-0.32818,-0.16036,1.33907,1.32935,-0.14783,-0.17573,0.32055,1.50925,1.66893,-0.61756,-0.38761,-0.01718,0.36702,1.87866,-0.94408,0.87532,0.6624,1.28628,-0.20523,0.43237,0.51634,-0.98552,-0.02558,1.64686,0.24554,0.76503,0.31173,-1.41875,-0.84619,0.56502,0.12794,-0.62073,-1.15061,0.46323,0.087,0.4717,0.06563,0.43989,0.14838,0.11272,0.00313,0.81104,1.15399,-0.58979,0.17923,0.78068,-0.76978,0.01826,-0.91195,-0.83832,0.10974,0.08348,0.01183,0.68792,-0.85126,-2.17618,0.33079,1.43498,-0.44681,1.91405,1.30327,-0.35108,-2.68176,-0.05705,-1.03155,-0.3218,-1.04007,0.19106,0.19982,0.20098,-1.90995,-0.00321,0.9631,1.21102,-0.46804,-1.9156,-3.17836,1.16171,1.18931,-1.64793,0.21456,1.52902,0.64051,0.12073,2.24822,-2.32213,0.28064,0.03069,-0.5434,1.01081,0.21219,-0.08906,-2.05521,0.24274
g0506,-1.27912,-4.2718,1.56635,1.43687,-1.4896,0.4256,-1.09956,0.41371,0.78237,-1.19367,-0.13519,-0.33459,-0.53994,0.77976,0.6162,-0.93877,-0.71785,-0.54485,-0.74707,1.12636,2.72519,-1.63201,-0.86421,-0.83214,-0.75494,-0.49318,1.00551,-0.87215,-1.49132,-2.07113,0.48488,0.87084,1.21295,-1.49429,0.43933,0.06453,1.3343,1.4399,-0.03759,-0.19776,-0.2701,1.89446,1.21893,-0.71437,-0.42845,-0.41685,0.23212,1.79704,-1.37325,1.69309,0.46714,1.15836,-0.04088,0.69578,0.78376,-0.87709,-0.03909,1.78961,-0.59037,0.54403,0.28999,-1.3968,-1.94904,0.23509,0.17114,-0.54145,-0.84625,0.59616,0.45791,0.93031,0.2775,0.47385,0.4928,0.57165,0.06893,0.94967,1.38194,-0.27946,0.04704,0.71422,-0.54185,-0.17284,-0.64556,-0.89822,0.53559,-0.14933,0.03215,0.6313,-0.97295,-2.14843,0.47875,1.62783,-0.19128,2.15539,1.14727,-0.48842,-2.85171,-0.26782,-0.99189,-0.13717,-0.6783,0.51411,-0.32303,0.58067,-1.78459,-0.20065,0.97796,1.20536,-0.12485,-2.25952,-2.59836,0.49556,1.35009,-1.59374,1.00244,1.70139,0.63484,-0.18246,1.82952,-2.06963,0.17341,0.027,-0.65,0.52862,-0.2382,0.15094,-2.09823,0.43928
g0507,-0.21214,-2.37101,1.08631,0.865,-0.39195,0.21181,-1.25603,1.66135,-0.19786,-0.92136,-2.24726,-0.63587,0.30611,1.06205,0.54129,-0.93887,0.06686,1.08104,0.0345,0.42109,3.00761,-1.41185,-0.39018,-0.61454,-0.9338,-0.74031,1.70589,-0.8276,-1.82297,-1.88917,1.01538,0.30184,0.34553,-0.72669,-2.24474,-0.04497,2.26177,0.78966,0.03505,0.09233,-0.68986,1.18585,1.35888,-0.37718,-0.85193,-0.77005,0.48471,2.58718,0.35315,1.27317,0.12955,0.65864,-0.42219,0.65041,0.63397,0.37867,0.9193,0.5699,-0.6148,0.42075,0.1202,-2.05361,-1.06918,0.0617,0.05306,-0.96933,-1.56456,1.28971,-0.45442,0.08087,0.39789,0.20524,0.41584,0.01254,0.84188,1.11471,0.60812,-0.83701,0.25378,0.85078,-0.97247,-0.35119,-0.63322,0.80392,-0.17343,-0.09,-0.39315,-0.63901,-0.17223,-1.4137,1.13871,1.28664,-0.08342,2.65162,0.39329,-0.50556,-2.49037,-0.22953,-0.87947,0.1684,-1.95141,0.2993,-1.17844,0.16177,-2.12595,-0.59263,0.4876,2.33174,-0.4294,-0.52901,-1.71768,2.72502,0.08176,-2.59565,-0.19192,-0.11024,1.1436,-1.17289,2.14954,-1.45287,0.03179,-0.67706,-0.67888,0.10733,1.25365,1.71224,-0.67934,1.41404
g0600,-0.98625,-4.03465,1.64814,1.26175,-1.30509,0.20577,-1.09407,0.77515,0.91227,-0.90844,0.20422,-0.47893,-0.42988,0.24418,0.44189,-0.74298,-0.51141,-0.31789,-0.69165,1.60023,2.58648,-1.83018,-0.76521,-0.46417,-0.75711,-1.04063,1.26476,-0.91653,-1.95348,-2.19133,0.64299,1.03889,1.2766,-1.28106,0.1305,-0.07885,1.29862,1.3246,-0.01219,-0.04885,-0.26333,1.67811,1.53276,-0.63065,-0.26652,-0.28012,0.26268,2.43972,-1.67908,1.29198,0.52097,1.31779,-0.41172,0.62268,0.73543,-0.6492,0.01302,1.84082,-0.21612,0.48324,0.04916,-1.57591,-1.50901,0.07552,0.23626,-0.63672,-1.1474,0.62774,0.26926,0.31058,0.24738,0.68241,0.49831,0.2651,0.14383,0.94769,1.15795,-0.4346,-0.2622,0.93009,-0.74139,-0.27476,-0.86342,-0.88258,0.31679,-0.07973,-0.03689,0.63995,-0.80148,-2.47154,0.68163,1.45317,-0.16365,2.07458,1.42843,-0.23206,-2.93015,-0.25694,-0.81614,-0.03315,-0.9388,0.37305,-0.17058,0.28555,-1.76669,0.18613,1.12427,1.38141,-0.07537,-2.50087,-2.59082,0.47068,1.17528,-1.47885,0.49578,1.35059,0.90372,-0.08477,2.00926,-2.06856,0.30817,-0.36828,-0.73994,0.53106,0.20588,0.16516,-1.99794,0.53159
g0601,-1.09524,-3.85222,1.58666,1.21297,-1.57305,0.4595,-1.03476,-0.25153,0.36997,-0.60751,-0.50541,-0.62909,0.02588,0.38935,0.80863,-0.78493,-0.86812,0.05654,-0.2367,2.00653,2.7946,-1.80525,-1.20796,-0.53294,-0.87123,-0.72012,0.9233,-1.03799,-1.69884,-2.29499,0.37667,1.54766,1.10114,-1.18234,-0.3625,-0.05189,1.61363,1.48965,-0.27086,-0.27516,0.34681,1.79748,1.86015,-0.43342,-0.58928,-0.05399,0.37517,1.6829,-0.80148,1.08986,0.57172,1.23448,-0.08315,0.47975,0.71054,-0.88736,-0.07588,1.44477,0.08795,0.80158,0.45867,-1.32499,-0.95279,0.7331,0.2698,-0.54843,-0.95405,0.24311,-0.13479,0.63322,0.06531,0.23586,0.25752,0.30092,-0.01829,0.7907,1.22191,-0.53227,0.34511,0.66876,-0.68611,0.04394,-0.83853,-0.81422,0.37903,0.04779,0.09681,0.48777,-0.83681,-1.98504,0.10086,1.49893,-0.39801,1.99962,0.9106,-0.61383,-2.5602,0.07285,-1.11165,-0.29754,-1.0114,0.15094,0.14776,0.35364,-1.95984,-0.39495,0.93589,1.27523,-0.4019,-1.82712,-3.15642,1.30859,1.25644,-1.80992,0.38117,1.57025,0.47319,-0.16915,2.14167,-2.05167,0.17533,0.12489,-0.48754,1.06443,0.04595,-0.07505,-2.18961,0.20849
g0602,-1.06456,-3.79497,1.56131,1.31191,-1.53335,0.39981,-1.00843,0.07018,0.62354,-0.67249,-0.33413,-0.56773,-0.09204,0.38971,0.91448,-0.70707,-0.7348,-0.00688,-0.30097,2.02514,2.80964,-1.92177,-1.17171,-0.48936,-0.89863,-0.93959,1.11805,-1.10882,-1.88492,-2.28967,0.48101,1.36066,1.05395,-1.07913,-0.24475,-0.0727,1.35283,1.35,-0.1543,-0.16626,0.21232,1.53208,1.69045,-0.53294,-0.43409,-0.16009,0.31864,2.04939,-1.01256,1.0321,0.66806,1.36022,-0.20119,0.52524,0.5955,-0.87408,0.0648,1.63374,0.0783,0.70869,0.30574,-1.44506,-0.91277,0.45259,0.17603,-0.54089,-1.08088,0.41458,0.02329,0.50196,0.09682,0.34508,0.29266,0.17922,-0.02954,0.8702,1.17706,-0.52757,0.1353,0.77996,-0.73067,-0.06701,-0.94909,-0.82958,0.24685,0.04207,-0.02352,0.58564,-0.82869,-2.21006,0.40364,1.47065,-0.36521,1.91481,1.29815,-0.44732,-2.6862,-0.00116,-1.08924,-0.31441,-1.05985,0.26373,0.18294,0.23817,-1.84881,-0.07822,0.90003,1.32791,-0.45945,-1.98384,-3.08827,1.17558,1.24809,-1.74067,0.25974,1.53255,0.66498,0.04034,2.22278,-2.14459,0.20718,-0.05479,-0.59423,0.9585,0.15825,-0.09113,-2.06117,0.21971
g0603,-1.13076,-3.89952,1.6728,1.22717,-1.49431,0.00879,-1.07427,0.18558,0.66142,-0.75591,0.01308,-0.52597,-0.17842,0.37223,0.69282,-0.80344,-0.54222,-0.29747,-0.51913,1.56232,2.67976,-1.78934,-0.99117,-0.74768,-0.83839,-0.87543,1.15695,-1.14721,-1.71756,-2.47637,0.63231,1.15537,1.14521,-1.21125,-0.11157,-0.17867,1.46201,1.43805,-0.21707,-0.12724,0.16761,1.82307,1.69997,-0.67384,-0.50985,-0.30968,0.35909,2.08813,-1.36416,1.30552,0.65971,1.36932,-0.28649,0.53339,0.61356,-0.84167,-0.13848,1.73903,-0.07248,0.4872,0.24914,-1.27993,-1.38461,0.37676,0.39215,-0.74728,-1.04943,0.48894,-0.0071,0.53828,0.21186,0.35839,0.46891,0.49292,0.11298,1.00581,1.18637,-0.43919,-0.02144,0.78981,-0.60131,-0.19014,-0.8828,-0.681,0.37705,-0.03425,0.0782,0.57207,-0.69504,-2.1952,0.55528,1.48791,-0.21574,2.12219,1.16727,-0.52461,-2.7057,-0.01581,-0.97255,-0.12443,-0.87465,0.23782,-0.02997,0.45332,-1.92807,-0.13861,1.03875,1.30199,-0.26613,-2.14946,-2.82766,0.88967,1.2518,-1.6734,0.39344,1.54612,0.78866,-0.11743,2.00667,-2.10206,0.30285,-0.23701,-0.7242,0.75501,0.03826,0.12101,-2.12929,0.53138
g0604,-1.08088,-4.26649,1.55187,1.04018,-1.01868,-0.07117,-0.93027,1.04254,0.97175,-0.93902,0.34465,-0.64485,-0.08518,0.57555,0.19602,-0.47919,-0.73289,-0.357,-0.77073,1.54376,2.47678,-1.65531,-0.53845,-0.12429,-0.38403,-0.58317,1.06936,-0.66928,-1.80484,-2.36044,0.36124,1.05331,1.29553,-1.61403,0.28141,-0.24403,1.12413,1.16292,0.0626,0.01917,-0.01452,1.32829,1.83391,-0.70935,-0.37345,-0.28035,0.59491,1.82695,-1.67398,1.51681,0.54356,1.13295,-0.41313,0.51653,0.73153,-0.81602,-0.55471,1.68082,-0.08993,0.56677,0.27093,-1.66072,-1.58822,0.42751,0.28861,-0.99254,-1.17934,0.43623,0.65896,0.34356,-0.03025,0.73687,0.28151,0.63555,0.41434,0.77553,1.10962,-0.701,-0.33787,1.04766,-0.65725,-0.34207,-0.44961,-0.59507,0.06541,0.00193,-0.03023,0.56472,-0.77716,-2.25384,0.50208,1.54069,-0.16389,2.03161,1.32484,0.07375,-2.85146,-0.31673,-0.7659,-0.03825,-0.68358,0.46532,-0.33898,0.3807,-1.73065,-0.26816,1.12194,0.90853,-0.05544,-2.4502,-2.84552,0.2922,1.46261,-1.3806,0.59114,1.48144,0.61089,0.22904,2.30633,-1.8836,0.12899,-0.39934,-0.7356,0.24891,0.13941,0.21076,-2.09713,0.56398
g0606,-1.0307,-3.67624,1.55955,1.23863,-1.569,0.48404,-1.03518,-0.08928,0.43215,-0.61077,-0.62024,-0.73635,0.14465,0.42669,0.97418,-0.79677,-0.82778,0.152,-0.0437,2.00532,2.85632,-1.92138,-1.32478,-0.32682,-0.95313,-0.96287,1.13768,-1.16165,-1.90391,-2.40129,0.50344,1.46822,1.10838,-0.96903,-0.3606,-0.05541,1.48891,1.28854,-0.29854,-0.29773,0.3456,1.51935,1.64212,-0.3549,-0.64972,-0.06633,0.39635,1.80642,-0.57352,0.91674,0.6847,1.25242,-0.12261,0.45231,0.59421,-0.923,0.16452,1.57376,0.23204,0.83969,0.37107,-1.40328,-0.75883,0.6741,0.05263,-0.49501,-1.0517,0.31345,-0.15731,0.51002,0.01302,0.24405,0.15817,0.10015,-0.09105,0.88226,1.13662,-0.49548,0.44029,0.70247,-0.77267,0.00192,-0.9621,-0.89846,0.30227,0.09486,-0.04241,0.53522,-0.8774,-2.12434,0.2552,1.45173,-0.4899,1.78092,1.16874,-0.5159,-2.4837,0.13008,-1.20924,-0.23497,-1.23189,0.14723,0.26255,0.21025,-1.95581,-0.11441,0.88055,1.3746,-0.52795,-1.75806,-3.12832,1.4763,1.1765,-1.79243,0.19041,1.52314,0.64015,0.11088,2.24433,-2.15654,0.23113,0.10051,-0.54232,1.06178,0.28709,-0.03925,-1.99228,0.13699
g0607,-1.3073,-4.24975,1.57126,1.37555,-1.4838,0.30583,-1.05492,0.87425,1.01203,-1.12405,0.34263,-0.31194,-0.37671,0.56819,0.43339,-0.63841,-0.68349,-0.57907,-0.70353,1.54261,2.63736,-1.70867,-1.03449,-0.43532,-0.45214,-0.85182,1.24391,-0.91025,-1.72659,-2.38798,0.50067,0.86387,1.32148,-1.21607,0.518,-0.20471,1.1988,1.26759,0.06787,0.05127,-0.28134,1.41148,1.36708,-0.67464,-0.42168,-0.33849,0.3607,2.24429,-1.75029,1.48742,0.57469,1.0906,-0.32136,0.47816,0.55063,-1.02595,-0.09601,1.98052,-0.28038,0.50403,0.07557,-1.59381,-1.81979,0.01194,0.0635,-0.61422,-0.98231,0.47734,0.64945,0.53008,0.11608,0.81242,0.44046,0.43217,0.07156,0.84141,1.19891,-0.38801,-0.19645,0.81598,-0.54902,-0.18991,-0.61714,-0.85419,0.38307,-0.02352,0.03697,0.69394,-0.91825,-2.51543,0.61241,1.48435,-0.1884,1.92934,1.44776,-0.1306,-2.88393,-0.28129,-0.89935,-0.18417,-0.78009,0.35899,-0.225,0.45354,-1.49514,0.00961,1.12117,1.12024,-0.15,-2.51554,-2.52048,0.32328,1.39123,-1.49908,1.02271,1.64082,0.85064,0.22574,2.08176,-1.91177,0.08399,-0.23904,-0.84776,0.47761,0.0608,0.12685,-1.97462,0.46047
g0608,-0.92054,-3.76169,1.50574,1.27353,-1.45285,0.58643,-1.0386,0.12403,0.44497,-0.46703,-0.98959,-0.73552,-0.03326,0.30757,1.03922,-0.83752,-0.86329,0.14021,-0.17036,2.01915,2.9826,-1.87918,-1.05868,-0.45295,-0.90952,-0.88853,1.19241,-0.92073,-1.73209,-2.41155,0.45819,1.60075,1.05411,-1.14997,-0.50753,-0.11092,1.60951,1.362,-0.19178,-0.43609,0.20527,1.63469,1.52738,-0.48408,-0.41597,-0.0906,0.37329,1.75086,-0.74506,0.93761,0.60523,1.38676,-0.10933,0.56908,0.81428,-0.81274,0.26801,1.45876,-0.0419,0.82103,0.31638,-1.33057,-0.91683,0.6878,0.34202,-0.52109,-1.01782,0.28281,-0.11058,0.50298,0.2071,0.46237,0.26935,0.14574,0.02627,0.61986,1.27088,-0.53576,0.35705,0.71818,-0.76899,-0.00913,-0.76097,-0.67078,0.06058,0.05798,0.10662,0.46517,-0.84354,-2.1602,0.09735,1.43853,-0.40211,1.79447,1.0792,-0.53795,-2.50855,0.01272,-0.88508,-0.43304,-1.12049,0.15373,0.15627,0.27101,-2.12274,-0.23478,0.82913,1.3313,-0.48209,-1.91264,-3.103,1.53364,1.11659,-1.98329,0.1439,1.3481,0.5862,-0.12217,2.22252,-2.13938,0.15222,-0.06153,-0.47641,1.10512,0.17898,-0.05998,-2.03172,0.16614
g0700,-1.0703,-3.68596,1.69283,1.2514,-1.59716,0.17173,-1.10844,0.22155,0.63117,-0.68352,-0.28522,-0.58859,-0.16357,0.38693,0.84528,-0.9556,-0.58559,-0.10406,-0.38233,1.55082,2.72969,-1.86405,-1.04441,-0.48104,-1.04944,-1.0844,1.32925,-1.20776,-1.83965,-2.23499,0.69749,1.24618,1.15005,-1.21043,-0.33973,-0.01642,1.60696,1.36585,-0.20702,-0.1463,0.07297,1.87139,1.57168,-0.59539,-0.54284,-0.32496,0.31971,2.1325,-1.02959,1.12797,0.55672,1.32582,-0.34262,0.54033,0.65348,-0.7345,0.09596,1.70697,-0.03956,0.52416,0.22949,-1.38257,-1.18858,0.45416,0.22151,-0.67234,-1.16244,0.64355,-0.01638,0.41568,0.16441,0.25189,0.41415,0.24933,0.07631,1.1881,1.19727,-0.41438,0.10172,0.856,-0.71966,-0.17961,-0.99492,-0.7977,0.30177,-0.03273,-0.01245,0.49459,-0.73914,-2.27292,0.537,1.44908,-0.29583,2.09361,1.21325,-0.42063,-2.61332,-0.08387,-1.0156,0.02752,-1.15168,0.20522,-0.06896,0.29779,-1.99157,0.03286,0.99647,1.52903,-0.33791,-1.99189,-2.81014,1.13276,1.15048,-1.72707,0.09941,1.3744,0.87291,-0.12367,2.06927,-2.16917,0.30583,-0.12366,-0.68123,0.81189,0.27266,0.26626,-1.96084,0.45649
g0701,-1.06045,-3.81464,1.52473,1.30315,-1.56673,0.52197,-0.99549,-0.01132,0.53724,-0.57522,-0.71585,-0.64118,-0.04575,0.39856,0.97309,-0.80277,-0.82215,0.10056,-0.16894,2.01639,2.84487,-1.97696,-1.11656,-0.33377,-0.88986,-0.96582,1.07735,-1.04153,-1.79511,-2.29208,0.40931,1.51277,1.08172,-1.16583,-0.42966,-0.04844,1.49253,1.40855,-0.21808,-0.24935,0.28142,1.55833,1.58237,-0.50861,-0.44456,-0.08189,0.38996,1.83945,-0.70697,0.94727,0.57132,1.25755,-0.08173,0.48588,0.63619,-0.93186,0.1585,1.60025,0.13222,0.81531,0.34184,-1.39709,-0.83482,0.62075,0.13115,-0.49325,-1.05587,0.34472,-0.08997,0.51234,0.05986,0.38188,0.14339,0.11175,-0.06204,0.81895,1.20881,-0.50758,0.36352,0.74315,-0.72168,0.0889,-0.90483,-0.82042,0.15601,0.06425,-0.05173,0.53176,-0.87026,-2.18697,0.18442,1.46535,-0.4433,1.81797,1.18966,-0.39196,-2.53065,-0.01833,-1.11472,-0.36856,-1.137,0.20337,0.22995,0.22541,-1.96766,-0.12976,0.88924,1.33753,-0.50907,-1.8905,-3.09633,1.40359,1.17529,-1.84608,0.2705,1.47321,0.60678,0.00601,2.26194,-2.19417,0.19442,0.10096,-0.55119,1.06714,0.19773,-0.06543,-2.01176,0.2116
g0702,-1.16799,-3.91014,1.66917,1.17564,-1.42518,0.19707,-0.93281,0.27793,0.63558,-0.53438,-0.22171,-0.5927,-0.03831,0.45617,0.62091,-0.71653,-0.78727,-0.14585,-0.37486,1.86933,2.55755,-1.90196,-0.95867,-0.35867,-0.71691,-0.74307,1.09178,-1.03206,-1.74819,-2.24365,0.41932,1.35761,1.26821,-1.44695,-0.24885,-0.12722,1.52493,1.44466,-0.08677,-0.1054,0.15128,1.72944,1.76968,-0.73763,-0.45863,-0.22426,0.4244,1.87448,-1.19587,1.21368,0.54336,1.24228,-0.22891,0.43726,0.65946,-0.81851,-0.1671,1.64745,0.08152,0.61917,0.3379,-1.38001,-1.24851,0.63871,0.24192,-0.77658,-1.07434,0.61052,0.19111,0.45907,0.05656,0.45776,0.3483,0.40445,0.10085,0.87985,1.15833,-0.56837,-0.00543,0.82583,-0.63241,-0.06451,-0.75091,-0.73992,0.13741,0.01641,0.00831,0.55851,-0.76158,-2.18116,0.35461,1.52399,-0.31377,2.13661,1.15619,-0.38478,-2.69983,-0.20486,-1.04502,-0.20189,-0.91713,0.27798,-0.10733,0.30506,-2.03288,-0.24636,1.01283,1.24408,-0.3812,-2.06713,-3.01036,1.01313,1.25368,-1.71053,0.35664,1.42992,0.62433,-0.1371,2.25499,-2.11095,0.21772,-0.10376,-0.5689,0.81022,0.11153,0.06319,-2.05666,0.4463
g0703,-1.11405,-3.9142,1.59813,1.21956,-1.49666,0.26814,-1.02009,0.21472,0.689,-0.70046,-0.286,-0.62326,-0.02815,0.44075,0.81849,-0.71157,-0.7791,-0.12993,-0.35289,1.97451,2.7722,-1.88051,-1.06377,-0.35646,-0.77164,-0.88591,1.16546,-1.00524,-1.81447,-2.44768,0.43508,1.31647,1.22799,-1.19869,-0.08261,-0.08948,1.38448,1.30231,-0.1554,-0.23349,0.21285,1.58165,1.68041,-0.58309,-0.49616,-0.16468,0.38601,1.85622,-1.02048,1.09533,0.66359,1.31182,-0.24619,0.47553,0.60299,-0.95204,-0.03462,1.68676,0.05341,0.71209,0.35193,-1.42853,-1.08824,0.59166,0.23483,-0.59945,-1.03779,0.4004,0.07248,0.50619,0.05982,0.41325,0.27042,0.29993,0.03356,0.81957,1.16158,-0.51146,0.1545,0.79985,-0.74872,-0.09071,-0.79539,-0.89135,0.28199,0.03644,-0.00105,0.65268,-0.85477,-2.21629,0.32024,1.48815,-0.37575,1.8369,1.24098,-0.42638,-2.58319,-0.07497,-1.00987,-0.23907,-0.97534,0.23711,0.12808,0.2947,-1.90781,-0.15031,0.99144,1.15964,-0.44343,-2.06294,-3.12397,1.07323,1.26386,-1.68548,0.33959,1.60022,0.65828,0.15265,2.23811,-2.12932,0.20408,-0.03734,-0.59337,0.92672,0.15629,-0.07035,-2.06254,0.23178
g0704,-0.91635,-4.11655,1.60831,1.27488,-1.31244,0.43908,-0.96995,0.74485,0.80841,-0.74034,-0.11931,-0.5848,-0.26082,0.47288,0.40596,-0.61667,-0.83028,-0.3047,-0.46146,2.10988,2.60346,-1.67424,-0.91204,-0.28161,-0.64411,-0.87559,1.17645,-0.74,-1.94257,-2.28023,0.36323,1.33911,1.29228,-1.52702,0.20405,-0.02549,1.15383,1.29135,0.05341,-0.12914,-0.13457,1.50598,1.75398,-0.65448,-0.2476,-0.17917,0.2503,1.93781,-1.45147,1.06114,0.59693,1.38255,-0.29308,0.55133,0.83685,-0.65168,-0.10276,1.63597,-0.16405,0.62297,0.29833,-1.66437,-1.20079,0.44108,0.29442,-0.63202,-1.07643,0.43797,0.53332,0.48932,0.125,0.64365,0.3586,0.31636,0.14616,0.55465,1.15763,-0.62007,-0.1345,0.86486,-0.8327,-0.21588,-0.73792,-0.82383,0.00209,-0.02902,0.15015,0.75047,-0.86246,-2.31322,0.29932,1.49595,-0.29903,1.7823,1.4033,-0.23925,-2.7738,-0.28995,-0.77136,-0.3949,-0.83502,0.38452,0.02615,0.18777,-1.72549,-0.05839,0.98517,1.17187,-0.15744,-2.41233,-3.07709,0.73752,1.30912,-1.60626,0.5385,1.48144,0.65755,0.13438,2.20341,-1.81228,0.11679,-0.23294,-0.59609,0.67585,0.12303,-0.12576,-2.1054,0.13451
g0705,-1.12278,-3.91555,1.57743,1.25196,-1.51425,0.18594,-1.00086,0.32958,0.66314,-0.55388,-0.13962,-0.56916,-0.04693,0.39558,0.73576,-0.64575,-0.71124,-0.16589,-0.29589,2.01087,2.66641,-1.9251,-1.05822,-0.36821,-0.67236,-0.92714,1.17411,-1.08358,-1.78102,-2.46835,0.4456,1.29244,1.2532,-1.27562,-0.06751,-0.08978,1.29351,1.32562,-0.09656,-0.13493,0.16082,1.52108,1.5989,-0.63136,-0.46912,-0.21826,0.38932,1.97916,-1.19425,1.18376,0.66105,1.31472,-0.2758,0.43229,0.60475,-0.89856,-0.06783,1.75006,0.12007,0.6404,0.26161,-1.39668,-1.16426,0.5517,0.17949,-0.69853,-1.03792,0.50758,0.14365,0.4675,0.0513,0.5093,0.30718,0.33082,0.02498,0.83277,1.12749,-0.50418,0.00718,0.79878,-0.65213,-0.09618,-0.82513,-0.77712,0.1078,0.03244,-0.06388,0.64474,-0.87534,-2.27488,0.43974,1.48817,-0.31862,1.90062,1.34674,-0.37733,-2.56266,-0.06221,-1.09691,-0.28996,-0.92338,0.24895,0.06709,0.33667,-1.98749,-0.10847,1.00864,1.17566,-0.39672,-2.16655,-2.99491,1.02036,1.24686,-1.68828,0.39476,1.54078,0.70569,0.14191,2.32246,-2.1786,0.22552,-0.16343,-0.65954,0.91185,0.12963,-0.06812,-2.00171,0.34556
g0707,-1.05039,-3.9944,1.64369,1.20392,-1.46818,0.26515,-0.93827,0.38205,0.83762,-0.77618,-0.12233,-0.60264,-0.09908,0.55466,0.65696,-0.68143,-0.76126,-0.29109,-0.38765,1.96991,2.64015,-1.8797,-0.99209,-0.26834,-0.71858,-1.01034,1.17179,-0.92484,-1.80524,-2.37223,0.4428,1.31927,1.2908,-1.38827,-0.00771,-0.06615,1.29972,1.26327,-0.06097,-0.23449,0.03027,1.52962,1.63684,-0.57405,-0.43067,-0.11929,0.39451,1.86302,-1.18458,1.00171,0.58231,1.26784,-0.27759,0.46214,0.59498,-0.92446,-0.13279,1.71797,0.00429,0.70013,0.33281,-1.51266,-1.16163,0.4769,0.18915,-0.63895,-1.06011,0.44625,0.28835,0.52251,0.0857,0.46397,0.31383,0.36556,0.06255,0.83652,1.22129,-0.56008,0.11588,0.84177,-0.79471,-0.09775,-0.83679,-0.98733,0.19801,0.03036,0.05605,0.73228,-0.84138,-2.25671,0.32477,1.47177,-0.3583,1.83445,1.3609,-0.26366,-2.67491,-0.2186,-0.93578,-0.25293,-0.96719,0.2902,0.0515,0.30347,-1.78826,-0.07248,1.00362,1.17917,-0.32253,-2.15108,-3.1481,0.947,1.30866,-1.63522,0.40221,1.5599,0.68484,0.25801,2.17763,-1.9917,0.18945,-0.03257,-0.68707,0.80055,0.1903,-0.05713,-2.06889,0.20771
g0708,-0.87815,-3.77882,1.65025,1.11611,-1.38009,0.04072,-1.0094,-0.1039,0.64433,-0.57975,0.0242,-0.63592,0.00254,0.10756,0.72937,-0.69619,-0.52797,-0.02933,-0.45088,1.94949,2.6604,-1.97829,-0.89377,-0.61269,-0.98646,-0.89198,0.99374,-1.07967,-1.97676,-2.39963,0.55636,1.38857,0.97536,-0.99271,-0.3808,-0.20568,1.35538,1.44942,-0.23768,-0.25353,0.34021,1.74805,1.90205,-0.70131,-0.3491,-0.07306,0.34541,2.01976,-1.17813,0.91239,0.70091,1.46965,-0.25404,0.57062,0.59087,-0.66858,-0.09464,1.47301,0.15167,0.57968,0.29618,-1.30285,-0.83146,0.39879,0.34156,-0.7409,-1.12871,0.42731,-0.19901,0.4905,0.2364,0.32289,0.35267,0.2508,0.09439,0.88194,1.10361,-0.61689,0.03269,0.78823,-0.77495,-0.11861,-1.04412,-0.65276,0.26053,0.0271,0.07046,0.63393,-0.6347,-2.03712,0.48875,1.43013,-0.30711,2.16446,1.14019,-0.5687,-2.78576,0.12724,-0.98466,-0.22242,-0.91695,0.16065,0.19036,0.27353,-1.9323,-0.05471,1.03457,1.29586,-0.28701,-1.97436,-3.1347,1.01897,1.18327,-1.5683,0.05477,1.49801,0.67279,-0.13933,2.11479,-2.26921,0.39314,-0.21275,-0.55963,0.9371,0.18906,-0.04238,-2.20579,0.36901
g0801,-1.31757,-4.19813,1.59258,1.33014,-1.63823,0.51109,-0.93268,0.58732,1.0243,-1.01577,0.07214,-0.31975,-0.22275,0.53882,0.6218,-0.69403,-0.82372,-0.37712,-0.62953,1.84761,2.68511,-1.80891,-0.95141,-0.24646,-0.57914,-0.89192,1.19813,-0.7972,-1.75854,-2.23124,0.33617,1.05451,1.29528,-1.23916,0.26452,-0.09616,1.37219,1.35377,0.07947,-0.05705,-0.22575,1.56783,1.43492,-0.68122,-0.34618,-0.15423,0.32493,2.01977,-1.4952,1.21556,0.4968,1.06924,-0.30096,0.38761,0.59438,-1.07483,-0.03743,1.80222,-0.19943,0.66879,0.26102,-1.58625,-1.5603,0.20452,0.02018,-0.54126,-0.99439,0.4635,0.57843,0.57894,0.11367,0.6917,0.30568,0.2922,0.0437,0.82774,1.25758,-0.45274,-0.06555,0.80335,-0.6674,-0.03323,-0.62582,-1.01846,0.34122,0.01715,0.10142,0.74501,-0.97299,-2.4812,0.40689,1.4561,-0.30576,1.87871,1.38419,-0.09023,-2.87483,-0.36659,-0.82701,-0.18371,-0.87249,0.27339,-0.09777,0.28681,-1.52662,-0.00793,1.06741,1.08563,-0.33584,-2.32447,-2.88309,0.52097,1.37451,-1.53908,0.82149,1.65287,0.73497,0.22115,2.09717,-2.01249,0.02892,0.04837,-0.69778,0.75782,0.08834,-0.03466,-2.02041,0.21441
g0805,-1.14934,-4.13722,1.53677,1.22666,-1.43669,0.47261,-0.9697,0.51934,0.78222,-0.75266,-0.24527,-0.57645,-0.13991,0.53854,0.64105,-0.61365,-0.93077,-0.255,-0.42446,2.12154,2.71486,-1.75937,-0.99261,-0.22669,-0.53368,-0.88679,1.1196,-0.76129,-1.79358,-2.32154,0.28983,1.3473,1.3306,-1.50644,0.15444,-0.00211,1.22382,1.30387,0.0598,-0.18651,-0.02858,1.46988,1.66285,-0.52335,-0.37381,-0.1498,0.33878,1.81344,-1.25235,1.15191,0.56407,1.2413,-0.27819,0.47933,0.74173,-0.92194,-0.13709,1.6382,-0.0997,0.75551,0.34316,-1.59668,-1.24437,0.51929,0.18401,-0.5627,-1.00929,0.3723,0.41189,0.55084,0.03607,0.55399,0.25685,0.36348,0.03371,0.65993,1.22789,-0.56271,0.04458,0.83046,-0.77274,-0.083,-0.6689,-0.92886,0.1057,0.03253,0.01885,0.69465,-0.96722,-2.25194,0.21315,1.49297,-0.3457,1.69269,1.333,-0.20037,-2.60834,-0.26609,-0.90882,-0.33871,-0.82285,0.33232,0.02312,0.3009,-1.72765,-0.11418,0.96211,1.08814,-0.31336,-2.25728,-3.17,0.86027,1.34661,-1.64469,0.53557,1.59366,0.56661,0.27148,2.32052,-1.92154,0.10139,-0.0479,-0.61429,0.81933,0.16229,-0.17021,-2.08631,0.09581
g0900,-0.97801,-3.72194,1.72075,1.29456,-1.4217,0.48963,-1.18872,0.27276,0.6947,-0.9124,-0.65754,-0.53588,-0.36699,0.43691,0.80195,-1.08976,-0.6633,-0.04729,-0.52226,1.36413,2.99376,-1.74914,-1.09145,-0.67483,-1.23708,-1.14604,1.34739,-1.01198,-1.86539,-2.18484,0.80142,1.24284,1.10731,-1.07438,-0.40308,0.02211,1.67451,1.41497,-0.23075,-0.29209,-0.10716,1.83552,1.487,-0.43403,-0.50244,-0.27229,0.31191,2.31532,-0.93091,1.11089,0.53556,1.34645,-0.20329,0.74338,0.73937,-0.69272,0.3657,1.62307,-0.33377,0.63146,0.17096,-1.52413,-1.15803,0.24829,0.27091,-0.40671,-1.02806,0.5119,-0.17664,0.44727,0.25152,0.33247,0.52551,0.15153,0.09914,1.05823,1.31649,-0.35991,0.25679,0.81748,-0.84777,-0.20514,-1.00675,-0.94024,0.52582,-0.09707,0.02249,0.38382,-0.75035,-2.27688,0.45921,1.4379,-0.28537,2.1115,1.05744,-0.45502,-2.79825,-0.10762,-0.85779,0.051,-1.30881,0.29609,-0.09009,0.25173,-1.92577,0.02531,0.90906,1.61138,-0.34054,-2.01577,-2.69902,1.19189,1.05213,-1.76777,0.29508,1.28114,0.89895,-0.28592,1.94489,-1.96219,0.19659,-0.07391,-0.61513,0.76104,0.18513,0.33359,-1.98781,0.34293
g0901,-1.06804,-3.77528,1.62768,1.21576,-1.56941,0.3562,-1.04079,-0.06853,0.4751,-0.60106,-0.40686,-0.61719,-0.00106,0.34905,0.83664,-0.8313,-0.76423,-0.0145,-0.25092,1.89212,2.78405,-1.83707,-1.14297,-0.53235,-0.92618,-0.80472,1.06987,-1.12629,-1.79961,-2.2726,0.50159,1.44574,1.1393,-1.17955,-0.35856,-0.10381,1.61606,1.4374,-0.24864,-0.20975,0.25465,1.786,1.77823,-0.54916,-0.54767,-0.14126,0.35514,1.86212,-0.96304,1.08819,0.63138,1.31577,-0.17738,0.52989,0.69933,-0.80855,0.02583,1.56489,0.02558,0.71995,0.36988,-1.32773,-1.02978,0.60735,0.26138,-0.59936,-1.0447,0.40863,-0.10974,0.53083,0.15354,0.27547,0.33666,0.26938,0.00655,0.90315,1.15481,-0.50814,0.18774,0.74329,-0.68763,-0.04551,-0.89317,-0.80285,0.3478,0.03356,0.04673,0.52566,-0.78276,-2.12765,0.29058,1.49003,-0.35228,2.04199,1.06875,-0.56193,-2.67566,0.02195,-1.07072,-0.21351,-1.04355,0.16637,0.10678,0.29953,-1.9842,-0.20452,0.9299,1.36303,-0.42873,-1.93336,-3.05496,1.22185,1.224,-1.79433,0.24504,1.47872,0.61535,-0.17703,2.14237,-2.09882,0.2159,-0.00554,-0.53779,0.97692,0.1133,-0.01729,-2.09688,0.28311
g0902,-0.94392,-3.59078,1.62065,1.27425,-1.46524,0.60999,-1.16513,-0.00939,0.51486,-0.76599,-0.82519,-0.71242,-0.1813,0.34559,0.96842,-1.05106,-0.72195,0.23282,-0.2394,1.6112,2.99888,-1.85692,-1.28709,-0.59883,-1.21595,-1.10309,1.27879,-1.13536,-1.96682,-2.22862,0.72626,1.40623,0.95366,-0.88276,-0.47916,-0.00258,1.67061,1.34846,-0.35588,-0.30349,0.22727,1.73216,1.55507,-0.35343,-0.56334,-0.17091,0.25842,2.11606,-0.56988,0.94236,0.70565,1.39434,-0.09195,0.65996,0.69757,-0.77675,0.38259,1.56681,-0.07879,0.74804,0.2325,-1.45123,-0.81367,0.44284,0.20152,-0.33819,-1.09907,0.39993,-0.27956,0.42627,0.14431,0.22052,0.38072,0.00453,0.00456,1.00283,1.28824,-0.39123,0.41242,0.72291,-0.80821,-0.11925,-1.07158,-0.92812,0.43749,-0.01477,0.04878,0.38775,-0.80246,-2.21212,0.34617,1.40411,-0.39578,1.92162,1.14504,-0.54132,-2.66695,0.09197,-1.05586,-0.08321,-1.37948,0.18704,0.13791,0.16042,-1.97826,0.02502,0.86189,1.6451,-0.46568,-1.81024,-2.87857,1.42905,1.04597,-1.80697,0.08561,1.36166,0.81551,-0.21877,2.03069,-2.08438,0.23487,0.02544,-0.51541,0.88634,0.25958,0.20414,-1.99533,0.22961
g0903,-1.02235,-3.96433,1.59563,1.23944,-1.46887,0.32824,-1.04417,0.33857,0.69904,-0.75266,-0.28881,-0.6171,-0.08563,0.38528,0.74611,-0.72019,-0.7788,-0.1587,-0.36249,2.02248,2.79787,-1.84524,-1.03321,-0.34942,-0.76703,-0.88145,1.20188,-0.93182,-1.87358,-2.4622,0.43007,1.3381,1.22007,-1.19412,-0.02837,-0.11431,1.33216,1.27941,-0.13122,-0.23081,0.12869,1.56556,1.67295,-0.58542,-0.4525,-0.15588,0.35701,1.83547,-1.06388,1.05405,0.67808,1.36505,-0.23825,0.52208,0.63943,-0.86516,0.00147,1.66531,0.0012,0.72228,0.36996,-1.49049,-1.06188,0.52549,0.27739,-0.57014,-1.04115,0.3404,0.09051,0.51559,0.07806,0.48946,0.27867,0.2516,0.06399,0.71674,1.1784,-0.53063,0.14002,0.79511,-0.815,-0.10396,-0.81078,-0.89246,0.2804,0.02535,0.05823,0.69802,-0.86263,-2.25889,0.2972,1.48635,-0.35914,1.7945,1.2435,-0.4274,-2.61841,-0.06794,-0.91268,-0.28909,-0.98113,0.21329,0.14685,0.26715,-1.86905,-0.11878,1.02121,1.13966,-0.36252,-2.15634,-3.14895,1.03567,1.23322,-1.67085,0.38315,1.59123,0.7036,0.12351,2.21303,-2.05069,0.16995,-0.06018,-0.58142,0.92678,0.15602,-0.09506,-2.06474,0.17875
g0905,-1.07646,-3.95295,1.61075,1.21223,-1.51968,0.29311,-1.00701,0.15456,0.622,-0.65328,-0.37404,-0.653,-0.03071,0.43695,0.77205,-0.81006,-0.74922,-0.1537,-0.28366,1.94635,2.7221,-1.94007,-1.05948,-0.35265,-0.826,-0.94063,1.14718,-1.03632,-1.76841,-2.45191,0.43689,1.36426,1.20745,-1.21657,-0.1615,-0.12077,1.47929,1.30846,-0.20841,-0.25603,0.22337,1.6607,1.62409,-0.55811,-0.51833,-0.09288,0.42923,1.77814,-0.93208,1.01691,0.62869,1.29993,-0.17185,0.48241,0.60778,-0.96246,-0.02721,1.66988,0.07102,0.74229,0.37351,-1.39658,-1.08469,0.63875,0.23348,-0.60233,-1.01785,0.36004,0.0176,0.51585,0.08466,0.43529,0.24741,0.28329,0.05216,0.82362,1.22596,-0.4979,0.26706,0.77909,-0.75166,-0.03273,-0.82628,-0.89542,0.28887,0.04715,0.06499,0.6342,-0.84364,-2.18564,0.23815,1.48335,-0.38875,1.87522,1.16814,-0.42465,-2.55194,-0.05476,-0.98014,-0.21916,-1.03324,0.16622,0.11369,0.30724,-1.99689,-0.14484,1.03342,1.17889,-0.38425,-2.03206,-3.06777,1.14665,1.2173,-1.71973,0.35369,1.58615,0.67041,0.07838,2.16095,-2.12967,0.20971,0.00492,-0.60373,0.95285,0.15378,-0.01146,-2.06003,0.27599
g0909,-1.08821,-4.08509,1.64451,1.16204,-1.39049,0.18552,-0.9881,0.49404,0.88411,-0.8131,-0.13747,-0.52042,-0.27492,0.40897,0.60282,-0.79879,-0.72074,-0.26728,-0.71032,1.68697,2.75852,-1.72393,-0.76682,-0.53688,-0.7535,-0.79398,1.22741,-0.8073,-1.68308,-2.24835,0.48091,1.21102,1.10196,-1.39789,-0.10382,-0.22118,1.38507,1.48835,-0.0109,-0.11161,-0.01904,1.752,1.63447,-0.82163,-0.29967,-0.23945,0.35364,1.95103,-1.54443,1.28598,0.5822,1.3899,-0.23086,0.52879,0.68928,-0.90571,-0.12052,1.65994,-0.26533,0.57455,0.27306,-1.38893,-1.51147,0.37182,0.45921,-0.72517,-1.1011,0.47212,0.32967,0.50062,0.20439,0.64467,0.43486,0.38026,0.25834,0.81093,1.28662,-0.55051,-0.11969,0.85721,-0.65778,-0.16292,-0.66917,-0.66876,0.19297,-0.03729,0.2384,0.54075,-0.7752,-2.33191,0.42094,1.48202,-0.23428,2.12422,1.18791,-0.29687,-2.86591,-0.239,-0.61087,-0.15718,-0.81336,0.24928,-0.15668,0.31173,-1.86013,-0.11455,1.05883,1.17978,-0.23997,-2.27632,-2.81871,0.71207,1.24759,-1.57402,0.53205,1.42799,0.76571,-0.20219,2.06123,-2.08579,0.1653,-0.24361,-0.60338,0.65704,-0.10309,0.11276,-2.1279,0.44997
g0101,-1.19122,-4.39372,1.49445,1.39822,-1.52545,0.54278,-0.92066,1.10363,1.11092,-1.13564,0.34192,-0.2706,-0.40063,0.61496,0.41112,-0.56031,-0.69538,-0.71991,-0.65268,1.91641,2.52944,-1.73051,-0.93553,-0.16831,-0.29964,-0.91613,1.32464,-0.65312,-1.77867,-2.30367,0.35477,0.90753,1.52421,-1.37153,0.78334,-0.10011,1.11633,1.19866,0.21556,-0.02644,-0.59323,1.29164,1.17349,-0.6117,-0.24017,-0.21236,0.20627,2.26467,-1.80248,1.3287,0.4341,1.00533,-0.37875,0.37567,0.6034,-0.96447,-0.02632,1.90713,-0.30681,0.53298,0.0879,-1.74767,-1.76057,0.04461,-0.08293,-0.56807,-0.9088,0.44418,0.91453,0.58305,0.19645,0.93444,0.40138,0.39116,0.04539,0.65894,1.17839,-0.45503,-0.24999,0.86286,-0.64224,-0.13716,-0.58604,-0.97061,0.29174,-0.00748,-0.06323,0.8755,-0.98351,-2.65978,0.59112,1.40946,-0.26768,1.59283,1.57634,0.02408,-2.80455,-0.42638,-0.80914,-0.33959,-0.64242,0.42765,-0.18241,0.33396,-1.36558,0.06251,1.08144,0.99382,-0.17148,-2.66902,-2.66437,0.14949,1.39881,-1.30584,1.17856,1.66987,0.75716,0.519,2.02275,-1.85095,0.02075,-0.14792,-0.80366,0.4767,0.17565,-0.06863,-1.9488,0.19766
g0309,-1.24226,-4.06805,1.66902,1.20979,-1.56103,0.45954,-0.87734,0.4144,1.00812,-0.885,-0.11218,-0.45808,-0.16656,0.47678,0.68388,-0.75419,-0.86696,-0.2765,-0.59693,1.90234,2.69234,-1.84899,-0.85249,-0.17099,-0.69926,-0.92468,1.17983,-0.73114,-1.80141,-2.1289,0.36022,1.25174,1.31114,-1.34363,-0.00969,-0.06887,1.42726,1.41967,0.05325,-0.19349,-0.15849,1.69617,1.51144,-0.68941,-0.28823,-0.10022,0.30551,1.90726,-1.32591,1.07636,0.47185,1.14388,-0.29094,0.42773,0.66526,-0.97338,-0.02293,1.6924,-0.16116,0.71668,0.34039,-1.50553,-1.36553,0.35994,0.11874,-0.57551,-1.06197,0.48887,0.42958,0.53563,0.11845,0.58834,0.29423,0.25953,0.07858,0.83881,1.26703,-0.52637,0.00843,0.84592,-0.78971,0.00036,-0.69902,-1.05951,0.28481,0.00315,0.11023,0.73003,-0.89548,-2.39539,0.323,1.44094,-0.36242,1.89357,1.29925,-0.1445,-2.83767,-0.3991,-0.77503,-0.1497,-0.91889,0.25726,-0.0582,0.20844,-1.6579,-0.01358,1.02466,1.16178,-0.37275,-2.20393,-3.08158,0.69248,1.311,-1.52476,0.50784,1.55498,0.6959,0.13838,2.12819,-2.0768,0.12583,0.0771,-0.60934,0.81183,0.15997,-0.03842,-2.07314,0.15627
g0509,-1.09807,-4.08645,1.61008,1.17888,-1.44244,0.33564,-0.92836,0.47284,0.93997,-0.82344,-0.00263,-0.55232,-0.09417,0.50134,0.62356,-0.56083,-0.86906,-0.24613,-0.52101,2.09793,2.67142,-1.75392,-0.8937,-0.26032,-0.58181,-0.86677,1.1344,-0.74188,-1.82699,-2.30599,0.31107,1.27172,1.2602,-1.41543,0.13345,-0.02141,1.1741,1.28151,0.05062,-0.19784,-0.00867,1.49915,1.73925,-0.63969,-0.31123,-0.13237,0.32665,1.79308,-1.35558,1.07346,0.59984,1.254,-0.33514,0.45624,0.674,-0.92445,-0.19473,1.62661,-0.11094,0.70886,0.34701,-1.58475,-1.25513,0.43426,0.22618,-0.64082,-1.06486,0.40482,0.44681,0.57242,0.04517,0.53043,0.28128,0.36737,0.06943,0.70136,1.20472,-0.59778,-0.02762,0.84383,-0.81899,-0.13302,-0.71136,-0.92313,0.15587,0.01911,0.08762,0.76016,-0.89956,-2.24207,0.29442,1.46089,-0.34599,1.79896,1.36842,-0.19747,-2.73512,-0.27943,-0.82673,-0.31894,-0.82811,0.34328,0.04283,0.29766,-1.63432,-0.10608,0.97582,1.06943,-0.32039,-2.23486,-3.23223,0.74786,1.37605,-1.55635,0.49471,1.61813,0.60284,0.28229,2.26561,-1.96888,0.13455,-0.0463,-0.61268,0.81085,0.12605,-0.15771,-2.12064,0.1203
g0800,-1.04148,-3.63806,1.62441,1.31153,-1.55888,0.44335,-1.12156,-0.06459,0.47608,-0.61271,-0.74127,-0.61935,-0.12137,0.32788,0.97364,-0.99438,-0.70991,0.12543,-0.26991,1.67556,2.97189,-1.86895,-1.10963,-0.62621,-1.08407,-0.96792,1.24006,-1.16831,-1.80524,-2.28154,0.64014,1.39906,0.99359,-0.97202,-0.58277,-0.10102,1.66274,1.47478,-0.30182,-0.26762,0.26456,1.77301,1.56241,-0.55075,-0.52701,-0.22212,0.31784,2.04438,-0.75476,1.06899,0.66209,1.36989,-0.14323,0.60748,0.67428,-0.82681,0.28433,1.60442,-0.00721,0.69577,0.24258,-1.30344,-0.94089,0.49704,0.25074,-0.48878,-1.0546,0.46061,-0.27044,0.495,0.17659,0.30768,0.37268,0.08876,0.01771,0.96084,1.2457,-0.41625,0.29472,0.71799,-0.72369,-0.04974,-0.98566,-0.76468,0.29896,0.00402,0.03545,0.4128,-0.74328,-2.21803,0.35711,1.43992,-0.35663,2.0182,1.08148,-0.56598,-2.64628,0.06078,-1.06624,-0.20685,-1.23701,0.17414,0.12071,0.24861,-2.06926,-0.06744,0.86331,1.522,-0.49566,-1.85249,-2.88793,1.41789,1.06797,-1.86151,0.15072,1.33774,0.77013,-0.2413,2.07795,-2.18389,0.24006,-0.03656,-0.55433,0.99945,0.16144,0.15596,-1.99066,0.32788
g0803,-0.96507,-3.76204,1.66358,1.17281,-1.51676,0.14149,-1.07518,-0.02237,0.42169,-0.53779,-0.40889,-0.70616,0.01348,0.27239,0.82027,-0.92117,-0.56496,-0.0898,-0.2196,1.72205,2.69177,-1.98518,-1.02024,-0.54136,-1.01852,-0.92149,1.13998,-1.19455,-1.79982,-2.455,0.57794,1.41108,1.14184,-1.18414,-0.46809,-0.18038,1.73842,1.38041,-0.34233,-0.26182,0.27307,1.87227,1.69973,-0.52847,-0.56435,-0.16509,0.37408,1.92525,-0.86598,1.03392,0.56733,1.33237,-0.22892,0.56756,0.68568,-0.72112,0.01106,1.54205,0.13629,0.59314,0.32875,-1.19429,-1.01048,0.65955,0.3081,-0.72291,-1.05614,0.42411,-0.30972,0.48511,0.27096,0.24739,0.3727,0.29163,0.08777,1.03367,1.14734,-0.47996,0.26146,0.77581,-0.72612,-0.05174,-0.99145,-0.70161,0.36162,0.02683,-0.02531,0.52511,-0.62897,-2.10746,0.32943,1.46696,-0.31474,2.09649,0.98511,-0.55715,-2.51949,0.09911,-1.07294,-0.13988,-1.09567,0.15222,0.0387,0.3772,-2.14928,-0.21138,1.0089,1.40782,-0.35413,-1.91607,-2.97236,1.32487,1.14463,-1.77888,0.10744,1.41149,0.69324,-0.21887,2.04205,-2.16567,0.33221,-0.12864,-0.60025,0.97398,0.23125,0.15067,-2.08825,0.45793
g0804,-1.29167,-4.11217,1.59474,1.18326,-1.23,-0.3777,-1.00081,0.66185,0.68868,-0.71937,1.02929,-0.43511,-0.20858,0.38338,0.11743,-0.34696,-0.40554,-0.63304,-0.64223,1.56983,2.13284,-1.7759,-0.86458,-0.72654,-0.24255,-0.40468,0.93775,-1.20446,-1.57128,-2.33785,0.40723,0.73569,1.27939,-1.33392,0.49099,-0.23383,1.20429,1.15674,-0.02353,0.34959,0.06463,1.58851,1.84744,-0.79507,-0.47657,-0.43987,0.48118,2.15964,-2.0565,1.7342,0.59002,1.15285,-0.41013,0.51995,0.56753,-0.8404,-0.65246,1.83446,0.03372,0.22743,0.10075,-1.33528,-1.97882,0.2355,0.38761,-1.044,-1.08062,0.5661,0.44447,0.43622,0.0189,0.62148,0.53605,0.78342,0.11279,0.9783,0.99406,-0.48682,-0.5668,0.86882,-0.37626,-0.34036,-0.56653,-0.32953,0.3402,-0.001,-0.19708,0.59868,-0.71351,-2.14387,0.79047,1.5534,0.0162,2.346,1.276,-0.36313,-2.78626,-0.11082,-1.03303,-0.08379,-0.49682,0.38079,-0.34834,0.63662,-1.85057,-0.22626,1.3342,1.00882,0.0552,-2.51076,-2.40065,0.09832,1.38045,-1.44108,0.86188,1.57288,0.69639,-0.0844,2.06008,-2.08659,0.32154,-0.5304,-0.86106,0.34476,-0.13304,0.19451,-2.09767,0.93116
g0206,-1.17524,-4.14716,1.5058,1.43526,-1.54547,0.75678,-0.93245,0.73766,0.89418,-0.96377,-0.13625,-0.36067,-0.3975,0.50269,0.606,-0.7073,-0.81305,-0.31147,-0.49257,2.07026,2.76996,-1.7383,-1.07493,-0.22646,-0.55724,-0.99936,1.3307,-0.73933,-1.95972,-2.18061,0.39176,1.22295,1.35714,-1.27612,0.31217,-0.02062,1.19957,1.33427,0.16045,-0.09976,-0.40014,1.38764,1.26558,-0.53188,-0.24192,-0.19516,0.15515,2.2489,-1.41684,1.1269,0.54136,1.18209,-0.2616,0.45044,0.69213,-0.92603,0.15993,1.76958,-0.24024,0.6538,0.22645,-1.71655,-1.31507,0.20329,-0.0979,-0.44364,-0.97545,0.4704,0.64635,0.5282,0.12744,0.74779,0.33521,0.16764,-0.00125,0.68664,1.25487,-0.48147,-0.07946,0.8573,-0.77538,-0.06379,-0.77286,-1.02523,0.20315,0.0053,-0.03898,0.75256,-1.01748,-2.60848,0.46879,1.42491,-0.35018,1.63528,1.54066,-0.10864,-2.7784,-0.344,-0.88064,-0.37457,-0.89867,0.36377,-0.016,0.15835,-1.50327,0.07608,0.96102,1.19618,-0.30385,-2.43753,-2.89536,0.60916,1.31595,-1.48301,0.82928,1.57015,0.7567,0.32031,2.16037,-1.92003,0.02593,-0.06163,-0.67974,0.69657,0.22447,-0.09764,-1.95315,0.0421
g0307,-0.91937,-4.1537,1.54889,0.95471,-0.85202,-0.39003,-0.94705,1.0624,0.98119,-0.8182,0.80448,-0.70331,-0.10894,0.39617,0.10481,-0.34607,-0.47003,-0.54101,-0.73714,1.62194,2.22881,-1.78581,-0.48667,-0.24616,-0.35859,-0.70789,1.01434,-0.74742,-1.92513,-2.4764,0.48261,0.94754,1.31831,-1.55509,0.44747,-0.31787,1.04253,1.05877,0.06207,-0.01529,-0.04204,1.32239,1.9179,-0.72627,-0.26672,-0.25118,0.50506,2.12773,-1.94338,1.40003,0.61872,1.22601,-0.52277,0.59921,0.74628,-0.5968,-0.6071,1.68708,0.01821,0.40142,0.10637,-1.62128,-1.51675,0.20585,0.38864,-1.12376,-1.23133,0.55637,0.58096,0.26893,0.17551,0.71309,0.43063,0.72044,0.3848,0.83635,0.93558,-0.73375,-0.53973,1.05741,-0.6272,-0.4719,-0.54989,-0.50971,0.0552,-0.03389,-0.17156,0.65632,-0.64399,-2.18268,0.72098,1.46377,-0.07437,2.08055,1.48165,-0.06167,-2.87703,-0.20288,-0.76668,-0.02712,-0.55343,0.46665,-0.27584,0.42158,-1.72352,-0.12111,1.19112,0.95263,0.09278,-2.56453,-2.76447,0.09527,1.42501,-1.23961,0.40994,1.45876,0.64041,0.28729,2.20077,-1.95805,0.32521,-0.64086,-0.77305,0.15552,0.21373,0.09199,-2.16255,0.68083
g0706,-1.09707,-3.96099,1.49926,1.36027,-1.57967,0.4189,-1.02338,0.30488,0.53828,-0.71004,-0.22959,-0.49695,-0.10558,0.4111,0.79998,-0.6387,-0.73971,-0.13432,-0.25633,2.04499,2.75893,-1.80762,-1.19461,-0.54138,-0.7299,-0.88816,1.11203,-1.08625,-1.82777,-2.39476,0.41904,1.28448,1.19451,-1.25184,-0.004,-0.02654,1.30929,1.34653,-0.11085,-0.08635,0.08797,1.51088,1.64841,-0.49554,-0.46353,-0.2181,0.30278,2.06992,-1.2403,1.25758,0.63246,1.32127,-0.22861,0.47532,0.67896,-0.84884,0.02617,1.70675,0.01343,0.67375,0.32184,-1.45398,-1.16177,0.48515,0.16183,-0.58836,-0.98473,0.4035,0.13687,0.54976,0.11392,0.44363,0.29477,0.32628,-0.05576,0.77886,1.11866,-0.48808,0.0344,0.78575,-0.66742,-0.10126,-0.82885,-0.78865,0.2021,0.05247,-0.07502,0.60264,-0.91236,-2.2896,0.44308,1.52224,-0.31418,1.83096,1.29267,-0.42228,-2.62801,-0.03569,-1.05657,-0.34418,-0.94941,0.30027,0.10213,0.32996,-1.85729,-0.13145,0.89872,1.24108,-0.39544,-2.17865,-2.97275,1.02743,1.30404,-1.77069,0.52948,1.57678,0.63911,0.06399,2.27582,-2.04921,0.14237,-0.13655,-0.66652,0.94725,0.1028,-0.14317,-2.02654,0.27034
g0802,-0.11123,-3.14037,1.50327,0.81648,-0.78796,0.06939,-1.42328,0.96826,0.28976,-0.96828,-1.72434,-0.43704,-0.34715,0.83703,0.61042,-1.14067,0.13767,-0.02389,-0.61109,0.20151,3.34022,-1.22657,-0.15622,-1.57019,-1.25732,-1.16967,1.75439,-0.45168,-1.2349,-2.71511,1.25326,0.74828,0.65408,-0.85302,-1.62558,-0.34701,2.11765,1.4702,-0.11832,-0.73536,-0.71935,1.6354,0.90423,-0.3272,-0.51225,-0.60771,0.6024,2.50273,-0.97549,1.61539,0.38157,1.46307,-0.27328,1.09273,0.89814,-0.15632,0.68298,0.78685,-1.03455,0.42731,-0.12769,-1.31946,-1.72925,0.02661,0.81273,-0.9973,-0.93899,0.5429,-1.03823,0.58466,0.94521,0.55871,0.82818,0.26007,0.81861,0.66357,1.34277,-0.46129,0.25659,0.85086,-0.95311,-0.40845,-0.96457,0.27419,0.31463,-0.18459,-0.04279,-0.11551,-0.30919,-1.92017,0.70196,1.28396,-0.01483,2.33143,0.13488,-0.61933,-2.47567,0.07519,-0.17601,-0.32357,-1.23503,0.42077,-0.58107,0.84865,-2.50777,-0.40437,0.4504,1.6835,-0.01471,-1.64477,-1.63938,1.83547,0.41988,-2.10547,0.5465,0.20499,1.0712,-0.90594,1.55189,-1.53402,0.14104,-0.84397,-0.58264,0.50157,0.14976,1.09637,-1.54616,1.01812
g0904,-1.04114,-3.81082,1.61386,1.25411,-1.54065,0.18913,-1.04466,0.061,0.50509,-0.50242,-0.36864,-0.64667,-0.08758,0.25899,0.80032,-0.86705,-0.56956,-0.05807,-0.21253,1.85202,2.65513,-2.04085,-1.00842,-0.48696,-0.94245,-0.9966,1.16358,-1.21795,-1.78028,-2.36754,0.52321,1.37556,1.10528,-1.17304,-0.38382,-0.11418,1.60441,1.37738,-0.27405,-0.16726,0.26727,1.80976,1.61213,-0.62016,-0.49987,-0.14413,0.35914,2.01052,-0.9501,1.03215,0.59011,1.34813,-0.20087,0.51349,0.61935,-0.82676,0.04932,1.67286,0.15203,0.60381,0.29919,-1.27307,-1.04964,0.6007,0.24443,-0.68507,-1.0626,0.5353,-0.15604,0.42247,0.18509,0.37297,0.33618,0.24344,0.04161,0.99065,1.17498,-0.46562,0.18011,0.78186,-0.68595,-0.04604,-0.93037,-0.73887,0.21812,0.03575,-0.01394,0.5367,-0.75423,-2.19889,0.39583,1.47278,-0.32962,2.08628,1.12116,-0.49274,-2.57447,0.03015,-1.04971,-0.15259,-1.11,0.13764,0.06283,0.29515,-2.14526,-0.09038,1.02741,1.38084,-0.3743,-1.97717,-2.88952,1.22926,1.10802,-1.78078,0.2007,1.43423,0.7412,-0.16023,2.0852,-2.2723,0.30286,-0.09825,-0.6159,0.99375,0.18081,0.10877,-2.01727,0.49174
g0908,-0.42545,-2.66182,1.54161,0.51219,-0.83868,0.0045,-1.30431,-0.2014,-0.12216,-0.88187,-1.1251,-0.36493,0.17944,0.35231,0.51312,-1.13077,0.11992,0.50078,-0.57629,0.10223,3.32726,-1.11894,-0.18135,-1.92834,-1.40788,-0.57486,1.31785,-0.9099,-1.57211,-2.0694,1.17024,0.49935,0.20285,-0.11891,-2.54341,-0.61855,2.41379,1.86158,-0.27516,-0.27403,-0.13561,1.84784,1.47562,-0.57018,-0.64995,-0.50384,0.47891,2.47031,-0.80051,1.54477,0.57175,1.32855,-0.47634,0.8877,0.76194,-0.19174,0.52542,0.41129,-0.70236,0.2114,-0.18258,-1.02512,-1.39302,-0.01799,0.4771,-1.08993,-1.12259,0.84523,-1.23208,0.5704,0.89745,0.09895,0.84653,-0.07594,0.62827,1.04782,1.07768,-0.54405,-0.10014,0.73616,-0.78,-0.32171,-1.24572,0.65399,0.61586,-0.05819,0.07873,-0.14301,0.04188,-1.30406,1.18695,1.23032,0.00042,3.24816,-0.10439,-0.78012,-2.91721,0.32281,-0.5508,0.00718,-1.17673,0.17219,-0.67828,0.6313,-2.296,-0.2013,0.30615,1.96117,-0.26169,-0.94751,-1.65219,1.83021,0.3849,-1.91257,0.09598,0.20539,0.9115,-1.63001,1.58605,-1.91912,0.3884,-0.68204,-0.40459,0.65477,0.27495,1.37756,-1.56247,1.20878
